ISO-10303-21;
HEADER;
FILE_DESCRIPTION(('Open CASCADE Model'),'2;1');
FILE_NAME('tr5000_trash_rocket','2026-06-11T20:27:41',('Author'),(
    'Open CASCADE'),'Open CASCADE STEP processor 7.8','cadpy','Unknown'
  );
FILE_SCHEMA(('AUTOMOTIVE_DESIGN { 1 0 10303 214 1 1 1 1 }'));
ENDSEC;
DATA;
#1 = APPLICATION_PROTOCOL_DEFINITION('international standard',
  'automotive_design',2000,#2);
#2 = APPLICATION_CONTEXT(
  'core data for automotive mechanical design processes');
#3 = SHAPE_DEFINITION_REPRESENTATION(#4,#10);
#4 = PRODUCT_DEFINITION_SHAPE('','',#5);
#5 = PRODUCT_DEFINITION('design','',#6,#9);
#6 = PRODUCT_DEFINITION_FORMATION('','',#7);
#7 = PRODUCT('tr5000_trash_rocket','tr5000_trash_rocket','',(#8));
#8 = PRODUCT_CONTEXT('',#2,'mechanical');
#9 = PRODUCT_DEFINITION_CONTEXT('part definition',#2,'design');
#10 = SHAPE_REPRESENTATION('',(#11,#15,#19,#23,#27,#31,#35,#39,#43,#47,
    #51,#55,#59,#63,#67,#71,#75,#79,#83,#87,#91,#95,#99,#103,#107,#111,
    #115,#119,#123,#127,#131,#135,#139,#143),#147);
#11 = AXIS2_PLACEMENT_3D('',#12,#13,#14);
#12 = CARTESIAN_POINT('',(0.,0.,0.));
#13 = DIRECTION('',(0.,0.,1.));
#14 = DIRECTION('',(1.,0.,-0.));
#15 = AXIS2_PLACEMENT_3D('',#16,#17,#18);
#16 = CARTESIAN_POINT('',(-5.1943E+03,0.,650.24));
#17 = DIRECTION('',(0.,0.,1.));
#18 = DIRECTION('',(1.,0.,-0.));
#19 = AXIS2_PLACEMENT_3D('',#20,#21,#22);
#20 = CARTESIAN_POINT('',(-1.2192E+03,0.,650.24));
#21 = DIRECTION('',(0.,0.,1.));
#22 = DIRECTION('',(1.,0.,-0.));
#23 = AXIS2_PLACEMENT_3D('',#24,#25,#26);
#24 = CARTESIAN_POINT('',(-152.4,0.,650.24));
#25 = DIRECTION('',(0.,0.,1.));
#26 = DIRECTION('',(1.,0.,-0.));
#27 = AXIS2_PLACEMENT_3D('',#28,#29,#30);
#28 = CARTESIAN_POINT('',(-914.4,127.,431.8));
#29 = DIRECTION('',(0.,0.,1.));
#30 = DIRECTION('',(1.,0.,-0.));
#31 = AXIS2_PLACEMENT_3D('',#32,#33,#34);
#32 = CARTESIAN_POINT('',(-4.2164E+03,0.,406.4));
#33 = DIRECTION('',(0.,0.,1.));
#34 = DIRECTION('',(1.,0.,-0.));
#35 = AXIS2_PLACEMENT_3D('',#36,#37,#38);
#36 = CARTESIAN_POINT('',(-4.2164E+03,1.14808E+03,406.4));
#37 = DIRECTION('',(0.,0.,1.));
#38 = DIRECTION('',(1.,0.,-0.));
#39 = AXIS2_PLACEMENT_3D('',#40,#41,#42);
#40 = CARTESIAN_POINT('',(-4.2164E+03,-1.14808E+03,406.4));
#41 = DIRECTION('',(0.,0.,1.));
#42 = DIRECTION('',(1.,0.,-0.));
#43 = AXIS2_PLACEMENT_3D('',#44,#45,#46);
#44 = CARTESIAN_POINT('',(-5.1308E+03,0.,406.4));
#45 = DIRECTION('',(0.,0.,1.));
#46 = DIRECTION('',(1.,0.,-0.));
#47 = AXIS2_PLACEMENT_3D('',#48,#49,#50);
#48 = CARTESIAN_POINT('',(-5.1308E+03,1.14808E+03,406.4));
#49 = DIRECTION('',(0.,0.,1.));
#50 = DIRECTION('',(1.,0.,-0.));
#51 = AXIS2_PLACEMENT_3D('',#52,#53,#54);
#52 = CARTESIAN_POINT('',(-5.1308E+03,-1.14808E+03,406.4));
#53 = DIRECTION('',(0.,0.,1.));
#54 = DIRECTION('',(1.,0.,-0.));
#55 = AXIS2_PLACEMENT_3D('',#56,#57,#58);
#56 = CARTESIAN_POINT('',(-4.6736E+03,1.1684E+03,876.3));
#57 = DIRECTION('',(0.,0.,1.));
#58 = DIRECTION('',(1.,0.,-0.));
#59 = AXIS2_PLACEMENT_3D('',#60,#61,#62);
#60 = CARTESIAN_POINT('',(-4.6736E+03,-1.1684E+03,876.3));
#61 = DIRECTION('',(0.,0.,1.));
#62 = DIRECTION('',(1.,0.,-0.));
#63 = AXIS2_PLACEMENT_3D('',#64,#65,#66);
#64 = CARTESIAN_POINT('',(-1.27E+03,977.9,0.));
#65 = DIRECTION('',(0.,0.,1.));
#66 = DIRECTION('',(1.,0.,-0.));
#67 = AXIS2_PLACEMENT_3D('',#68,#69,#70);
#68 = CARTESIAN_POINT('',(-1.27E+03,-977.9,0.));
#69 = DIRECTION('',(0.,0.,1.));
#70 = DIRECTION('',(1.,0.,-0.));
#71 = AXIS2_PLACEMENT_3D('',#72,#73,#74);
#72 = CARTESIAN_POINT('',(-7.7724E+03,977.9,0.));
#73 = DIRECTION('',(0.,0.,1.));
#74 = DIRECTION('',(1.,0.,-0.));
#75 = AXIS2_PLACEMENT_3D('',#76,#77,#78);
#76 = CARTESIAN_POINT('',(-7.7724E+03,-977.9,0.));
#77 = DIRECTION('',(0.,0.,1.));
#78 = DIRECTION('',(1.,0.,-0.));
#79 = AXIS2_PLACEMENT_3D('',#80,#81,#82);
#80 = CARTESIAN_POINT('',(-3.6576E+03,0.,726.44));
#81 = DIRECTION('',(0.,0.,1.));
#82 = DIRECTION('',(1.,0.,-0.));
#83 = AXIS2_PLACEMENT_3D('',#84,#85,#86);
#84 = CARTESIAN_POINT('',(-3.2512E+03,0.,1.00584E+03));
#85 = DIRECTION('',(0.,0.,1.));
#86 = DIRECTION('',(1.,0.,-0.));
#87 = AXIS2_PLACEMENT_3D('',#88,#89,#90);
#88 = CARTESIAN_POINT('',(-3.6576E+03,508.,1.183E+03));
#89 = DIRECTION('',(0.,0.743144825477,0.669130606359));
#90 = DIRECTION('',(1.,0.,-0.));
#91 = AXIS2_PLACEMENT_3D('',#92,#93,#94);
#92 = CARTESIAN_POINT('',(-3.6576E+03,-508.,1.183E+03));
#93 = DIRECTION('',(0.,-0.743144825477,0.669130606359));
#94 = DIRECTION('',(1.,0.,0.));
#95 = AXIS2_PLACEMENT_3D('',#96,#97,#98);
#96 = CARTESIAN_POINT('',(-3.884E+03,0.,1.256E+03));
#97 = DIRECTION('',(0.685818352927,-0.,0.727772757657));
#98 = DIRECTION('',(0.727772757657,0.,-0.685818352927));
#99 = AXIS2_PLACEMENT_3D('',#100,#101,#102);
#100 = CARTESIAN_POINT('',(-3.242E+03,0.,1.938E+03));
#101 = DIRECTION('',(0.685818352927,-0.,0.727772757657));
#102 = DIRECTION('',(0.727772757657,0.,-0.685818352927));
#103 = AXIS2_PLACEMENT_3D('',#104,#105,#106);
#104 = CARTESIAN_POINT('',(-5.4864E+03,0.,726.44));
#105 = DIRECTION('',(0.,0.,1.));
#106 = DIRECTION('',(1.,0.,-0.));
#107 = AXIS2_PLACEMENT_3D('',#108,#109,#110);
#108 = CARTESIAN_POINT('',(-8.255E+03,0.,726.44));
#109 = DIRECTION('',(0.,0.,1.));
#110 = DIRECTION('',(1.,0.,-0.));
#111 = AXIS2_PLACEMENT_3D('',#112,#113,#114);
#112 = CARTESIAN_POINT('',(-3.6576E+03,0.,1.64084E+03));
#113 = DIRECTION('',(0.,0.,1.));
#114 = DIRECTION('',(1.,0.,-0.));
#115 = AXIS2_PLACEMENT_3D('',#116,#117,#118);
#116 = CARTESIAN_POINT('',(-2.835E+03,0.,2.362E+03));
#117 = DIRECTION('',(-0.626603811364,-0.,0.779337964931));
#118 = DIRECTION('',(0.779337964931,0.,0.626603811364));
#119 = AXIS2_PLACEMENT_3D('',#120,#121,#122);
#120 = CARTESIAN_POINT('',(-2.012E+03,0.,2.9464E+03));
#121 = DIRECTION('',(0.,0.,1.));
#122 = DIRECTION('',(1.,0.,-0.));
#123 = AXIS2_PLACEMENT_3D('',#124,#125,#126);
#124 = CARTESIAN_POINT('',(-506.,0.,2.685E+03));
#125 = DIRECTION('',(0.766044443119,-0.,0.642787609687));
#126 = DIRECTION('',(0.642787609687,0.,-0.766044443119));
#127 = AXIS2_PLACEMENT_3D('',#128,#129,#130);
#128 = CARTESIAN_POINT('',(-3.2512E+03,0.,3.4798E+03));
#129 = DIRECTION('',(0.,0.,1.));
#130 = DIRECTION('',(1.,0.,-0.));
#131 = AXIS2_PLACEMENT_3D('',#132,#133,#134);
#132 = CARTESIAN_POINT('',(-4.4704E+03,0.,3.4798E+03));
#133 = DIRECTION('',(0.,0.,1.));
#134 = DIRECTION('',(1.,0.,-0.));
#135 = AXIS2_PLACEMENT_3D('',#136,#137,#138);
#136 = CARTESIAN_POINT('',(-4.8768E+03,0.,3.4798E+03));
#137 = DIRECTION('',(0.,0.,1.));
#138 = DIRECTION('',(1.,0.,-0.));
#139 = AXIS2_PLACEMENT_3D('',#140,#141,#142);
#140 = CARTESIAN_POINT('',(-5.0292E+03,0.,3.4798E+03));
#141 = DIRECTION('',(0.,0.,1.));
#142 = DIRECTION('',(1.,0.,-0.));
#143 = AXIS2_PLACEMENT_3D('',#144,#145,#146);
#144 = CARTESIAN_POINT('',(0.,0.,0.));
#145 = DIRECTION('',(0.,0.,1.));
#146 = DIRECTION('',(1.,0.,-0.));
#147 = ( GEOMETRIC_REPRESENTATION_CONTEXT(3) 
GLOBAL_UNCERTAINTY_ASSIGNED_CONTEXT((#151)) GLOBAL_UNIT_ASSIGNED_CONTEXT
((#148,#149,#150)) REPRESENTATION_CONTEXT('Context #1',
  '3D Context with UNIT and UNCERTAINTY') );
#148 = ( LENGTH_UNIT() NAMED_UNIT(*) SI_UNIT(.MILLI.,.METRE.) );
#149 = ( NAMED_UNIT(*) PLANE_ANGLE_UNIT() SI_UNIT($,.RADIAN.) );
#150 = ( NAMED_UNIT(*) SI_UNIT($,.STERADIAN.) SOLID_ANGLE_UNIT() );
#151 = UNCERTAINTY_MEASURE_WITH_UNIT(LENGTH_MEASURE(2.E-07),#148,
  'distance_accuracy_value','confusion accuracy');
#152 = PRODUCT_RELATED_PRODUCT_CATEGORY('part',$,(#7));
#153 = SHAPE_DEFINITION_REPRESENTATION(#154,#160);
#154 = PRODUCT_DEFINITION_SHAPE('','',#155);
#155 = PRODUCT_DEFINITION('design','',#156,#159);
#156 = PRODUCT_DEFINITION_FORMATION('','',#157);
#157 = PRODUCT('trailer_frame','trailer_frame','',(#158));
#158 = PRODUCT_CONTEXT('',#2,'mechanical');
#159 = PRODUCT_DEFINITION_CONTEXT('part definition',#2,'design');
#160 = ADVANCED_BREP_SHAPE_REPRESENTATION('',(#11,#161),#491);
#161 = MANIFOLD_SOLID_BREP('',#162);
#162 = CLOSED_SHELL('',(#163,#283,#383,#430,#477,#484));
#163 = ADVANCED_FACE('',(#164),#178,.F.);
#164 = FACE_BOUND('',#165,.F.);
#165 = EDGE_LOOP('',(#166,#201,#229,#257));
#166 = ORIENTED_EDGE('',*,*,#167,.F.);
#167 = EDGE_CURVE('',#168,#170,#172,.T.);
#168 = VERTEX_POINT('',#169);
#169 = CARTESIAN_POINT('',(-3.3655E+03,-1.016E+03,-76.2));
#170 = VERTEX_POINT('',#171);
#171 = CARTESIAN_POINT('',(-3.3655E+03,-1.016E+03,76.2));
#172 = SURFACE_CURVE('',#173,(#177,#189),.PCURVE_S1.);
#173 = LINE('',#174,#175);
#174 = CARTESIAN_POINT('',(-3.3655E+03,-1.016E+03,-76.2));
#175 = VECTOR('',#176,1.);
#176 = DIRECTION('',(0.,0.,1.));
#177 = PCURVE('',#178,#183);
#178 = PLANE('',#179);
#179 = AXIS2_PLACEMENT_3D('',#180,#181,#182);
#180 = CARTESIAN_POINT('',(-3.3655E+03,-1.016E+03,-76.2));
#181 = DIRECTION('',(1.,0.,0.));
#182 = DIRECTION('',(0.,0.,1.));
#183 = DEFINITIONAL_REPRESENTATION('',(#184),#188);
#184 = LINE('',#185,#186);
#185 = CARTESIAN_POINT('',(0.,0.));
#186 = VECTOR('',#187,1.);
#187 = DIRECTION('',(1.,0.));
#188 = ( GEOMETRIC_REPRESENTATION_CONTEXT(2) 
PARAMETRIC_REPRESENTATION_CONTEXT() REPRESENTATION_CONTEXT('2D SPACE',''
  ) );
#189 = PCURVE('',#190,#195);
#190 = PLANE('',#191);
#191 = AXIS2_PLACEMENT_3D('',#192,#193,#194);
#192 = CARTESIAN_POINT('',(-3.3655E+03,-1.016E+03,-76.2));
#193 = DIRECTION('',(0.,1.,0.));
#194 = DIRECTION('',(0.,0.,1.));
#195 = DEFINITIONAL_REPRESENTATION('',(#196),#200);
#196 = LINE('',#197,#198);
#197 = CARTESIAN_POINT('',(0.,0.));
#198 = VECTOR('',#199,1.);
#199 = DIRECTION('',(1.,0.));
#200 = ( GEOMETRIC_REPRESENTATION_CONTEXT(2) 
PARAMETRIC_REPRESENTATION_CONTEXT() REPRESENTATION_CONTEXT('2D SPACE',''
  ) );
#201 = ORIENTED_EDGE('',*,*,#202,.T.);
#202 = EDGE_CURVE('',#168,#203,#205,.T.);
#203 = VERTEX_POINT('',#204);
#204 = CARTESIAN_POINT('',(-3.3655E+03,1.016E+03,-76.2));
#205 = SURFACE_CURVE('',#206,(#210,#217),.PCURVE_S1.);
#206 = LINE('',#207,#208);
#207 = CARTESIAN_POINT('',(-3.3655E+03,-1.016E+03,-76.2));
#208 = VECTOR('',#209,1.);
#209 = DIRECTION('',(0.,1.,0.));
#210 = PCURVE('',#178,#211);
#211 = DEFINITIONAL_REPRESENTATION('',(#212),#216);
#212 = LINE('',#213,#214);
#213 = CARTESIAN_POINT('',(0.,0.));
#214 = VECTOR('',#215,1.);
#215 = DIRECTION('',(0.,-1.));
#216 = ( GEOMETRIC_REPRESENTATION_CONTEXT(2) 
PARAMETRIC_REPRESENTATION_CONTEXT() REPRESENTATION_CONTEXT('2D SPACE',''
  ) );
#217 = PCURVE('',#218,#223);
#218 = PLANE('',#219);
#219 = AXIS2_PLACEMENT_3D('',#220,#221,#222);
#220 = CARTESIAN_POINT('',(-3.3655E+03,-1.016E+03,-76.2));
#221 = DIRECTION('',(0.,0.,1.));
#222 = DIRECTION('',(1.,0.,0.));
#223 = DEFINITIONAL_REPRESENTATION('',(#224),#228);
#224 = LINE('',#225,#226);
#225 = CARTESIAN_POINT('',(0.,0.));
#226 = VECTOR('',#227,1.);
#227 = DIRECTION('',(0.,1.));
#228 = ( GEOMETRIC_REPRESENTATION_CONTEXT(2) 
PARAMETRIC_REPRESENTATION_CONTEXT() REPRESENTATION_CONTEXT('2D SPACE',''
  ) );
#229 = ORIENTED_EDGE('',*,*,#230,.T.);
#230 = EDGE_CURVE('',#203,#231,#233,.T.);
#231 = VERTEX_POINT('',#232);
#232 = CARTESIAN_POINT('',(-3.3655E+03,1.016E+03,76.2));
#233 = SURFACE_CURVE('',#234,(#238,#245),.PCURVE_S1.);
#234 = LINE('',#235,#236);
#235 = CARTESIAN_POINT('',(-3.3655E+03,1.016E+03,-76.2));
#236 = VECTOR('',#237,1.);
#237 = DIRECTION('',(0.,0.,1.));
#238 = PCURVE('',#178,#239);
#239 = DEFINITIONAL_REPRESENTATION('',(#240),#244);
#240 = LINE('',#241,#242);
#241 = CARTESIAN_POINT('',(0.,-2.032E+03));
#242 = VECTOR('',#243,1.);
#243 = DIRECTION('',(1.,0.));
#244 = ( GEOMETRIC_REPRESENTATION_CONTEXT(2) 
PARAMETRIC_REPRESENTATION_CONTEXT() REPRESENTATION_CONTEXT('2D SPACE',''
  ) );
#245 = PCURVE('',#246,#251);
#246 = PLANE('',#247);
#247 = AXIS2_PLACEMENT_3D('',#248,#249,#250);
#248 = CARTESIAN_POINT('',(-3.3655E+03,1.016E+03,-76.2));
#249 = DIRECTION('',(0.,1.,0.));
#250 = DIRECTION('',(0.,0.,1.));
#251 = DEFINITIONAL_REPRESENTATION('',(#252),#256);
#252 = LINE('',#253,#254);
#253 = CARTESIAN_POINT('',(0.,0.));
#254 = VECTOR('',#255,1.);
#255 = DIRECTION('',(1.,0.));
#256 = ( GEOMETRIC_REPRESENTATION_CONTEXT(2) 
PARAMETRIC_REPRESENTATION_CONTEXT() REPRESENTATION_CONTEXT('2D SPACE',''
  ) );
#257 = ORIENTED_EDGE('',*,*,#258,.F.);
#258 = EDGE_CURVE('',#170,#231,#259,.T.);
#259 = SURFACE_CURVE('',#260,(#264,#271),.PCURVE_S1.);
#260 = LINE('',#261,#262);
#261 = CARTESIAN_POINT('',(-3.3655E+03,-1.016E+03,76.2));
#262 = VECTOR('',#263,1.);
#263 = DIRECTION('',(0.,1.,0.));
#264 = PCURVE('',#178,#265);
#265 = DEFINITIONAL_REPRESENTATION('',(#266),#270);
#266 = LINE('',#267,#268);
#267 = CARTESIAN_POINT('',(152.4,0.));
#268 = VECTOR('',#269,1.);
#269 = DIRECTION('',(0.,-1.));
#270 = ( GEOMETRIC_REPRESENTATION_CONTEXT(2) 
PARAMETRIC_REPRESENTATION_CONTEXT() REPRESENTATION_CONTEXT('2D SPACE',''
  ) );
#271 = PCURVE('',#272,#277);
#272 = PLANE('',#273);
#273 = AXIS2_PLACEMENT_3D('',#274,#275,#276);
#274 = CARTESIAN_POINT('',(-3.3655E+03,-1.016E+03,76.2));
#275 = DIRECTION('',(0.,0.,1.));
#276 = DIRECTION('',(1.,0.,0.));
#277 = DEFINITIONAL_REPRESENTATION('',(#278),#282);
#278 = LINE('',#279,#280);
#279 = CARTESIAN_POINT('',(0.,0.));
#280 = VECTOR('',#281,1.);
#281 = DIRECTION('',(0.,1.));
#282 = ( GEOMETRIC_REPRESENTATION_CONTEXT(2) 
PARAMETRIC_REPRESENTATION_CONTEXT() REPRESENTATION_CONTEXT('2D SPACE',''
  ) );
#283 = ADVANCED_FACE('',(#284),#298,.T.);
#284 = FACE_BOUND('',#285,.T.);
#285 = EDGE_LOOP('',(#286,#316,#339,#362));
#286 = ORIENTED_EDGE('',*,*,#287,.F.);
#287 = EDGE_CURVE('',#288,#290,#292,.T.);
#288 = VERTEX_POINT('',#289);
#289 = CARTESIAN_POINT('',(3.3655E+03,-1.016E+03,-76.2));
#290 = VERTEX_POINT('',#291);
#291 = CARTESIAN_POINT('',(3.3655E+03,-1.016E+03,76.2));
#292 = SURFACE_CURVE('',#293,(#297,#309),.PCURVE_S1.);
#293 = LINE('',#294,#295);
#294 = CARTESIAN_POINT('',(3.3655E+03,-1.016E+03,-76.2));
#295 = VECTOR('',#296,1.);
#296 = DIRECTION('',(0.,0.,1.));
#297 = PCURVE('',#298,#303);
#298 = PLANE('',#299);
#299 = AXIS2_PLACEMENT_3D('',#300,#301,#302);
#300 = CARTESIAN_POINT('',(3.3655E+03,-1.016E+03,-76.2));
#301 = DIRECTION('',(1.,0.,0.));
#302 = DIRECTION('',(0.,0.,1.));
#303 = DEFINITIONAL_REPRESENTATION('',(#304),#308);
#304 = LINE('',#305,#306);
#305 = CARTESIAN_POINT('',(0.,0.));
#306 = VECTOR('',#307,1.);
#307 = DIRECTION('',(1.,0.));
#308 = ( GEOMETRIC_REPRESENTATION_CONTEXT(2) 
PARAMETRIC_REPRESENTATION_CONTEXT() REPRESENTATION_CONTEXT('2D SPACE',''
  ) );
#309 = PCURVE('',#190,#310);
#310 = DEFINITIONAL_REPRESENTATION('',(#311),#315);
#311 = LINE('',#312,#313);
#312 = CARTESIAN_POINT('',(0.,6.731E+03));
#313 = VECTOR('',#314,1.);
#314 = DIRECTION('',(1.,0.));
#315 = ( GEOMETRIC_REPRESENTATION_CONTEXT(2) 
PARAMETRIC_REPRESENTATION_CONTEXT() REPRESENTATION_CONTEXT('2D SPACE',''
  ) );
#316 = ORIENTED_EDGE('',*,*,#317,.T.);
#317 = EDGE_CURVE('',#288,#318,#320,.T.);
#318 = VERTEX_POINT('',#319);
#319 = CARTESIAN_POINT('',(3.3655E+03,1.016E+03,-76.2));
#320 = SURFACE_CURVE('',#321,(#325,#332),.PCURVE_S1.);
#321 = LINE('',#322,#323);
#322 = CARTESIAN_POINT('',(3.3655E+03,-1.016E+03,-76.2));
#323 = VECTOR('',#324,1.);
#324 = DIRECTION('',(0.,1.,0.));
#325 = PCURVE('',#298,#326);
#326 = DEFINITIONAL_REPRESENTATION('',(#327),#331);
#327 = LINE('',#328,#329);
#328 = CARTESIAN_POINT('',(0.,0.));
#329 = VECTOR('',#330,1.);
#330 = DIRECTION('',(0.,-1.));
#331 = ( GEOMETRIC_REPRESENTATION_CONTEXT(2) 
PARAMETRIC_REPRESENTATION_CONTEXT() REPRESENTATION_CONTEXT('2D SPACE',''
  ) );
#332 = PCURVE('',#218,#333);
#333 = DEFINITIONAL_REPRESENTATION('',(#334),#338);
#334 = LINE('',#335,#336);
#335 = CARTESIAN_POINT('',(6.731E+03,0.));
#336 = VECTOR('',#337,1.);
#337 = DIRECTION('',(0.,1.));
#338 = ( GEOMETRIC_REPRESENTATION_CONTEXT(2) 
PARAMETRIC_REPRESENTATION_CONTEXT() REPRESENTATION_CONTEXT('2D SPACE',''
  ) );
#339 = ORIENTED_EDGE('',*,*,#340,.T.);
#340 = EDGE_CURVE('',#318,#341,#343,.T.);
#341 = VERTEX_POINT('',#342);
#342 = CARTESIAN_POINT('',(3.3655E+03,1.016E+03,76.2));
#343 = SURFACE_CURVE('',#344,(#348,#355),.PCURVE_S1.);
#344 = LINE('',#345,#346);
#345 = CARTESIAN_POINT('',(3.3655E+03,1.016E+03,-76.2));
#346 = VECTOR('',#347,1.);
#347 = DIRECTION('',(0.,0.,1.));
#348 = PCURVE('',#298,#349);
#349 = DEFINITIONAL_REPRESENTATION('',(#350),#354);
#350 = LINE('',#351,#352);
#351 = CARTESIAN_POINT('',(0.,-2.032E+03));
#352 = VECTOR('',#353,1.);
#353 = DIRECTION('',(1.,0.));
#354 = ( GEOMETRIC_REPRESENTATION_CONTEXT(2) 
PARAMETRIC_REPRESENTATION_CONTEXT() REPRESENTATION_CONTEXT('2D SPACE',''
  ) );
#355 = PCURVE('',#246,#356);
#356 = DEFINITIONAL_REPRESENTATION('',(#357),#361);
#357 = LINE('',#358,#359);
#358 = CARTESIAN_POINT('',(0.,6.731E+03));
#359 = VECTOR('',#360,1.);
#360 = DIRECTION('',(1.,0.));
#361 = ( GEOMETRIC_REPRESENTATION_CONTEXT(2) 
PARAMETRIC_REPRESENTATION_CONTEXT() REPRESENTATION_CONTEXT('2D SPACE',''
  ) );
#362 = ORIENTED_EDGE('',*,*,#363,.F.);
#363 = EDGE_CURVE('',#290,#341,#364,.T.);
#364 = SURFACE_CURVE('',#365,(#369,#376),.PCURVE_S1.);
#365 = LINE('',#366,#367);
#366 = CARTESIAN_POINT('',(3.3655E+03,-1.016E+03,76.2));
#367 = VECTOR('',#368,1.);
#368 = DIRECTION('',(0.,1.,0.));
#369 = PCURVE('',#298,#370);
#370 = DEFINITIONAL_REPRESENTATION('',(#371),#375);
#371 = LINE('',#372,#373);
#372 = CARTESIAN_POINT('',(152.4,0.));
#373 = VECTOR('',#374,1.);
#374 = DIRECTION('',(0.,-1.));
#375 = ( GEOMETRIC_REPRESENTATION_CONTEXT(2) 
PARAMETRIC_REPRESENTATION_CONTEXT() REPRESENTATION_CONTEXT('2D SPACE',''
  ) );
#376 = PCURVE('',#272,#377);
#377 = DEFINITIONAL_REPRESENTATION('',(#378),#382);
#378 = LINE('',#379,#380);
#379 = CARTESIAN_POINT('',(6.731E+03,0.));
#380 = VECTOR('',#381,1.);
#381 = DIRECTION('',(0.,1.));
#382 = ( GEOMETRIC_REPRESENTATION_CONTEXT(2) 
PARAMETRIC_REPRESENTATION_CONTEXT() REPRESENTATION_CONTEXT('2D SPACE',''
  ) );
#383 = ADVANCED_FACE('',(#384),#190,.F.);
#384 = FACE_BOUND('',#385,.F.);
#385 = EDGE_LOOP('',(#386,#407,#408,#429));
#386 = ORIENTED_EDGE('',*,*,#387,.F.);
#387 = EDGE_CURVE('',#168,#288,#388,.T.);
#388 = SURFACE_CURVE('',#389,(#393,#400),.PCURVE_S1.);
#389 = LINE('',#390,#391);
#390 = CARTESIAN_POINT('',(-3.3655E+03,-1.016E+03,-76.2));
#391 = VECTOR('',#392,1.);
#392 = DIRECTION('',(1.,0.,0.));
#393 = PCURVE('',#190,#394);
#394 = DEFINITIONAL_REPRESENTATION('',(#395),#399);
#395 = LINE('',#396,#397);
#396 = CARTESIAN_POINT('',(0.,0.));
#397 = VECTOR('',#398,1.);
#398 = DIRECTION('',(0.,1.));
#399 = ( GEOMETRIC_REPRESENTATION_CONTEXT(2) 
PARAMETRIC_REPRESENTATION_CONTEXT() REPRESENTATION_CONTEXT('2D SPACE',''
  ) );
#400 = PCURVE('',#218,#401);
#401 = DEFINITIONAL_REPRESENTATION('',(#402),#406);
#402 = LINE('',#403,#404);
#403 = CARTESIAN_POINT('',(0.,0.));
#404 = VECTOR('',#405,1.);
#405 = DIRECTION('',(1.,0.));
#406 = ( GEOMETRIC_REPRESENTATION_CONTEXT(2) 
PARAMETRIC_REPRESENTATION_CONTEXT() REPRESENTATION_CONTEXT('2D SPACE',''
  ) );
#407 = ORIENTED_EDGE('',*,*,#167,.T.);
#408 = ORIENTED_EDGE('',*,*,#409,.T.);
#409 = EDGE_CURVE('',#170,#290,#410,.T.);
#410 = SURFACE_CURVE('',#411,(#415,#422),.PCURVE_S1.);
#411 = LINE('',#412,#413);
#412 = CARTESIAN_POINT('',(-3.3655E+03,-1.016E+03,76.2));
#413 = VECTOR('',#414,1.);
#414 = DIRECTION('',(1.,0.,0.));
#415 = PCURVE('',#190,#416);
#416 = DEFINITIONAL_REPRESENTATION('',(#417),#421);
#417 = LINE('',#418,#419);
#418 = CARTESIAN_POINT('',(152.4,0.));
#419 = VECTOR('',#420,1.);
#420 = DIRECTION('',(0.,1.));
#421 = ( GEOMETRIC_REPRESENTATION_CONTEXT(2) 
PARAMETRIC_REPRESENTATION_CONTEXT() REPRESENTATION_CONTEXT('2D SPACE',''
  ) );
#422 = PCURVE('',#272,#423);
#423 = DEFINITIONAL_REPRESENTATION('',(#424),#428);
#424 = LINE('',#425,#426);
#425 = CARTESIAN_POINT('',(0.,0.));
#426 = VECTOR('',#427,1.);
#427 = DIRECTION('',(1.,0.));
#428 = ( GEOMETRIC_REPRESENTATION_CONTEXT(2) 
PARAMETRIC_REPRESENTATION_CONTEXT() REPRESENTATION_CONTEXT('2D SPACE',''
  ) );
#429 = ORIENTED_EDGE('',*,*,#287,.F.);
#430 = ADVANCED_FACE('',(#431),#246,.T.);
#431 = FACE_BOUND('',#432,.T.);
#432 = EDGE_LOOP('',(#433,#454,#455,#476));
#433 = ORIENTED_EDGE('',*,*,#434,.F.);
#434 = EDGE_CURVE('',#203,#318,#435,.T.);
#435 = SURFACE_CURVE('',#436,(#440,#447),.PCURVE_S1.);
#436 = LINE('',#437,#438);
#437 = CARTESIAN_POINT('',(-3.3655E+03,1.016E+03,-76.2));
#438 = VECTOR('',#439,1.);
#439 = DIRECTION('',(1.,0.,0.));
#440 = PCURVE('',#246,#441);
#441 = DEFINITIONAL_REPRESENTATION('',(#442),#446);
#442 = LINE('',#443,#444);
#443 = CARTESIAN_POINT('',(0.,0.));
#444 = VECTOR('',#445,1.);
#445 = DIRECTION('',(0.,1.));
#446 = ( GEOMETRIC_REPRESENTATION_CONTEXT(2) 
PARAMETRIC_REPRESENTATION_CONTEXT() REPRESENTATION_CONTEXT('2D SPACE',''
  ) );
#447 = PCURVE('',#218,#448);
#448 = DEFINITIONAL_REPRESENTATION('',(#449),#453);
#449 = LINE('',#450,#451);
#450 = CARTESIAN_POINT('',(0.,2.032E+03));
#451 = VECTOR('',#452,1.);
#452 = DIRECTION('',(1.,0.));
#453 = ( GEOMETRIC_REPRESENTATION_CONTEXT(2) 
PARAMETRIC_REPRESENTATION_CONTEXT() REPRESENTATION_CONTEXT('2D SPACE',''
  ) );
#454 = ORIENTED_EDGE('',*,*,#230,.T.);
#455 = ORIENTED_EDGE('',*,*,#456,.T.);
#456 = EDGE_CURVE('',#231,#341,#457,.T.);
#457 = SURFACE_CURVE('',#458,(#462,#469),.PCURVE_S1.);
#458 = LINE('',#459,#460);
#459 = CARTESIAN_POINT('',(-3.3655E+03,1.016E+03,76.2));
#460 = VECTOR('',#461,1.);
#461 = DIRECTION('',(1.,0.,0.));
#462 = PCURVE('',#246,#463);
#463 = DEFINITIONAL_REPRESENTATION('',(#464),#468);
#464 = LINE('',#465,#466);
#465 = CARTESIAN_POINT('',(152.4,0.));
#466 = VECTOR('',#467,1.);
#467 = DIRECTION('',(0.,1.));
#468 = ( GEOMETRIC_REPRESENTATION_CONTEXT(2) 
PARAMETRIC_REPRESENTATION_CONTEXT() REPRESENTATION_CONTEXT('2D SPACE',''
  ) );
#469 = PCURVE('',#272,#470);
#470 = DEFINITIONAL_REPRESENTATION('',(#471),#475);
#471 = LINE('',#472,#473);
#472 = CARTESIAN_POINT('',(0.,2.032E+03));
#473 = VECTOR('',#474,1.);
#474 = DIRECTION('',(1.,0.));
#475 = ( GEOMETRIC_REPRESENTATION_CONTEXT(2) 
PARAMETRIC_REPRESENTATION_CONTEXT() REPRESENTATION_CONTEXT('2D SPACE',''
  ) );
#476 = ORIENTED_EDGE('',*,*,#340,.F.);
#477 = ADVANCED_FACE('',(#478),#218,.F.);
#478 = FACE_BOUND('',#479,.F.);
#479 = EDGE_LOOP('',(#480,#481,#482,#483));
#480 = ORIENTED_EDGE('',*,*,#202,.F.);
#481 = ORIENTED_EDGE('',*,*,#387,.T.);
#482 = ORIENTED_EDGE('',*,*,#317,.T.);
#483 = ORIENTED_EDGE('',*,*,#434,.F.);
#484 = ADVANCED_FACE('',(#485),#272,.T.);
#485 = FACE_BOUND('',#486,.T.);
#486 = EDGE_LOOP('',(#487,#488,#489,#490));
#487 = ORIENTED_EDGE('',*,*,#258,.F.);
#488 = ORIENTED_EDGE('',*,*,#409,.T.);
#489 = ORIENTED_EDGE('',*,*,#363,.T.);
#490 = ORIENTED_EDGE('',*,*,#456,.F.);
#491 = ( GEOMETRIC_REPRESENTATION_CONTEXT(3) 
GLOBAL_UNCERTAINTY_ASSIGNED_CONTEXT((#495)) GLOBAL_UNIT_ASSIGNED_CONTEXT
((#492,#493,#494)) REPRESENTATION_CONTEXT('Context #1',
  '3D Context with UNIT and UNCERTAINTY') );
#492 = ( LENGTH_UNIT() NAMED_UNIT(*) SI_UNIT(.MILLI.,.METRE.) );
#493 = ( NAMED_UNIT(*) PLANE_ANGLE_UNIT() SI_UNIT($,.RADIAN.) );
#494 = ( NAMED_UNIT(*) SI_UNIT($,.STERADIAN.) SOLID_ANGLE_UNIT() );
#495 = UNCERTAINTY_MEASURE_WITH_UNIT(LENGTH_MEASURE(1.E-07),#492,
  'distance_accuracy_value','confusion accuracy');
#496 = CONTEXT_DEPENDENT_SHAPE_REPRESENTATION(#497,#499);
#497 = ( REPRESENTATION_RELATIONSHIP('','',#160,#10) 
REPRESENTATION_RELATIONSHIP_WITH_TRANSFORMATION(#498) 
SHAPE_REPRESENTATION_RELATIONSHIP() );
#498 = ITEM_DEFINED_TRANSFORMATION('','',#11,#15);
#499 = PRODUCT_DEFINITION_SHAPE('Placement','Placement of an item',#500
  );
#500 = NEXT_ASSEMBLY_USAGE_OCCURRENCE('1','trailer_frame','',#5,#155,$);
#501 = PRODUCT_RELATED_PRODUCT_CATEGORY('part',$,(#157));
#502 = SHAPE_DEFINITION_REPRESENTATION(#503,#509);
#503 = PRODUCT_DEFINITION_SHAPE('','',#504);
#504 = PRODUCT_DEFINITION('design','',#505,#508);
#505 = PRODUCT_DEFINITION_FORMATION('','',#506);
#506 = PRODUCT('tongue','tongue','',(#507));
#507 = PRODUCT_CONTEXT('',#2,'mechanical');
#508 = PRODUCT_DEFINITION_CONTEXT('part definition',#2,'design');
#509 = ADVANCED_BREP_SHAPE_REPRESENTATION('',(#11,#510),#840);
#510 = MANIFOLD_SOLID_BREP('',#511);
#511 = CLOSED_SHELL('',(#512,#632,#732,#779,#826,#833));
#512 = ADVANCED_FACE('',(#513),#527,.F.);
#513 = FACE_BOUND('',#514,.F.);
#514 = EDGE_LOOP('',(#515,#550,#578,#606));
#515 = ORIENTED_EDGE('',*,*,#516,.F.);
#516 = EDGE_CURVE('',#517,#519,#521,.T.);
#517 = VERTEX_POINT('',#518);
#518 = CARTESIAN_POINT('',(-1.2192E+03,-76.2,-50.8));
#519 = VERTEX_POINT('',#520);
#520 = CARTESIAN_POINT('',(-1.2192E+03,-76.2,50.8));
#521 = SURFACE_CURVE('',#522,(#526,#538),.PCURVE_S1.);
#522 = LINE('',#523,#524);
#523 = CARTESIAN_POINT('',(-1.2192E+03,-76.2,-50.8));
#524 = VECTOR('',#525,1.);
#525 = DIRECTION('',(0.,0.,1.));
#526 = PCURVE('',#527,#532);
#527 = PLANE('',#528);
#528 = AXIS2_PLACEMENT_3D('',#529,#530,#531);
#529 = CARTESIAN_POINT('',(-1.2192E+03,-76.2,-50.8));
#530 = DIRECTION('',(1.,0.,0.));
#531 = DIRECTION('',(0.,0.,1.));
#532 = DEFINITIONAL_REPRESENTATION('',(#533),#537);
#533 = LINE('',#534,#535);
#534 = CARTESIAN_POINT('',(0.,0.));
#535 = VECTOR('',#536,1.);
#536 = DIRECTION('',(1.,0.));
#537 = ( GEOMETRIC_REPRESENTATION_CONTEXT(2) 
PARAMETRIC_REPRESENTATION_CONTEXT() REPRESENTATION_CONTEXT('2D SPACE',''
  ) );
#538 = PCURVE('',#539,#544);
#539 = PLANE('',#540);
#540 = AXIS2_PLACEMENT_3D('',#541,#542,#543);
#541 = CARTESIAN_POINT('',(-1.2192E+03,-76.2,-50.8));
#542 = DIRECTION('',(0.,1.,0.));
#543 = DIRECTION('',(0.,0.,1.));
#544 = DEFINITIONAL_REPRESENTATION('',(#545),#549);
#545 = LINE('',#546,#547);
#546 = CARTESIAN_POINT('',(0.,0.));
#547 = VECTOR('',#548,1.);
#548 = DIRECTION('',(1.,0.));
#549 = ( GEOMETRIC_REPRESENTATION_CONTEXT(2) 
PARAMETRIC_REPRESENTATION_CONTEXT() REPRESENTATION_CONTEXT('2D SPACE',''
  ) );
#550 = ORIENTED_EDGE('',*,*,#551,.T.);
#551 = EDGE_CURVE('',#517,#552,#554,.T.);
#552 = VERTEX_POINT('',#553);
#553 = CARTESIAN_POINT('',(-1.2192E+03,76.2,-50.8));
#554 = SURFACE_CURVE('',#555,(#559,#566),.PCURVE_S1.);
#555 = LINE('',#556,#557);
#556 = CARTESIAN_POINT('',(-1.2192E+03,-76.2,-50.8));
#557 = VECTOR('',#558,1.);
#558 = DIRECTION('',(0.,1.,0.));
#559 = PCURVE('',#527,#560);
#560 = DEFINITIONAL_REPRESENTATION('',(#561),#565);
#561 = LINE('',#562,#563);
#562 = CARTESIAN_POINT('',(0.,0.));
#563 = VECTOR('',#564,1.);
#564 = DIRECTION('',(0.,-1.));
#565 = ( GEOMETRIC_REPRESENTATION_CONTEXT(2) 
PARAMETRIC_REPRESENTATION_CONTEXT() REPRESENTATION_CONTEXT('2D SPACE',''
  ) );
#566 = PCURVE('',#567,#572);
#567 = PLANE('',#568);
#568 = AXIS2_PLACEMENT_3D('',#569,#570,#571);
#569 = CARTESIAN_POINT('',(-1.2192E+03,-76.2,-50.8));
#570 = DIRECTION('',(0.,0.,1.));
#571 = DIRECTION('',(1.,0.,0.));
#572 = DEFINITIONAL_REPRESENTATION('',(#573),#577);
#573 = LINE('',#574,#575);
#574 = CARTESIAN_POINT('',(0.,0.));
#575 = VECTOR('',#576,1.);
#576 = DIRECTION('',(0.,1.));
#577 = ( GEOMETRIC_REPRESENTATION_CONTEXT(2) 
PARAMETRIC_REPRESENTATION_CONTEXT() REPRESENTATION_CONTEXT('2D SPACE',''
  ) );
#578 = ORIENTED_EDGE('',*,*,#579,.T.);
#579 = EDGE_CURVE('',#552,#580,#582,.T.);
#580 = VERTEX_POINT('',#581);
#581 = CARTESIAN_POINT('',(-1.2192E+03,76.2,50.8));
#582 = SURFACE_CURVE('',#583,(#587,#594),.PCURVE_S1.);
#583 = LINE('',#584,#585);
#584 = CARTESIAN_POINT('',(-1.2192E+03,76.2,-50.8));
#585 = VECTOR('',#586,1.);
#586 = DIRECTION('',(0.,0.,1.));
#587 = PCURVE('',#527,#588);
#588 = DEFINITIONAL_REPRESENTATION('',(#589),#593);
#589 = LINE('',#590,#591);
#590 = CARTESIAN_POINT('',(0.,-152.4));
#591 = VECTOR('',#592,1.);
#592 = DIRECTION('',(1.,0.));
#593 = ( GEOMETRIC_REPRESENTATION_CONTEXT(2) 
PARAMETRIC_REPRESENTATION_CONTEXT() REPRESENTATION_CONTEXT('2D SPACE',''
  ) );
#594 = PCURVE('',#595,#600);
#595 = PLANE('',#596);
#596 = AXIS2_PLACEMENT_3D('',#597,#598,#599);
#597 = CARTESIAN_POINT('',(-1.2192E+03,76.2,-50.8));
#598 = DIRECTION('',(0.,1.,0.));
#599 = DIRECTION('',(0.,0.,1.));
#600 = DEFINITIONAL_REPRESENTATION('',(#601),#605);
#601 = LINE('',#602,#603);
#602 = CARTESIAN_POINT('',(0.,0.));
#603 = VECTOR('',#604,1.);
#604 = DIRECTION('',(1.,0.));
#605 = ( GEOMETRIC_REPRESENTATION_CONTEXT(2) 
PARAMETRIC_REPRESENTATION_CONTEXT() REPRESENTATION_CONTEXT('2D SPACE',''
  ) );
#606 = ORIENTED_EDGE('',*,*,#607,.F.);
#607 = EDGE_CURVE('',#519,#580,#608,.T.);
#608 = SURFACE_CURVE('',#609,(#613,#620),.PCURVE_S1.);
#609 = LINE('',#610,#611);
#610 = CARTESIAN_POINT('',(-1.2192E+03,-76.2,50.8));
#611 = VECTOR('',#612,1.);
#612 = DIRECTION('',(0.,1.,0.));
#613 = PCURVE('',#527,#614);
#614 = DEFINITIONAL_REPRESENTATION('',(#615),#619);
#615 = LINE('',#616,#617);
#616 = CARTESIAN_POINT('',(101.6,0.));
#617 = VECTOR('',#618,1.);
#618 = DIRECTION('',(0.,-1.));
#619 = ( GEOMETRIC_REPRESENTATION_CONTEXT(2) 
PARAMETRIC_REPRESENTATION_CONTEXT() REPRESENTATION_CONTEXT('2D SPACE',''
  ) );
#620 = PCURVE('',#621,#626);
#621 = PLANE('',#622);
#622 = AXIS2_PLACEMENT_3D('',#623,#624,#625);
#623 = CARTESIAN_POINT('',(-1.2192E+03,-76.2,50.8));
#624 = DIRECTION('',(0.,0.,1.));
#625 = DIRECTION('',(1.,0.,0.));
#626 = DEFINITIONAL_REPRESENTATION('',(#627),#631);
#627 = LINE('',#628,#629);
#628 = CARTESIAN_POINT('',(0.,0.));
#629 = VECTOR('',#630,1.);
#630 = DIRECTION('',(0.,1.));
#631 = ( GEOMETRIC_REPRESENTATION_CONTEXT(2) 
PARAMETRIC_REPRESENTATION_CONTEXT() REPRESENTATION_CONTEXT('2D SPACE',''
  ) );
#632 = ADVANCED_FACE('',(#633),#647,.T.);
#633 = FACE_BOUND('',#634,.T.);
#634 = EDGE_LOOP('',(#635,#665,#688,#711));
#635 = ORIENTED_EDGE('',*,*,#636,.F.);
#636 = EDGE_CURVE('',#637,#639,#641,.T.);
#637 = VERTEX_POINT('',#638);
#638 = CARTESIAN_POINT('',(1.2192E+03,-76.2,-50.8));
#639 = VERTEX_POINT('',#640);
#640 = CARTESIAN_POINT('',(1.2192E+03,-76.2,50.8));
#641 = SURFACE_CURVE('',#642,(#646,#658),.PCURVE_S1.);
#642 = LINE('',#643,#644);
#643 = CARTESIAN_POINT('',(1.2192E+03,-76.2,-50.8));
#644 = VECTOR('',#645,1.);
#645 = DIRECTION('',(0.,0.,1.));
#646 = PCURVE('',#647,#652);
#647 = PLANE('',#648);
#648 = AXIS2_PLACEMENT_3D('',#649,#650,#651);
#649 = CARTESIAN_POINT('',(1.2192E+03,-76.2,-50.8));
#650 = DIRECTION('',(1.,0.,0.));
#651 = DIRECTION('',(0.,0.,1.));
#652 = DEFINITIONAL_REPRESENTATION('',(#653),#657);
#653 = LINE('',#654,#655);
#654 = CARTESIAN_POINT('',(0.,0.));
#655 = VECTOR('',#656,1.);
#656 = DIRECTION('',(1.,0.));
#657 = ( GEOMETRIC_REPRESENTATION_CONTEXT(2) 
PARAMETRIC_REPRESENTATION_CONTEXT() REPRESENTATION_CONTEXT('2D SPACE',''
  ) );
#658 = PCURVE('',#539,#659);
#659 = DEFINITIONAL_REPRESENTATION('',(#660),#664);
#660 = LINE('',#661,#662);
#661 = CARTESIAN_POINT('',(0.,2.4384E+03));
#662 = VECTOR('',#663,1.);
#663 = DIRECTION('',(1.,0.));
#664 = ( GEOMETRIC_REPRESENTATION_CONTEXT(2) 
PARAMETRIC_REPRESENTATION_CONTEXT() REPRESENTATION_CONTEXT('2D SPACE',''
  ) );
#665 = ORIENTED_EDGE('',*,*,#666,.T.);
#666 = EDGE_CURVE('',#637,#667,#669,.T.);
#667 = VERTEX_POINT('',#668);
#668 = CARTESIAN_POINT('',(1.2192E+03,76.2,-50.8));
#669 = SURFACE_CURVE('',#670,(#674,#681),.PCURVE_S1.);
#670 = LINE('',#671,#672);
#671 = CARTESIAN_POINT('',(1.2192E+03,-76.2,-50.8));
#672 = VECTOR('',#673,1.);
#673 = DIRECTION('',(0.,1.,0.));
#674 = PCURVE('',#647,#675);
#675 = DEFINITIONAL_REPRESENTATION('',(#676),#680);
#676 = LINE('',#677,#678);
#677 = CARTESIAN_POINT('',(0.,0.));
#678 = VECTOR('',#679,1.);
#679 = DIRECTION('',(0.,-1.));
#680 = ( GEOMETRIC_REPRESENTATION_CONTEXT(2) 
PARAMETRIC_REPRESENTATION_CONTEXT() REPRESENTATION_CONTEXT('2D SPACE',''
  ) );
#681 = PCURVE('',#567,#682);
#682 = DEFINITIONAL_REPRESENTATION('',(#683),#687);
#683 = LINE('',#684,#685);
#684 = CARTESIAN_POINT('',(2.4384E+03,0.));
#685 = VECTOR('',#686,1.);
#686 = DIRECTION('',(0.,1.));
#687 = ( GEOMETRIC_REPRESENTATION_CONTEXT(2) 
PARAMETRIC_REPRESENTATION_CONTEXT() REPRESENTATION_CONTEXT('2D SPACE',''
  ) );
#688 = ORIENTED_EDGE('',*,*,#689,.T.);
#689 = EDGE_CURVE('',#667,#690,#692,.T.);
#690 = VERTEX_POINT('',#691);
#691 = CARTESIAN_POINT('',(1.2192E+03,76.2,50.8));
#692 = SURFACE_CURVE('',#693,(#697,#704),.PCURVE_S1.);
#693 = LINE('',#694,#695);
#694 = CARTESIAN_POINT('',(1.2192E+03,76.2,-50.8));
#695 = VECTOR('',#696,1.);
#696 = DIRECTION('',(0.,0.,1.));
#697 = PCURVE('',#647,#698);
#698 = DEFINITIONAL_REPRESENTATION('',(#699),#703);
#699 = LINE('',#700,#701);
#700 = CARTESIAN_POINT('',(0.,-152.4));
#701 = VECTOR('',#702,1.);
#702 = DIRECTION('',(1.,0.));
#703 = ( GEOMETRIC_REPRESENTATION_CONTEXT(2) 
PARAMETRIC_REPRESENTATION_CONTEXT() REPRESENTATION_CONTEXT('2D SPACE',''
  ) );
#704 = PCURVE('',#595,#705);
#705 = DEFINITIONAL_REPRESENTATION('',(#706),#710);
#706 = LINE('',#707,#708);
#707 = CARTESIAN_POINT('',(0.,2.4384E+03));
#708 = VECTOR('',#709,1.);
#709 = DIRECTION('',(1.,0.));
#710 = ( GEOMETRIC_REPRESENTATION_CONTEXT(2) 
PARAMETRIC_REPRESENTATION_CONTEXT() REPRESENTATION_CONTEXT('2D SPACE',''
  ) );
#711 = ORIENTED_EDGE('',*,*,#712,.F.);
#712 = EDGE_CURVE('',#639,#690,#713,.T.);
#713 = SURFACE_CURVE('',#714,(#718,#725),.PCURVE_S1.);
#714 = LINE('',#715,#716);
#715 = CARTESIAN_POINT('',(1.2192E+03,-76.2,50.8));
#716 = VECTOR('',#717,1.);
#717 = DIRECTION('',(0.,1.,0.));
#718 = PCURVE('',#647,#719);
#719 = DEFINITIONAL_REPRESENTATION('',(#720),#724);
#720 = LINE('',#721,#722);
#721 = CARTESIAN_POINT('',(101.6,0.));
#722 = VECTOR('',#723,1.);
#723 = DIRECTION('',(0.,-1.));
#724 = ( GEOMETRIC_REPRESENTATION_CONTEXT(2) 
PARAMETRIC_REPRESENTATION_CONTEXT() REPRESENTATION_CONTEXT('2D SPACE',''
  ) );
#725 = PCURVE('',#621,#726);
#726 = DEFINITIONAL_REPRESENTATION('',(#727),#731);
#727 = LINE('',#728,#729);
#728 = CARTESIAN_POINT('',(2.4384E+03,0.));
#729 = VECTOR('',#730,1.);
#730 = DIRECTION('',(0.,1.));
#731 = ( GEOMETRIC_REPRESENTATION_CONTEXT(2) 
PARAMETRIC_REPRESENTATION_CONTEXT() REPRESENTATION_CONTEXT('2D SPACE',''
  ) );
#732 = ADVANCED_FACE('',(#733),#539,.F.);
#733 = FACE_BOUND('',#734,.F.);
#734 = EDGE_LOOP('',(#735,#756,#757,#778));
#735 = ORIENTED_EDGE('',*,*,#736,.F.);
#736 = EDGE_CURVE('',#517,#637,#737,.T.);
#737 = SURFACE_CURVE('',#738,(#742,#749),.PCURVE_S1.);
#738 = LINE('',#739,#740);
#739 = CARTESIAN_POINT('',(-1.2192E+03,-76.2,-50.8));
#740 = VECTOR('',#741,1.);
#741 = DIRECTION('',(1.,0.,0.));
#742 = PCURVE('',#539,#743);
#743 = DEFINITIONAL_REPRESENTATION('',(#744),#748);
#744 = LINE('',#745,#746);
#745 = CARTESIAN_POINT('',(0.,0.));
#746 = VECTOR('',#747,1.);
#747 = DIRECTION('',(0.,1.));
#748 = ( GEOMETRIC_REPRESENTATION_CONTEXT(2) 
PARAMETRIC_REPRESENTATION_CONTEXT() REPRESENTATION_CONTEXT('2D SPACE',''
  ) );
#749 = PCURVE('',#567,#750);
#750 = DEFINITIONAL_REPRESENTATION('',(#751),#755);
#751 = LINE('',#752,#753);
#752 = CARTESIAN_POINT('',(0.,0.));
#753 = VECTOR('',#754,1.);
#754 = DIRECTION('',(1.,0.));
#755 = ( GEOMETRIC_REPRESENTATION_CONTEXT(2) 
PARAMETRIC_REPRESENTATION_CONTEXT() REPRESENTATION_CONTEXT('2D SPACE',''
  ) );
#756 = ORIENTED_EDGE('',*,*,#516,.T.);
#757 = ORIENTED_EDGE('',*,*,#758,.T.);
#758 = EDGE_CURVE('',#519,#639,#759,.T.);
#759 = SURFACE_CURVE('',#760,(#764,#771),.PCURVE_S1.);
#760 = LINE('',#761,#762);
#761 = CARTESIAN_POINT('',(-1.2192E+03,-76.2,50.8));
#762 = VECTOR('',#763,1.);
#763 = DIRECTION('',(1.,0.,0.));
#764 = PCURVE('',#539,#765);
#765 = DEFINITIONAL_REPRESENTATION('',(#766),#770);
#766 = LINE('',#767,#768);
#767 = CARTESIAN_POINT('',(101.6,0.));
#768 = VECTOR('',#769,1.);
#769 = DIRECTION('',(0.,1.));
#770 = ( GEOMETRIC_REPRESENTATION_CONTEXT(2) 
PARAMETRIC_REPRESENTATION_CONTEXT() REPRESENTATION_CONTEXT('2D SPACE',''
  ) );
#771 = PCURVE('',#621,#772);
#772 = DEFINITIONAL_REPRESENTATION('',(#773),#777);
#773 = LINE('',#774,#775);
#774 = CARTESIAN_POINT('',(0.,0.));
#775 = VECTOR('',#776,1.);
#776 = DIRECTION('',(1.,0.));
#777 = ( GEOMETRIC_REPRESENTATION_CONTEXT(2) 
PARAMETRIC_REPRESENTATION_CONTEXT() REPRESENTATION_CONTEXT('2D SPACE',''
  ) );
#778 = ORIENTED_EDGE('',*,*,#636,.F.);
#779 = ADVANCED_FACE('',(#780),#595,.T.);
#780 = FACE_BOUND('',#781,.T.);
#781 = EDGE_LOOP('',(#782,#803,#804,#825));
#782 = ORIENTED_EDGE('',*,*,#783,.F.);
#783 = EDGE_CURVE('',#552,#667,#784,.T.);
#784 = SURFACE_CURVE('',#785,(#789,#796),.PCURVE_S1.);
#785 = LINE('',#786,#787);
#786 = CARTESIAN_POINT('',(-1.2192E+03,76.2,-50.8));
#787 = VECTOR('',#788,1.);
#788 = DIRECTION('',(1.,0.,0.));
#789 = PCURVE('',#595,#790);
#790 = DEFINITIONAL_REPRESENTATION('',(#791),#795);
#791 = LINE('',#792,#793);
#792 = CARTESIAN_POINT('',(0.,0.));
#793 = VECTOR('',#794,1.);
#794 = DIRECTION('',(0.,1.));
#795 = ( GEOMETRIC_REPRESENTATION_CONTEXT(2) 
PARAMETRIC_REPRESENTATION_CONTEXT() REPRESENTATION_CONTEXT('2D SPACE',''
  ) );
#796 = PCURVE('',#567,#797);
#797 = DEFINITIONAL_REPRESENTATION('',(#798),#802);
#798 = LINE('',#799,#800);
#799 = CARTESIAN_POINT('',(0.,152.4));
#800 = VECTOR('',#801,1.);
#801 = DIRECTION('',(1.,0.));
#802 = ( GEOMETRIC_REPRESENTATION_CONTEXT(2) 
PARAMETRIC_REPRESENTATION_CONTEXT() REPRESENTATION_CONTEXT('2D SPACE',''
  ) );
#803 = ORIENTED_EDGE('',*,*,#579,.T.);
#804 = ORIENTED_EDGE('',*,*,#805,.T.);
#805 = EDGE_CURVE('',#580,#690,#806,.T.);
#806 = SURFACE_CURVE('',#807,(#811,#818),.PCURVE_S1.);
#807 = LINE('',#808,#809);
#808 = CARTESIAN_POINT('',(-1.2192E+03,76.2,50.8));
#809 = VECTOR('',#810,1.);
#810 = DIRECTION('',(1.,0.,0.));
#811 = PCURVE('',#595,#812);
#812 = DEFINITIONAL_REPRESENTATION('',(#813),#817);
#813 = LINE('',#814,#815);
#814 = CARTESIAN_POINT('',(101.6,0.));
#815 = VECTOR('',#816,1.);
#816 = DIRECTION('',(0.,1.));
#817 = ( GEOMETRIC_REPRESENTATION_CONTEXT(2) 
PARAMETRIC_REPRESENTATION_CONTEXT() REPRESENTATION_CONTEXT('2D SPACE',''
  ) );
#818 = PCURVE('',#621,#819);
#819 = DEFINITIONAL_REPRESENTATION('',(#820),#824);
#820 = LINE('',#821,#822);
#821 = CARTESIAN_POINT('',(0.,152.4));
#822 = VECTOR('',#823,1.);
#823 = DIRECTION('',(1.,0.));
#824 = ( GEOMETRIC_REPRESENTATION_CONTEXT(2) 
PARAMETRIC_REPRESENTATION_CONTEXT() REPRESENTATION_CONTEXT('2D SPACE',''
  ) );
#825 = ORIENTED_EDGE('',*,*,#689,.F.);
#826 = ADVANCED_FACE('',(#827),#567,.F.);
#827 = FACE_BOUND('',#828,.F.);
#828 = EDGE_LOOP('',(#829,#830,#831,#832));
#829 = ORIENTED_EDGE('',*,*,#551,.F.);
#830 = ORIENTED_EDGE('',*,*,#736,.T.);
#831 = ORIENTED_EDGE('',*,*,#666,.T.);
#832 = ORIENTED_EDGE('',*,*,#783,.F.);
#833 = ADVANCED_FACE('',(#834),#621,.T.);
#834 = FACE_BOUND('',#835,.T.);
#835 = EDGE_LOOP('',(#836,#837,#838,#839));
#836 = ORIENTED_EDGE('',*,*,#607,.F.);
#837 = ORIENTED_EDGE('',*,*,#758,.T.);
#838 = ORIENTED_EDGE('',*,*,#712,.T.);
#839 = ORIENTED_EDGE('',*,*,#805,.F.);
#840 = ( GEOMETRIC_REPRESENTATION_CONTEXT(3) 
GLOBAL_UNCERTAINTY_ASSIGNED_CONTEXT((#844)) GLOBAL_UNIT_ASSIGNED_CONTEXT
((#841,#842,#843)) REPRESENTATION_CONTEXT('Context #1',
  '3D Context with UNIT and UNCERTAINTY') );
#841 = ( LENGTH_UNIT() NAMED_UNIT(*) SI_UNIT(.MILLI.,.METRE.) );
#842 = ( NAMED_UNIT(*) PLANE_ANGLE_UNIT() SI_UNIT($,.RADIAN.) );
#843 = ( NAMED_UNIT(*) SI_UNIT($,.STERADIAN.) SOLID_ANGLE_UNIT() );
#844 = UNCERTAINTY_MEASURE_WITH_UNIT(LENGTH_MEASURE(1.E-07),#841,
  'distance_accuracy_value','confusion accuracy');
#845 = CONTEXT_DEPENDENT_SHAPE_REPRESENTATION(#846,#848);
#846 = ( REPRESENTATION_RELATIONSHIP('','',#509,#10) 
REPRESENTATION_RELATIONSHIP_WITH_TRANSFORMATION(#847) 
SHAPE_REPRESENTATION_RELATIONSHIP() );
#847 = ITEM_DEFINED_TRANSFORMATION('','',#11,#19);
#848 = PRODUCT_DEFINITION_SHAPE('Placement','Placement of an item',#849
  );
#849 = NEXT_ASSEMBLY_USAGE_OCCURRENCE('2','tongue','',#5,#504,$);
#850 = PRODUCT_RELATED_PRODUCT_CATEGORY('part',$,(#506));
#851 = SHAPE_DEFINITION_REPRESENTATION(#852,#858);
#852 = PRODUCT_DEFINITION_SHAPE('','',#853);
#853 = PRODUCT_DEFINITION('design','',#854,#857);
#854 = PRODUCT_DEFINITION_FORMATION('','',#855);
#855 = PRODUCT('coupler','coupler','',(#856));
#856 = PRODUCT_CONTEXT('',#2,'mechanical');
#857 = PRODUCT_DEFINITION_CONTEXT('part definition',#2,'design');
#858 = ADVANCED_BREP_SHAPE_REPRESENTATION('',(#11,#859),#1189);
#859 = MANIFOLD_SOLID_BREP('',#860);
#860 = CLOSED_SHELL('',(#861,#981,#1081,#1128,#1175,#1182));
#861 = ADVANCED_FACE('',(#862),#876,.F.);
#862 = FACE_BOUND('',#863,.F.);
#863 = EDGE_LOOP('',(#864,#899,#927,#955));
#864 = ORIENTED_EDGE('',*,*,#865,.F.);
#865 = EDGE_CURVE('',#866,#868,#870,.T.);
#866 = VERTEX_POINT('',#867);
#867 = CARTESIAN_POINT('',(-152.4,-50.8,-76.2));
#868 = VERTEX_POINT('',#869);
#869 = CARTESIAN_POINT('',(-152.4,-50.8,76.2));
#870 = SURFACE_CURVE('',#871,(#875,#887),.PCURVE_S1.);
#871 = LINE('',#872,#873);
#872 = CARTESIAN_POINT('',(-152.4,-50.8,-76.2));
#873 = VECTOR('',#874,1.);
#874 = DIRECTION('',(0.,0.,1.));
#875 = PCURVE('',#876,#881);
#876 = PLANE('',#877);
#877 = AXIS2_PLACEMENT_3D('',#878,#879,#880);
#878 = CARTESIAN_POINT('',(-152.4,-50.8,-76.2));
#879 = DIRECTION('',(1.,0.,0.));
#880 = DIRECTION('',(0.,0.,1.));
#881 = DEFINITIONAL_REPRESENTATION('',(#882),#886);
#882 = LINE('',#883,#884);
#883 = CARTESIAN_POINT('',(0.,0.));
#884 = VECTOR('',#885,1.);
#885 = DIRECTION('',(1.,0.));
#886 = ( GEOMETRIC_REPRESENTATION_CONTEXT(2) 
PARAMETRIC_REPRESENTATION_CONTEXT() REPRESENTATION_CONTEXT('2D SPACE',''
  ) );
#887 = PCURVE('',#888,#893);
#888 = PLANE('',#889);
#889 = AXIS2_PLACEMENT_3D('',#890,#891,#892);
#890 = CARTESIAN_POINT('',(-152.4,-50.8,-76.2));
#891 = DIRECTION('',(0.,1.,0.));
#892 = DIRECTION('',(0.,0.,1.));
#893 = DEFINITIONAL_REPRESENTATION('',(#894),#898);
#894 = LINE('',#895,#896);
#895 = CARTESIAN_POINT('',(0.,0.));
#896 = VECTOR('',#897,1.);
#897 = DIRECTION('',(1.,0.));
#898 = ( GEOMETRIC_REPRESENTATION_CONTEXT(2) 
PARAMETRIC_REPRESENTATION_CONTEXT() REPRESENTATION_CONTEXT('2D SPACE',''
  ) );
#899 = ORIENTED_EDGE('',*,*,#900,.T.);
#900 = EDGE_CURVE('',#866,#901,#903,.T.);
#901 = VERTEX_POINT('',#902);
#902 = CARTESIAN_POINT('',(-152.4,50.8,-76.2));
#903 = SURFACE_CURVE('',#904,(#908,#915),.PCURVE_S1.);
#904 = LINE('',#905,#906);
#905 = CARTESIAN_POINT('',(-152.4,-50.8,-76.2));
#906 = VECTOR('',#907,1.);
#907 = DIRECTION('',(0.,1.,0.));
#908 = PCURVE('',#876,#909);
#909 = DEFINITIONAL_REPRESENTATION('',(#910),#914);
#910 = LINE('',#911,#912);
#911 = CARTESIAN_POINT('',(0.,0.));
#912 = VECTOR('',#913,1.);
#913 = DIRECTION('',(0.,-1.));
#914 = ( GEOMETRIC_REPRESENTATION_CONTEXT(2) 
PARAMETRIC_REPRESENTATION_CONTEXT() REPRESENTATION_CONTEXT('2D SPACE',''
  ) );
#915 = PCURVE('',#916,#921);
#916 = PLANE('',#917);
#917 = AXIS2_PLACEMENT_3D('',#918,#919,#920);
#918 = CARTESIAN_POINT('',(-152.4,-50.8,-76.2));
#919 = DIRECTION('',(0.,0.,1.));
#920 = DIRECTION('',(1.,0.,0.));
#921 = DEFINITIONAL_REPRESENTATION('',(#922),#926);
#922 = LINE('',#923,#924);
#923 = CARTESIAN_POINT('',(0.,0.));
#924 = VECTOR('',#925,1.);
#925 = DIRECTION('',(0.,1.));
#926 = ( GEOMETRIC_REPRESENTATION_CONTEXT(2) 
PARAMETRIC_REPRESENTATION_CONTEXT() REPRESENTATION_CONTEXT('2D SPACE',''
  ) );
#927 = ORIENTED_EDGE('',*,*,#928,.T.);
#928 = EDGE_CURVE('',#901,#929,#931,.T.);
#929 = VERTEX_POINT('',#930);
#930 = CARTESIAN_POINT('',(-152.4,50.8,76.2));
#931 = SURFACE_CURVE('',#932,(#936,#943),.PCURVE_S1.);
#932 = LINE('',#933,#934);
#933 = CARTESIAN_POINT('',(-152.4,50.8,-76.2));
#934 = VECTOR('',#935,1.);
#935 = DIRECTION('',(0.,0.,1.));
#936 = PCURVE('',#876,#937);
#937 = DEFINITIONAL_REPRESENTATION('',(#938),#942);
#938 = LINE('',#939,#940);
#939 = CARTESIAN_POINT('',(0.,-101.6));
#940 = VECTOR('',#941,1.);
#941 = DIRECTION('',(1.,0.));
#942 = ( GEOMETRIC_REPRESENTATION_CONTEXT(2) 
PARAMETRIC_REPRESENTATION_CONTEXT() REPRESENTATION_CONTEXT('2D SPACE',''
  ) );
#943 = PCURVE('',#944,#949);
#944 = PLANE('',#945);
#945 = AXIS2_PLACEMENT_3D('',#946,#947,#948);
#946 = CARTESIAN_POINT('',(-152.4,50.8,-76.2));
#947 = DIRECTION('',(0.,1.,0.));
#948 = DIRECTION('',(0.,0.,1.));
#949 = DEFINITIONAL_REPRESENTATION('',(#950),#954);
#950 = LINE('',#951,#952);
#951 = CARTESIAN_POINT('',(0.,0.));
#952 = VECTOR('',#953,1.);
#953 = DIRECTION('',(1.,0.));
#954 = ( GEOMETRIC_REPRESENTATION_CONTEXT(2) 
PARAMETRIC_REPRESENTATION_CONTEXT() REPRESENTATION_CONTEXT('2D SPACE',''
  ) );
#955 = ORIENTED_EDGE('',*,*,#956,.F.);
#956 = EDGE_CURVE('',#868,#929,#957,.T.);
#957 = SURFACE_CURVE('',#958,(#962,#969),.PCURVE_S1.);
#958 = LINE('',#959,#960);
#959 = CARTESIAN_POINT('',(-152.4,-50.8,76.2));
#960 = VECTOR('',#961,1.);
#961 = DIRECTION('',(0.,1.,0.));
#962 = PCURVE('',#876,#963);
#963 = DEFINITIONAL_REPRESENTATION('',(#964),#968);
#964 = LINE('',#965,#966);
#965 = CARTESIAN_POINT('',(152.4,0.));
#966 = VECTOR('',#967,1.);
#967 = DIRECTION('',(0.,-1.));
#968 = ( GEOMETRIC_REPRESENTATION_CONTEXT(2) 
PARAMETRIC_REPRESENTATION_CONTEXT() REPRESENTATION_CONTEXT('2D SPACE',''
  ) );
#969 = PCURVE('',#970,#975);
#970 = PLANE('',#971);
#971 = AXIS2_PLACEMENT_3D('',#972,#973,#974);
#972 = CARTESIAN_POINT('',(-152.4,-50.8,76.2));
#973 = DIRECTION('',(0.,0.,1.));
#974 = DIRECTION('',(1.,0.,0.));
#975 = DEFINITIONAL_REPRESENTATION('',(#976),#980);
#976 = LINE('',#977,#978);
#977 = CARTESIAN_POINT('',(0.,0.));
#978 = VECTOR('',#979,1.);
#979 = DIRECTION('',(0.,1.));
#980 = ( GEOMETRIC_REPRESENTATION_CONTEXT(2) 
PARAMETRIC_REPRESENTATION_CONTEXT() REPRESENTATION_CONTEXT('2D SPACE',''
  ) );
#981 = ADVANCED_FACE('',(#982),#996,.T.);
#982 = FACE_BOUND('',#983,.T.);
#983 = EDGE_LOOP('',(#984,#1014,#1037,#1060));
#984 = ORIENTED_EDGE('',*,*,#985,.F.);
#985 = EDGE_CURVE('',#986,#988,#990,.T.);
#986 = VERTEX_POINT('',#987);
#987 = CARTESIAN_POINT('',(152.4,-50.8,-76.2));
#988 = VERTEX_POINT('',#989);
#989 = CARTESIAN_POINT('',(152.4,-50.8,76.2));
#990 = SURFACE_CURVE('',#991,(#995,#1007),.PCURVE_S1.);
#991 = LINE('',#992,#993);
#992 = CARTESIAN_POINT('',(152.4,-50.8,-76.2));
#993 = VECTOR('',#994,1.);
#994 = DIRECTION('',(0.,0.,1.));
#995 = PCURVE('',#996,#1001);
#996 = PLANE('',#997);
#997 = AXIS2_PLACEMENT_3D('',#998,#999,#1000);
#998 = CARTESIAN_POINT('',(152.4,-50.8,-76.2));
#999 = DIRECTION('',(1.,0.,0.));
#1000 = DIRECTION('',(0.,0.,1.));
#1001 = DEFINITIONAL_REPRESENTATION('',(#1002),#1006);
#1002 = LINE('',#1003,#1004);
#1003 = CARTESIAN_POINT('',(0.,0.));
#1004 = VECTOR('',#1005,1.);
#1005 = DIRECTION('',(1.,0.));
#1006 = ( GEOMETRIC_REPRESENTATION_CONTEXT(2) 
PARAMETRIC_REPRESENTATION_CONTEXT() REPRESENTATION_CONTEXT('2D SPACE',''
  ) );
#1007 = PCURVE('',#888,#1008);
#1008 = DEFINITIONAL_REPRESENTATION('',(#1009),#1013);
#1009 = LINE('',#1010,#1011);
#1010 = CARTESIAN_POINT('',(0.,304.8));
#1011 = VECTOR('',#1012,1.);
#1012 = DIRECTION('',(1.,0.));
#1013 = ( GEOMETRIC_REPRESENTATION_CONTEXT(2) 
PARAMETRIC_REPRESENTATION_CONTEXT() REPRESENTATION_CONTEXT('2D SPACE',''
  ) );
#1014 = ORIENTED_EDGE('',*,*,#1015,.T.);
#1015 = EDGE_CURVE('',#986,#1016,#1018,.T.);
#1016 = VERTEX_POINT('',#1017);
#1017 = CARTESIAN_POINT('',(152.4,50.8,-76.2));
#1018 = SURFACE_CURVE('',#1019,(#1023,#1030),.PCURVE_S1.);
#1019 = LINE('',#1020,#1021);
#1020 = CARTESIAN_POINT('',(152.4,-50.8,-76.2));
#1021 = VECTOR('',#1022,1.);
#1022 = DIRECTION('',(0.,1.,0.));
#1023 = PCURVE('',#996,#1024);
#1024 = DEFINITIONAL_REPRESENTATION('',(#1025),#1029);
#1025 = LINE('',#1026,#1027);
#1026 = CARTESIAN_POINT('',(0.,0.));
#1027 = VECTOR('',#1028,1.);
#1028 = DIRECTION('',(0.,-1.));
#1029 = ( GEOMETRIC_REPRESENTATION_CONTEXT(2) 
PARAMETRIC_REPRESENTATION_CONTEXT() REPRESENTATION_CONTEXT('2D SPACE',''
  ) );
#1030 = PCURVE('',#916,#1031);
#1031 = DEFINITIONAL_REPRESENTATION('',(#1032),#1036);
#1032 = LINE('',#1033,#1034);
#1033 = CARTESIAN_POINT('',(304.8,0.));
#1034 = VECTOR('',#1035,1.);
#1035 = DIRECTION('',(0.,1.));
#1036 = ( GEOMETRIC_REPRESENTATION_CONTEXT(2) 
PARAMETRIC_REPRESENTATION_CONTEXT() REPRESENTATION_CONTEXT('2D SPACE',''
  ) );
#1037 = ORIENTED_EDGE('',*,*,#1038,.T.);
#1038 = EDGE_CURVE('',#1016,#1039,#1041,.T.);
#1039 = VERTEX_POINT('',#1040);
#1040 = CARTESIAN_POINT('',(152.4,50.8,76.2));
#1041 = SURFACE_CURVE('',#1042,(#1046,#1053),.PCURVE_S1.);
#1042 = LINE('',#1043,#1044);
#1043 = CARTESIAN_POINT('',(152.4,50.8,-76.2));
#1044 = VECTOR('',#1045,1.);
#1045 = DIRECTION('',(0.,0.,1.));
#1046 = PCURVE('',#996,#1047);
#1047 = DEFINITIONAL_REPRESENTATION('',(#1048),#1052);
#1048 = LINE('',#1049,#1050);
#1049 = CARTESIAN_POINT('',(0.,-101.6));
#1050 = VECTOR('',#1051,1.);
#1051 = DIRECTION('',(1.,0.));
#1052 = ( GEOMETRIC_REPRESENTATION_CONTEXT(2) 
PARAMETRIC_REPRESENTATION_CONTEXT() REPRESENTATION_CONTEXT('2D SPACE',''
  ) );
#1053 = PCURVE('',#944,#1054);
#1054 = DEFINITIONAL_REPRESENTATION('',(#1055),#1059);
#1055 = LINE('',#1056,#1057);
#1056 = CARTESIAN_POINT('',(0.,304.8));
#1057 = VECTOR('',#1058,1.);
#1058 = DIRECTION('',(1.,0.));
#1059 = ( GEOMETRIC_REPRESENTATION_CONTEXT(2) 
PARAMETRIC_REPRESENTATION_CONTEXT() REPRESENTATION_CONTEXT('2D SPACE',''
  ) );
#1060 = ORIENTED_EDGE('',*,*,#1061,.F.);
#1061 = EDGE_CURVE('',#988,#1039,#1062,.T.);
#1062 = SURFACE_CURVE('',#1063,(#1067,#1074),.PCURVE_S1.);
#1063 = LINE('',#1064,#1065);
#1064 = CARTESIAN_POINT('',(152.4,-50.8,76.2));
#1065 = VECTOR('',#1066,1.);
#1066 = DIRECTION('',(0.,1.,0.));
#1067 = PCURVE('',#996,#1068);
#1068 = DEFINITIONAL_REPRESENTATION('',(#1069),#1073);
#1069 = LINE('',#1070,#1071);
#1070 = CARTESIAN_POINT('',(152.4,0.));
#1071 = VECTOR('',#1072,1.);
#1072 = DIRECTION('',(0.,-1.));
#1073 = ( GEOMETRIC_REPRESENTATION_CONTEXT(2) 
PARAMETRIC_REPRESENTATION_CONTEXT() REPRESENTATION_CONTEXT('2D SPACE',''
  ) );
#1074 = PCURVE('',#970,#1075);
#1075 = DEFINITIONAL_REPRESENTATION('',(#1076),#1080);
#1076 = LINE('',#1077,#1078);
#1077 = CARTESIAN_POINT('',(304.8,0.));
#1078 = VECTOR('',#1079,1.);
#1079 = DIRECTION('',(0.,1.));
#1080 = ( GEOMETRIC_REPRESENTATION_CONTEXT(2) 
PARAMETRIC_REPRESENTATION_CONTEXT() REPRESENTATION_CONTEXT('2D SPACE',''
  ) );
#1081 = ADVANCED_FACE('',(#1082),#888,.F.);
#1082 = FACE_BOUND('',#1083,.F.);
#1083 = EDGE_LOOP('',(#1084,#1105,#1106,#1127));
#1084 = ORIENTED_EDGE('',*,*,#1085,.F.);
#1085 = EDGE_CURVE('',#866,#986,#1086,.T.);
#1086 = SURFACE_CURVE('',#1087,(#1091,#1098),.PCURVE_S1.);
#1087 = LINE('',#1088,#1089);
#1088 = CARTESIAN_POINT('',(-152.4,-50.8,-76.2));
#1089 = VECTOR('',#1090,1.);
#1090 = DIRECTION('',(1.,0.,0.));
#1091 = PCURVE('',#888,#1092);
#1092 = DEFINITIONAL_REPRESENTATION('',(#1093),#1097);
#1093 = LINE('',#1094,#1095);
#1094 = CARTESIAN_POINT('',(0.,0.));
#1095 = VECTOR('',#1096,1.);
#1096 = DIRECTION('',(0.,1.));
#1097 = ( GEOMETRIC_REPRESENTATION_CONTEXT(2) 
PARAMETRIC_REPRESENTATION_CONTEXT() REPRESENTATION_CONTEXT('2D SPACE',''
  ) );
#1098 = PCURVE('',#916,#1099);
#1099 = DEFINITIONAL_REPRESENTATION('',(#1100),#1104);
#1100 = LINE('',#1101,#1102);
#1101 = CARTESIAN_POINT('',(0.,0.));
#1102 = VECTOR('',#1103,1.);
#1103 = DIRECTION('',(1.,0.));
#1104 = ( GEOMETRIC_REPRESENTATION_CONTEXT(2) 
PARAMETRIC_REPRESENTATION_CONTEXT() REPRESENTATION_CONTEXT('2D SPACE',''
  ) );
#1105 = ORIENTED_EDGE('',*,*,#865,.T.);
#1106 = ORIENTED_EDGE('',*,*,#1107,.T.);
#1107 = EDGE_CURVE('',#868,#988,#1108,.T.);
#1108 = SURFACE_CURVE('',#1109,(#1113,#1120),.PCURVE_S1.);
#1109 = LINE('',#1110,#1111);
#1110 = CARTESIAN_POINT('',(-152.4,-50.8,76.2));
#1111 = VECTOR('',#1112,1.);
#1112 = DIRECTION('',(1.,0.,0.));
#1113 = PCURVE('',#888,#1114);
#1114 = DEFINITIONAL_REPRESENTATION('',(#1115),#1119);
#1115 = LINE('',#1116,#1117);
#1116 = CARTESIAN_POINT('',(152.4,0.));
#1117 = VECTOR('',#1118,1.);
#1118 = DIRECTION('',(0.,1.));
#1119 = ( GEOMETRIC_REPRESENTATION_CONTEXT(2) 
PARAMETRIC_REPRESENTATION_CONTEXT() REPRESENTATION_CONTEXT('2D SPACE',''
  ) );
#1120 = PCURVE('',#970,#1121);
#1121 = DEFINITIONAL_REPRESENTATION('',(#1122),#1126);
#1122 = LINE('',#1123,#1124);
#1123 = CARTESIAN_POINT('',(0.,0.));
#1124 = VECTOR('',#1125,1.);
#1125 = DIRECTION('',(1.,0.));
#1126 = ( GEOMETRIC_REPRESENTATION_CONTEXT(2) 
PARAMETRIC_REPRESENTATION_CONTEXT() REPRESENTATION_CONTEXT('2D SPACE',''
  ) );
#1127 = ORIENTED_EDGE('',*,*,#985,.F.);
#1128 = ADVANCED_FACE('',(#1129),#944,.T.);
#1129 = FACE_BOUND('',#1130,.T.);
#1130 = EDGE_LOOP('',(#1131,#1152,#1153,#1174));
#1131 = ORIENTED_EDGE('',*,*,#1132,.F.);
#1132 = EDGE_CURVE('',#901,#1016,#1133,.T.);
#1133 = SURFACE_CURVE('',#1134,(#1138,#1145),.PCURVE_S1.);
#1134 = LINE('',#1135,#1136);
#1135 = CARTESIAN_POINT('',(-152.4,50.8,-76.2));
#1136 = VECTOR('',#1137,1.);
#1137 = DIRECTION('',(1.,0.,0.));
#1138 = PCURVE('',#944,#1139);
#1139 = DEFINITIONAL_REPRESENTATION('',(#1140),#1144);
#1140 = LINE('',#1141,#1142);
#1141 = CARTESIAN_POINT('',(0.,0.));
#1142 = VECTOR('',#1143,1.);
#1143 = DIRECTION('',(0.,1.));
#1144 = ( GEOMETRIC_REPRESENTATION_CONTEXT(2) 
PARAMETRIC_REPRESENTATION_CONTEXT() REPRESENTATION_CONTEXT('2D SPACE',''
  ) );
#1145 = PCURVE('',#916,#1146);
#1146 = DEFINITIONAL_REPRESENTATION('',(#1147),#1151);
#1147 = LINE('',#1148,#1149);
#1148 = CARTESIAN_POINT('',(0.,101.6));
#1149 = VECTOR('',#1150,1.);
#1150 = DIRECTION('',(1.,0.));
#1151 = ( GEOMETRIC_REPRESENTATION_CONTEXT(2) 
PARAMETRIC_REPRESENTATION_CONTEXT() REPRESENTATION_CONTEXT('2D SPACE',''
  ) );
#1152 = ORIENTED_EDGE('',*,*,#928,.T.);
#1153 = ORIENTED_EDGE('',*,*,#1154,.T.);
#1154 = EDGE_CURVE('',#929,#1039,#1155,.T.);
#1155 = SURFACE_CURVE('',#1156,(#1160,#1167),.PCURVE_S1.);
#1156 = LINE('',#1157,#1158);
#1157 = CARTESIAN_POINT('',(-152.4,50.8,76.2));
#1158 = VECTOR('',#1159,1.);
#1159 = DIRECTION('',(1.,0.,0.));
#1160 = PCURVE('',#944,#1161);
#1161 = DEFINITIONAL_REPRESENTATION('',(#1162),#1166);
#1162 = LINE('',#1163,#1164);
#1163 = CARTESIAN_POINT('',(152.4,0.));
#1164 = VECTOR('',#1165,1.);
#1165 = DIRECTION('',(0.,1.));
#1166 = ( GEOMETRIC_REPRESENTATION_CONTEXT(2) 
PARAMETRIC_REPRESENTATION_CONTEXT() REPRESENTATION_CONTEXT('2D SPACE',''
  ) );
#1167 = PCURVE('',#970,#1168);
#1168 = DEFINITIONAL_REPRESENTATION('',(#1169),#1173);
#1169 = LINE('',#1170,#1171);
#1170 = CARTESIAN_POINT('',(0.,101.6));
#1171 = VECTOR('',#1172,1.);
#1172 = DIRECTION('',(1.,0.));
#1173 = ( GEOMETRIC_REPRESENTATION_CONTEXT(2) 
PARAMETRIC_REPRESENTATION_CONTEXT() REPRESENTATION_CONTEXT('2D SPACE',''
  ) );
#1174 = ORIENTED_EDGE('',*,*,#1038,.F.);
#1175 = ADVANCED_FACE('',(#1176),#916,.F.);
#1176 = FACE_BOUND('',#1177,.F.);
#1177 = EDGE_LOOP('',(#1178,#1179,#1180,#1181));
#1178 = ORIENTED_EDGE('',*,*,#900,.F.);
#1179 = ORIENTED_EDGE('',*,*,#1085,.T.);
#1180 = ORIENTED_EDGE('',*,*,#1015,.T.);
#1181 = ORIENTED_EDGE('',*,*,#1132,.F.);
#1182 = ADVANCED_FACE('',(#1183),#970,.T.);
#1183 = FACE_BOUND('',#1184,.T.);
#1184 = EDGE_LOOP('',(#1185,#1186,#1187,#1188));
#1185 = ORIENTED_EDGE('',*,*,#956,.F.);
#1186 = ORIENTED_EDGE('',*,*,#1107,.T.);
#1187 = ORIENTED_EDGE('',*,*,#1061,.T.);
#1188 = ORIENTED_EDGE('',*,*,#1154,.F.);
#1189 = ( GEOMETRIC_REPRESENTATION_CONTEXT(3) 
GLOBAL_UNCERTAINTY_ASSIGNED_CONTEXT((#1193)) 
GLOBAL_UNIT_ASSIGNED_CONTEXT((#1190,#1191,#1192)) REPRESENTATION_CONTEXT
('Context #1','3D Context with UNIT and UNCERTAINTY') );
#1190 = ( LENGTH_UNIT() NAMED_UNIT(*) SI_UNIT(.MILLI.,.METRE.) );
#1191 = ( NAMED_UNIT(*) PLANE_ANGLE_UNIT() SI_UNIT($,.RADIAN.) );
#1192 = ( NAMED_UNIT(*) SI_UNIT($,.STERADIAN.) SOLID_ANGLE_UNIT() );
#1193 = UNCERTAINTY_MEASURE_WITH_UNIT(LENGTH_MEASURE(1.E-07),#1190,
  'distance_accuracy_value','confusion accuracy');
#1194 = CONTEXT_DEPENDENT_SHAPE_REPRESENTATION(#1195,#1197);
#1195 = ( REPRESENTATION_RELATIONSHIP('','',#858,#10) 
REPRESENTATION_RELATIONSHIP_WITH_TRANSFORMATION(#1196) 
SHAPE_REPRESENTATION_RELATIONSHIP() );
#1196 = ITEM_DEFINED_TRANSFORMATION('','',#11,#23);
#1197 = PRODUCT_DEFINITION_SHAPE('Placement','Placement of an item',
  #1198);
#1198 = NEXT_ASSEMBLY_USAGE_OCCURRENCE('3','coupler','',#5,#853,$);
#1199 = PRODUCT_RELATED_PRODUCT_CATEGORY('part',$,(#855));
#1200 = SHAPE_DEFINITION_REPRESENTATION(#1201,#1207);
#1201 = PRODUCT_DEFINITION_SHAPE('','',#1202);
#1202 = PRODUCT_DEFINITION('design','',#1203,#1206);
#1203 = PRODUCT_DEFINITION_FORMATION('','',#1204);
#1204 = PRODUCT('tongue_jack','tongue_jack','',(#1205));
#1205 = PRODUCT_CONTEXT('',#2,'mechanical');
#1206 = PRODUCT_DEFINITION_CONTEXT('part definition',#2,'design');
#1207 = ADVANCED_BREP_SHAPE_REPRESENTATION('',(#11,#1208),#1306);
#1208 = MANIFOLD_SOLID_BREP('',#1209);
#1209 = CLOSED_SHELL('',(#1210,#1298,#1302));
#1210 = ADVANCED_FACE('',(#1211),#1224,.T.);
#1211 = FACE_BOUND('',#1212,.T.);
#1212 = EDGE_LOOP('',(#1213,#1247,#1270,#1297));
#1213 = ORIENTED_EDGE('',*,*,#1214,.F.);
#1214 = EDGE_CURVE('',#1215,#1215,#1217,.T.);
#1215 = VERTEX_POINT('',#1216);
#1216 = CARTESIAN_POINT('',(31.75,-7.776507174586E-15,279.4));
#1217 = SURFACE_CURVE('',#1218,(#1223,#1235),.PCURVE_S1.);
#1218 = CIRCLE('',#1219,31.75);
#1219 = AXIS2_PLACEMENT_3D('',#1220,#1221,#1222);
#1220 = CARTESIAN_POINT('',(0.,0.,279.4));
#1221 = DIRECTION('',(0.,0.,1.));
#1222 = DIRECTION('',(1.,0.,0.));
#1223 = PCURVE('',#1224,#1229);
#1224 = CYLINDRICAL_SURFACE('',#1225,31.75);
#1225 = AXIS2_PLACEMENT_3D('',#1226,#1227,#1228);
#1226 = CARTESIAN_POINT('',(0.,0.,-279.4));
#1227 = DIRECTION('',(0.,0.,1.));
#1228 = DIRECTION('',(1.,0.,0.));
#1229 = DEFINITIONAL_REPRESENTATION('',(#1230),#1234);
#1230 = LINE('',#1231,#1232);
#1231 = CARTESIAN_POINT('',(0.,558.8));
#1232 = VECTOR('',#1233,1.);
#1233 = DIRECTION('',(1.,0.));
#1234 = ( GEOMETRIC_REPRESENTATION_CONTEXT(2) 
PARAMETRIC_REPRESENTATION_CONTEXT() REPRESENTATION_CONTEXT('2D SPACE',''
  ) );
#1235 = PCURVE('',#1236,#1241);
#1236 = PLANE('',#1237);
#1237 = AXIS2_PLACEMENT_3D('',#1238,#1239,#1240);
#1238 = CARTESIAN_POINT('',(0.,0.,279.4));
#1239 = DIRECTION('',(0.,0.,1.));
#1240 = DIRECTION('',(1.,0.,0.));
#1241 = DEFINITIONAL_REPRESENTATION('',(#1242),#1246);
#1242 = CIRCLE('',#1243,31.75);
#1243 = AXIS2_PLACEMENT_2D('',#1244,#1245);
#1244 = CARTESIAN_POINT('',(0.,0.));
#1245 = DIRECTION('',(1.,0.));
#1246 = ( GEOMETRIC_REPRESENTATION_CONTEXT(2) 
PARAMETRIC_REPRESENTATION_CONTEXT() REPRESENTATION_CONTEXT('2D SPACE',''
  ) );
#1247 = ORIENTED_EDGE('',*,*,#1248,.F.);
#1248 = EDGE_CURVE('',#1249,#1215,#1251,.T.);
#1249 = VERTEX_POINT('',#1250);
#1250 = CARTESIAN_POINT('',(31.75,-7.776507174586E-15,-279.4));
#1251 = SEAM_CURVE('',#1252,(#1256,#1263),.PCURVE_S1.);
#1252 = LINE('',#1253,#1254);
#1253 = CARTESIAN_POINT('',(31.75,-7.776507174586E-15,-279.4));
#1254 = VECTOR('',#1255,1.);
#1255 = DIRECTION('',(0.,0.,1.));
#1256 = PCURVE('',#1224,#1257);
#1257 = DEFINITIONAL_REPRESENTATION('',(#1258),#1262);
#1258 = LINE('',#1259,#1260);
#1259 = CARTESIAN_POINT('',(6.28318530718,-0.));
#1260 = VECTOR('',#1261,1.);
#1261 = DIRECTION('',(0.,1.));
#1262 = ( GEOMETRIC_REPRESENTATION_CONTEXT(2) 
PARAMETRIC_REPRESENTATION_CONTEXT() REPRESENTATION_CONTEXT('2D SPACE',''
  ) );
#1263 = PCURVE('',#1224,#1264);
#1264 = DEFINITIONAL_REPRESENTATION('',(#1265),#1269);
#1265 = LINE('',#1266,#1267);
#1266 = CARTESIAN_POINT('',(0.,-0.));
#1267 = VECTOR('',#1268,1.);
#1268 = DIRECTION('',(0.,1.));
#1269 = ( GEOMETRIC_REPRESENTATION_CONTEXT(2) 
PARAMETRIC_REPRESENTATION_CONTEXT() REPRESENTATION_CONTEXT('2D SPACE',''
  ) );
#1270 = ORIENTED_EDGE('',*,*,#1271,.T.);
#1271 = EDGE_CURVE('',#1249,#1249,#1272,.T.);
#1272 = SURFACE_CURVE('',#1273,(#1278,#1285),.PCURVE_S1.);
#1273 = CIRCLE('',#1274,31.75);
#1274 = AXIS2_PLACEMENT_3D('',#1275,#1276,#1277);
#1275 = CARTESIAN_POINT('',(0.,0.,-279.4));
#1276 = DIRECTION('',(0.,0.,1.));
#1277 = DIRECTION('',(1.,0.,0.));
#1278 = PCURVE('',#1224,#1279);
#1279 = DEFINITIONAL_REPRESENTATION('',(#1280),#1284);
#1280 = LINE('',#1281,#1282);
#1281 = CARTESIAN_POINT('',(0.,0.));
#1282 = VECTOR('',#1283,1.);
#1283 = DIRECTION('',(1.,0.));
#1284 = ( GEOMETRIC_REPRESENTATION_CONTEXT(2) 
PARAMETRIC_REPRESENTATION_CONTEXT() REPRESENTATION_CONTEXT('2D SPACE',''
  ) );
#1285 = PCURVE('',#1286,#1291);
#1286 = PLANE('',#1287);
#1287 = AXIS2_PLACEMENT_3D('',#1288,#1289,#1290);
#1288 = CARTESIAN_POINT('',(0.,0.,-279.4));
#1289 = DIRECTION('',(0.,0.,1.));
#1290 = DIRECTION('',(1.,0.,0.));
#1291 = DEFINITIONAL_REPRESENTATION('',(#1292),#1296);
#1292 = CIRCLE('',#1293,31.75);
#1293 = AXIS2_PLACEMENT_2D('',#1294,#1295);
#1294 = CARTESIAN_POINT('',(0.,0.));
#1295 = DIRECTION('',(1.,0.));
#1296 = ( GEOMETRIC_REPRESENTATION_CONTEXT(2) 
PARAMETRIC_REPRESENTATION_CONTEXT() REPRESENTATION_CONTEXT('2D SPACE',''
  ) );
#1297 = ORIENTED_EDGE('',*,*,#1248,.T.);
#1298 = ADVANCED_FACE('',(#1299),#1236,.T.);
#1299 = FACE_BOUND('',#1300,.T.);
#1300 = EDGE_LOOP('',(#1301));
#1301 = ORIENTED_EDGE('',*,*,#1214,.T.);
#1302 = ADVANCED_FACE('',(#1303),#1286,.F.);
#1303 = FACE_BOUND('',#1304,.T.);
#1304 = EDGE_LOOP('',(#1305));
#1305 = ORIENTED_EDGE('',*,*,#1271,.F.);
#1306 = ( GEOMETRIC_REPRESENTATION_CONTEXT(3) 
GLOBAL_UNCERTAINTY_ASSIGNED_CONTEXT((#1310)) 
GLOBAL_UNIT_ASSIGNED_CONTEXT((#1307,#1308,#1309)) REPRESENTATION_CONTEXT
('Context #1','3D Context with UNIT and UNCERTAINTY') );
#1307 = ( LENGTH_UNIT() NAMED_UNIT(*) SI_UNIT(.MILLI.,.METRE.) );
#1308 = ( NAMED_UNIT(*) PLANE_ANGLE_UNIT() SI_UNIT($,.RADIAN.) );
#1309 = ( NAMED_UNIT(*) SI_UNIT($,.STERADIAN.) SOLID_ANGLE_UNIT() );
#1310 = UNCERTAINTY_MEASURE_WITH_UNIT(LENGTH_MEASURE(1.E-07),#1307,
  'distance_accuracy_value','confusion accuracy');
#1311 = CONTEXT_DEPENDENT_SHAPE_REPRESENTATION(#1312,#1314);
#1312 = ( REPRESENTATION_RELATIONSHIP('','',#1207,#10) 
REPRESENTATION_RELATIONSHIP_WITH_TRANSFORMATION(#1313) 
SHAPE_REPRESENTATION_RELATIONSHIP() );
#1313 = ITEM_DEFINED_TRANSFORMATION('','',#11,#27);
#1314 = PRODUCT_DEFINITION_SHAPE('Placement','Placement of an item',
  #1315);
#1315 = NEXT_ASSEMBLY_USAGE_OCCURRENCE('4','tongue_jack','',#5,#1202,$);
#1316 = PRODUCT_RELATED_PRODUCT_CATEGORY('part',$,(#1204));
#1317 = SHAPE_DEFINITION_REPRESENTATION(#1318,#1324);
#1318 = PRODUCT_DEFINITION_SHAPE('','',#1319);
#1319 = PRODUCT_DEFINITION('design','',#1320,#1323);
#1320 = PRODUCT_DEFINITION_FORMATION('','',#1321);
#1321 = PRODUCT('axle:1','axle:1','',(#1322));
#1322 = PRODUCT_CONTEXT('',#2,'mechanical');
#1323 = PRODUCT_DEFINITION_CONTEXT('part definition',#2,'design');
#1324 = ADVANCED_BREP_SHAPE_REPRESENTATION('',(#11,#1325),#1423);
#1325 = MANIFOLD_SOLID_BREP('',#1326);
#1326 = CLOSED_SHELL('',(#1327,#1415,#1419));
#1327 = ADVANCED_FACE('',(#1328),#1341,.T.);
#1328 = FACE_BOUND('',#1329,.T.);
#1329 = EDGE_LOOP('',(#1330,#1364,#1387,#1414));
#1330 = ORIENTED_EDGE('',*,*,#1331,.F.);
#1331 = EDGE_CURVE('',#1332,#1332,#1334,.T.);
#1332 = VERTEX_POINT('',#1333);
#1333 = CARTESIAN_POINT('',(44.45,-1.143E+03,2.429098733849E-13));
#1334 = SURFACE_CURVE('',#1335,(#1340,#1352),.PCURVE_S1.);
#1335 = CIRCLE('',#1336,44.45);
#1336 = AXIS2_PLACEMENT_3D('',#1337,#1338,#1339);
#1337 = CARTESIAN_POINT('',(0.,-1.143E+03,2.537969834293E-13));
#1338 = DIRECTION('',(0.,-1.,2.22044604925E-16));
#1339 = DIRECTION('',(1.,0.,0.));
#1340 = PCURVE('',#1341,#1346);
#1341 = CYLINDRICAL_SURFACE('',#1342,44.45);
#1342 = AXIS2_PLACEMENT_3D('',#1343,#1344,#1345);
#1343 = CARTESIAN_POINT('',(0.,1.143E+03,-2.537969834293E-13));
#1344 = DIRECTION('',(0.,-1.,2.22044604925E-16));
#1345 = DIRECTION('',(1.,0.,0.));
#1346 = DEFINITIONAL_REPRESENTATION('',(#1347),#1351);
#1347 = LINE('',#1348,#1349);
#1348 = CARTESIAN_POINT('',(0.,2.286E+03));
#1349 = VECTOR('',#1350,1.);
#1350 = DIRECTION('',(1.,0.));
#1351 = ( GEOMETRIC_REPRESENTATION_CONTEXT(2) 
PARAMETRIC_REPRESENTATION_CONTEXT() REPRESENTATION_CONTEXT('2D SPACE',''
  ) );
#1352 = PCURVE('',#1353,#1358);
#1353 = PLANE('',#1354);
#1354 = AXIS2_PLACEMENT_3D('',#1355,#1356,#1357);
#1355 = CARTESIAN_POINT('',(0.,-1.143E+03,2.537969834293E-13));
#1356 = DIRECTION('',(0.,-1.,2.22044604925E-16));
#1357 = DIRECTION('',(1.,0.,0.));
#1358 = DEFINITIONAL_REPRESENTATION('',(#1359),#1363);
#1359 = CIRCLE('',#1360,44.45);
#1360 = AXIS2_PLACEMENT_2D('',#1361,#1362);
#1361 = CARTESIAN_POINT('',(0.,0.));
#1362 = DIRECTION('',(1.,0.));
#1363 = ( GEOMETRIC_REPRESENTATION_CONTEXT(2) 
PARAMETRIC_REPRESENTATION_CONTEXT() REPRESENTATION_CONTEXT('2D SPACE',''
  ) );
#1364 = ORIENTED_EDGE('',*,*,#1365,.F.);
#1365 = EDGE_CURVE('',#1366,#1332,#1368,.T.);
#1366 = VERTEX_POINT('',#1367);
#1367 = CARTESIAN_POINT('',(44.45,1.143E+03,-2.646840934737E-13));
#1368 = SEAM_CURVE('',#1369,(#1373,#1380),.PCURVE_S1.);
#1369 = LINE('',#1370,#1371);
#1370 = CARTESIAN_POINT('',(44.45,1.143E+03,-2.646840934737E-13));
#1371 = VECTOR('',#1372,1.);
#1372 = DIRECTION('',(0.,-1.,2.22044604925E-16));
#1373 = PCURVE('',#1341,#1374);
#1374 = DEFINITIONAL_REPRESENTATION('',(#1375),#1379);
#1375 = LINE('',#1376,#1377);
#1376 = CARTESIAN_POINT('',(6.28318530718,-0.));
#1377 = VECTOR('',#1378,1.);
#1378 = DIRECTION('',(0.,1.));
#1379 = ( GEOMETRIC_REPRESENTATION_CONTEXT(2) 
PARAMETRIC_REPRESENTATION_CONTEXT() REPRESENTATION_CONTEXT('2D SPACE',''
  ) );
#1380 = PCURVE('',#1341,#1381);
#1381 = DEFINITIONAL_REPRESENTATION('',(#1382),#1386);
#1382 = LINE('',#1383,#1384);
#1383 = CARTESIAN_POINT('',(0.,-0.));
#1384 = VECTOR('',#1385,1.);
#1385 = DIRECTION('',(0.,1.));
#1386 = ( GEOMETRIC_REPRESENTATION_CONTEXT(2) 
PARAMETRIC_REPRESENTATION_CONTEXT() REPRESENTATION_CONTEXT('2D SPACE',''
  ) );
#1387 = ORIENTED_EDGE('',*,*,#1388,.T.);
#1388 = EDGE_CURVE('',#1366,#1366,#1389,.T.);
#1389 = SURFACE_CURVE('',#1390,(#1395,#1402),.PCURVE_S1.);
#1390 = CIRCLE('',#1391,44.45);
#1391 = AXIS2_PLACEMENT_3D('',#1392,#1393,#1394);
#1392 = CARTESIAN_POINT('',(0.,1.143E+03,-2.537969834293E-13));
#1393 = DIRECTION('',(0.,-1.,2.22044604925E-16));
#1394 = DIRECTION('',(1.,0.,0.));
#1395 = PCURVE('',#1341,#1396);
#1396 = DEFINITIONAL_REPRESENTATION('',(#1397),#1401);
#1397 = LINE('',#1398,#1399);
#1398 = CARTESIAN_POINT('',(0.,0.));
#1399 = VECTOR('',#1400,1.);
#1400 = DIRECTION('',(1.,0.));
#1401 = ( GEOMETRIC_REPRESENTATION_CONTEXT(2) 
PARAMETRIC_REPRESENTATION_CONTEXT() REPRESENTATION_CONTEXT('2D SPACE',''
  ) );
#1402 = PCURVE('',#1403,#1408);
#1403 = PLANE('',#1404);
#1404 = AXIS2_PLACEMENT_3D('',#1405,#1406,#1407);
#1405 = CARTESIAN_POINT('',(0.,1.143E+03,-2.537969834293E-13));
#1406 = DIRECTION('',(0.,-1.,2.22044604925E-16));
#1407 = DIRECTION('',(1.,0.,0.));
#1408 = DEFINITIONAL_REPRESENTATION('',(#1409),#1413);
#1409 = CIRCLE('',#1410,44.45);
#1410 = AXIS2_PLACEMENT_2D('',#1411,#1412);
#1411 = CARTESIAN_POINT('',(0.,0.));
#1412 = DIRECTION('',(1.,0.));
#1413 = ( GEOMETRIC_REPRESENTATION_CONTEXT(2) 
PARAMETRIC_REPRESENTATION_CONTEXT() REPRESENTATION_CONTEXT('2D SPACE',''
  ) );
#1414 = ORIENTED_EDGE('',*,*,#1365,.T.);
#1415 = ADVANCED_FACE('',(#1416),#1353,.T.);
#1416 = FACE_BOUND('',#1417,.T.);
#1417 = EDGE_LOOP('',(#1418));
#1418 = ORIENTED_EDGE('',*,*,#1331,.T.);
#1419 = ADVANCED_FACE('',(#1420),#1403,.F.);
#1420 = FACE_BOUND('',#1421,.T.);
#1421 = EDGE_LOOP('',(#1422));
#1422 = ORIENTED_EDGE('',*,*,#1388,.F.);
#1423 = ( GEOMETRIC_REPRESENTATION_CONTEXT(3) 
GLOBAL_UNCERTAINTY_ASSIGNED_CONTEXT((#1427)) 
GLOBAL_UNIT_ASSIGNED_CONTEXT((#1424,#1425,#1426)) REPRESENTATION_CONTEXT
('Context #1','3D Context with UNIT and UNCERTAINTY') );
#1424 = ( LENGTH_UNIT() NAMED_UNIT(*) SI_UNIT(.MILLI.,.METRE.) );
#1425 = ( NAMED_UNIT(*) PLANE_ANGLE_UNIT() SI_UNIT($,.RADIAN.) );
#1426 = ( NAMED_UNIT(*) SI_UNIT($,.STERADIAN.) SOLID_ANGLE_UNIT() );
#1427 = UNCERTAINTY_MEASURE_WITH_UNIT(LENGTH_MEASURE(1.E-07),#1424,
  'distance_accuracy_value','confusion accuracy');
#1428 = CONTEXT_DEPENDENT_SHAPE_REPRESENTATION(#1429,#1431);
#1429 = ( REPRESENTATION_RELATIONSHIP('','',#1324,#10) 
REPRESENTATION_RELATIONSHIP_WITH_TRANSFORMATION(#1430) 
SHAPE_REPRESENTATION_RELATIONSHIP() );
#1430 = ITEM_DEFINED_TRANSFORMATION('','',#11,#31);
#1431 = PRODUCT_DEFINITION_SHAPE('Placement','Placement of an item',
  #1432);
#1432 = NEXT_ASSEMBLY_USAGE_OCCURRENCE('5','axle:1','',#5,#1319,$);
#1433 = PRODUCT_RELATED_PRODUCT_CATEGORY('part',$,(#1321));
#1434 = SHAPE_DEFINITION_REPRESENTATION(#1435,#1441);
#1435 = PRODUCT_DEFINITION_SHAPE('','',#1436);
#1436 = PRODUCT_DEFINITION('design','',#1437,#1440);
#1437 = PRODUCT_DEFINITION_FORMATION('','',#1438);
#1438 = PRODUCT('wheel:1_left','wheel:1_left','',(#1439));
#1439 = PRODUCT_CONTEXT('',#2,'mechanical');
#1440 = PRODUCT_DEFINITION_CONTEXT('part definition',#2,'design');
#1441 = ADVANCED_BREP_SHAPE_REPRESENTATION('',(#11,#1442),#1720);
#1442 = MANIFOLD_SOLID_BREP('',#1443);
#1443 = CLOSED_SHELL('',(#1444,#1532,#1567,#1571,#1626,#1661,#1716));
#1444 = ADVANCED_FACE('',(#1445),#1459,.T.);
#1445 = FACE_BOUND('',#1446,.T.);
#1446 = EDGE_LOOP('',(#1447,#1477,#1504,#1505));
#1447 = ORIENTED_EDGE('',*,*,#1448,.T.);
#1448 = EDGE_CURVE('',#1449,#1451,#1453,.T.);
#1449 = VERTEX_POINT('',#1450);
#1450 = CARTESIAN_POINT('',(101.6,-120.65,1.904858625531E-15));
#1451 = VERTEX_POINT('',#1452);
#1452 = CARTESIAN_POINT('',(101.6,-139.7,6.134808349353E-15));
#1453 = SEAM_CURVE('',#1454,(#1458,#1470),.PCURVE_S1.);
#1454 = LINE('',#1455,#1456);
#1455 = CARTESIAN_POINT('',(101.6,139.7,-5.59044542667E-14));
#1456 = VECTOR('',#1457,1.);
#1457 = DIRECTION('',(0.,-1.,2.22044604925E-16));
#1458 = PCURVE('',#1459,#1464);
#1459 = CYLINDRICAL_SURFACE('',#1460,101.6);
#1460 = AXIS2_PLACEMENT_3D('',#1461,#1462,#1463);
#1461 = CARTESIAN_POINT('',(0.,139.7,-3.101963130803E-14));
#1462 = DIRECTION('',(0.,-1.,2.22044604925E-16));
#1463 = DIRECTION('',(1.,0.,0.));
#1464 = DEFINITIONAL_REPRESENTATION('',(#1465),#1469);
#1465 = LINE('',#1466,#1467);
#1466 = CARTESIAN_POINT('',(6.28318530718,-0.));
#1467 = VECTOR('',#1468,1.);
#1468 = DIRECTION('',(0.,1.));
#1469 = ( GEOMETRIC_REPRESENTATION_CONTEXT(2) 
PARAMETRIC_REPRESENTATION_CONTEXT() REPRESENTATION_CONTEXT('2D SPACE',''
  ) );
#1470 = PCURVE('',#1459,#1471);
#1471 = DEFINITIONAL_REPRESENTATION('',(#1472),#1476);
#1472 = LINE('',#1473,#1474);
#1473 = CARTESIAN_POINT('',(0.,-0.));
#1474 = VECTOR('',#1475,1.);
#1475 = DIRECTION('',(0.,1.));
#1476 = ( GEOMETRIC_REPRESENTATION_CONTEXT(2) 
PARAMETRIC_REPRESENTATION_CONTEXT() REPRESENTATION_CONTEXT('2D SPACE',''
  ) );
#1477 = ORIENTED_EDGE('',*,*,#1478,.F.);
#1478 = EDGE_CURVE('',#1451,#1451,#1479,.T.);
#1479 = SURFACE_CURVE('',#1480,(#1485,#1492),.PCURVE_S1.);
#1480 = CIRCLE('',#1481,101.6);
#1481 = AXIS2_PLACEMENT_3D('',#1482,#1483,#1484);
#1482 = CARTESIAN_POINT('',(0.,-139.7,3.101963130803E-14));
#1483 = DIRECTION('',(0.,-1.,2.22044604925E-16));
#1484 = DIRECTION('',(1.,0.,0.));
#1485 = PCURVE('',#1459,#1486);
#1486 = DEFINITIONAL_REPRESENTATION('',(#1487),#1491);
#1487 = LINE('',#1488,#1489);
#1488 = CARTESIAN_POINT('',(0.,279.4));
#1489 = VECTOR('',#1490,1.);
#1490 = DIRECTION('',(1.,0.));
#1491 = ( GEOMETRIC_REPRESENTATION_CONTEXT(2) 
PARAMETRIC_REPRESENTATION_CONTEXT() REPRESENTATION_CONTEXT('2D SPACE',''
  ) );
#1492 = PCURVE('',#1493,#1498);
#1493 = PLANE('',#1494);
#1494 = AXIS2_PLACEMENT_3D('',#1495,#1496,#1497);
#1495 = CARTESIAN_POINT('',(0.,-139.7,3.101963130803E-14));
#1496 = DIRECTION('',(0.,-1.,2.22044604925E-16));
#1497 = DIRECTION('',(1.,0.,0.));
#1498 = DEFINITIONAL_REPRESENTATION('',(#1499),#1503);
#1499 = CIRCLE('',#1500,101.6);
#1500 = AXIS2_PLACEMENT_2D('',#1501,#1502);
#1501 = CARTESIAN_POINT('',(0.,0.));
#1502 = DIRECTION('',(1.,0.));
#1503 = ( GEOMETRIC_REPRESENTATION_CONTEXT(2) 
PARAMETRIC_REPRESENTATION_CONTEXT() REPRESENTATION_CONTEXT('2D SPACE',''
  ) );
#1504 = ORIENTED_EDGE('',*,*,#1448,.F.);
#1505 = ORIENTED_EDGE('',*,*,#1506,.T.);
#1506 = EDGE_CURVE('',#1449,#1449,#1507,.T.);
#1507 = SURFACE_CURVE('',#1508,(#1513,#1520),.PCURVE_S1.);
#1508 = CIRCLE('',#1509,101.6);
#1509 = AXIS2_PLACEMENT_3D('',#1510,#1511,#1512);
#1510 = CARTESIAN_POINT('',(0.,-120.65,2.678968158421E-14));
#1511 = DIRECTION('',(0.,-1.,2.22044604925E-16));
#1512 = DIRECTION('',(1.,0.,0.));
#1513 = PCURVE('',#1459,#1514);
#1514 = DEFINITIONAL_REPRESENTATION('',(#1515),#1519);
#1515 = LINE('',#1516,#1517);
#1516 = CARTESIAN_POINT('',(0.,260.35));
#1517 = VECTOR('',#1518,1.);
#1518 = DIRECTION('',(1.,0.));
#1519 = ( GEOMETRIC_REPRESENTATION_CONTEXT(2) 
PARAMETRIC_REPRESENTATION_CONTEXT() REPRESENTATION_CONTEXT('2D SPACE',''
  ) );
#1520 = PCURVE('',#1521,#1526);
#1521 = PLANE('',#1522);
#1522 = AXIS2_PLACEMENT_3D('',#1523,#1524,#1525);
#1523 = CARTESIAN_POINT('',(0.,-120.65,2.678968158421E-14));
#1524 = DIRECTION('',(0.,-1.,2.22044604925E-16));
#1525 = DIRECTION('',(1.,0.,0.));
#1526 = DEFINITIONAL_REPRESENTATION('',(#1527),#1531);
#1527 = CIRCLE('',#1528,101.6);
#1528 = AXIS2_PLACEMENT_2D('',#1529,#1530);
#1529 = CARTESIAN_POINT('',(0.,0.));
#1530 = DIRECTION('',(1.,0.));
#1531 = ( GEOMETRIC_REPRESENTATION_CONTEXT(2) 
PARAMETRIC_REPRESENTATION_CONTEXT() REPRESENTATION_CONTEXT('2D SPACE',''
  ) );
#1532 = ADVANCED_FACE('',(#1533,#1564),#1521,.T.);
#1533 = FACE_BOUND('',#1534,.T.);
#1534 = EDGE_LOOP('',(#1535));
#1535 = ORIENTED_EDGE('',*,*,#1536,.T.);
#1536 = EDGE_CURVE('',#1537,#1537,#1539,.T.);
#1537 = VERTEX_POINT('',#1538);
#1538 = CARTESIAN_POINT('',(406.4,-120.65,-7.274961025049E-14));
#1539 = SURFACE_CURVE('',#1540,(#1545,#1552),.PCURVE_S1.);
#1540 = CIRCLE('',#1541,406.4);
#1541 = AXIS2_PLACEMENT_3D('',#1542,#1543,#1544);
#1542 = CARTESIAN_POINT('',(0.,-120.65,2.678968158421E-14));
#1543 = DIRECTION('',(0.,-1.,2.22044604925E-16));
#1544 = DIRECTION('',(1.,0.,0.));
#1545 = PCURVE('',#1521,#1546);
#1546 = DEFINITIONAL_REPRESENTATION('',(#1547),#1551);
#1547 = CIRCLE('',#1548,406.4);
#1548 = AXIS2_PLACEMENT_2D('',#1549,#1550);
#1549 = CARTESIAN_POINT('',(0.,0.));
#1550 = DIRECTION('',(1.,0.));
#1551 = ( GEOMETRIC_REPRESENTATION_CONTEXT(2) 
PARAMETRIC_REPRESENTATION_CONTEXT() REPRESENTATION_CONTEXT('2D SPACE',''
  ) );
#1552 = PCURVE('',#1553,#1558);
#1553 = CYLINDRICAL_SURFACE('',#1554,406.4);
#1554 = AXIS2_PLACEMENT_3D('',#1555,#1556,#1557);
#1555 = CARTESIAN_POINT('',(0.,120.65,-2.678968158421E-14));
#1556 = DIRECTION('',(0.,-1.,2.22044604925E-16));
#1557 = DIRECTION('',(1.,0.,0.));
#1558 = DEFINITIONAL_REPRESENTATION('',(#1559),#1563);
#1559 = LINE('',#1560,#1561);
#1560 = CARTESIAN_POINT('',(0.,241.3));
#1561 = VECTOR('',#1562,1.);
#1562 = DIRECTION('',(1.,0.));
#1563 = ( GEOMETRIC_REPRESENTATION_CONTEXT(2) 
PARAMETRIC_REPRESENTATION_CONTEXT() REPRESENTATION_CONTEXT('2D SPACE',''
  ) );
#1564 = FACE_BOUND('',#1565,.T.);
#1565 = EDGE_LOOP('',(#1566));
#1566 = ORIENTED_EDGE('',*,*,#1506,.F.);
#1567 = ADVANCED_FACE('',(#1568),#1493,.T.);
#1568 = FACE_BOUND('',#1569,.T.);
#1569 = EDGE_LOOP('',(#1570));
#1570 = ORIENTED_EDGE('',*,*,#1478,.T.);
#1571 = ADVANCED_FACE('',(#1572),#1553,.T.);
#1572 = FACE_BOUND('',#1573,.T.);
#1573 = EDGE_LOOP('',(#1574,#1575,#1598,#1625));
#1574 = ORIENTED_EDGE('',*,*,#1536,.F.);
#1575 = ORIENTED_EDGE('',*,*,#1576,.F.);
#1576 = EDGE_CURVE('',#1577,#1537,#1579,.T.);
#1577 = VERTEX_POINT('',#1578);
#1578 = CARTESIAN_POINT('',(406.4,120.65,-1.263289734189E-13));
#1579 = SEAM_CURVE('',#1580,(#1584,#1591),.PCURVE_S1.);
#1580 = LINE('',#1581,#1582);
#1581 = CARTESIAN_POINT('',(406.4,120.65,-1.263289734189E-13));
#1582 = VECTOR('',#1583,1.);
#1583 = DIRECTION('',(0.,-1.,2.22044604925E-16));
#1584 = PCURVE('',#1553,#1585);
#1585 = DEFINITIONAL_REPRESENTATION('',(#1586),#1590);
#1586 = LINE('',#1587,#1588);
#1587 = CARTESIAN_POINT('',(6.28318530718,-0.));
#1588 = VECTOR('',#1589,1.);
#1589 = DIRECTION('',(0.,1.));
#1590 = ( GEOMETRIC_REPRESENTATION_CONTEXT(2) 
PARAMETRIC_REPRESENTATION_CONTEXT() REPRESENTATION_CONTEXT('2D SPACE',''
  ) );
#1591 = PCURVE('',#1553,#1592);
#1592 = DEFINITIONAL_REPRESENTATION('',(#1593),#1597);
#1593 = LINE('',#1594,#1595);
#1594 = CARTESIAN_POINT('',(0.,-0.));
#1595 = VECTOR('',#1596,1.);
#1596 = DIRECTION('',(0.,1.));
#1597 = ( GEOMETRIC_REPRESENTATION_CONTEXT(2) 
PARAMETRIC_REPRESENTATION_CONTEXT() REPRESENTATION_CONTEXT('2D SPACE',''
  ) );
#1598 = ORIENTED_EDGE('',*,*,#1599,.T.);
#1599 = EDGE_CURVE('',#1577,#1577,#1600,.T.);
#1600 = SURFACE_CURVE('',#1601,(#1606,#1613),.PCURVE_S1.);
#1601 = CIRCLE('',#1602,406.4);
#1602 = AXIS2_PLACEMENT_3D('',#1603,#1604,#1605);
#1603 = CARTESIAN_POINT('',(0.,120.65,-2.678968158421E-14));
#1604 = DIRECTION('',(0.,-1.,2.22044604925E-16));
#1605 = DIRECTION('',(1.,0.,0.));
#1606 = PCURVE('',#1553,#1607);
#1607 = DEFINITIONAL_REPRESENTATION('',(#1608),#1612);
#1608 = LINE('',#1609,#1610);
#1609 = CARTESIAN_POINT('',(0.,0.));
#1610 = VECTOR('',#1611,1.);
#1611 = DIRECTION('',(1.,0.));
#1612 = ( GEOMETRIC_REPRESENTATION_CONTEXT(2) 
PARAMETRIC_REPRESENTATION_CONTEXT() REPRESENTATION_CONTEXT('2D SPACE',''
  ) );
#1613 = PCURVE('',#1614,#1619);
#1614 = PLANE('',#1615);
#1615 = AXIS2_PLACEMENT_3D('',#1616,#1617,#1618);
#1616 = CARTESIAN_POINT('',(0.,120.65,-2.678968158421E-14));
#1617 = DIRECTION('',(0.,-1.,2.22044604925E-16));
#1618 = DIRECTION('',(1.,0.,0.));
#1619 = DEFINITIONAL_REPRESENTATION('',(#1620),#1624);
#1620 = CIRCLE('',#1621,406.4);
#1621 = AXIS2_PLACEMENT_2D('',#1622,#1623);
#1622 = CARTESIAN_POINT('',(0.,0.));
#1623 = DIRECTION('',(1.,0.));
#1624 = ( GEOMETRIC_REPRESENTATION_CONTEXT(2) 
PARAMETRIC_REPRESENTATION_CONTEXT() REPRESENTATION_CONTEXT('2D SPACE',''
  ) );
#1625 = ORIENTED_EDGE('',*,*,#1576,.T.);
#1626 = ADVANCED_FACE('',(#1627,#1630),#1614,.F.);
#1627 = FACE_BOUND('',#1628,.F.);
#1628 = EDGE_LOOP('',(#1629));
#1629 = ORIENTED_EDGE('',*,*,#1599,.T.);
#1630 = FACE_BOUND('',#1631,.F.);
#1631 = EDGE_LOOP('',(#1632));
#1632 = ORIENTED_EDGE('',*,*,#1633,.F.);
#1633 = EDGE_CURVE('',#1634,#1634,#1636,.T.);
#1634 = VERTEX_POINT('',#1635);
#1635 = CARTESIAN_POINT('',(101.6,120.65,-5.167450454288E-14));
#1636 = SURFACE_CURVE('',#1637,(#1642,#1649),.PCURVE_S1.);
#1637 = CIRCLE('',#1638,101.6);
#1638 = AXIS2_PLACEMENT_3D('',#1639,#1640,#1641);
#1639 = CARTESIAN_POINT('',(0.,120.65,-2.678968158421E-14));
#1640 = DIRECTION('',(0.,-1.,2.22044604925E-16));
#1641 = DIRECTION('',(1.,0.,0.));
#1642 = PCURVE('',#1614,#1643);
#1643 = DEFINITIONAL_REPRESENTATION('',(#1644),#1648);
#1644 = CIRCLE('',#1645,101.6);
#1645 = AXIS2_PLACEMENT_2D('',#1646,#1647);
#1646 = CARTESIAN_POINT('',(0.,0.));
#1647 = DIRECTION('',(1.,0.));
#1648 = ( GEOMETRIC_REPRESENTATION_CONTEXT(2) 
PARAMETRIC_REPRESENTATION_CONTEXT() REPRESENTATION_CONTEXT('2D SPACE',''
  ) );
#1649 = PCURVE('',#1650,#1655);
#1650 = CYLINDRICAL_SURFACE('',#1651,101.6);
#1651 = AXIS2_PLACEMENT_3D('',#1652,#1653,#1654);
#1652 = CARTESIAN_POINT('',(0.,139.7,-3.101963130803E-14));
#1653 = DIRECTION('',(0.,-1.,2.22044604925E-16));
#1654 = DIRECTION('',(1.,0.,0.));
#1655 = DEFINITIONAL_REPRESENTATION('',(#1656),#1660);
#1656 = LINE('',#1657,#1658);
#1657 = CARTESIAN_POINT('',(0.,19.05));
#1658 = VECTOR('',#1659,1.);
#1659 = DIRECTION('',(1.,0.));
#1660 = ( GEOMETRIC_REPRESENTATION_CONTEXT(2) 
PARAMETRIC_REPRESENTATION_CONTEXT() REPRESENTATION_CONTEXT('2D SPACE',''
  ) );
#1661 = ADVANCED_FACE('',(#1662),#1650,.T.);
#1662 = FACE_BOUND('',#1663,.T.);
#1663 = EDGE_LOOP('',(#1664,#1665,#1688,#1715));
#1664 = ORIENTED_EDGE('',*,*,#1633,.F.);
#1665 = ORIENTED_EDGE('',*,*,#1666,.F.);
#1666 = EDGE_CURVE('',#1667,#1634,#1669,.T.);
#1667 = VERTEX_POINT('',#1668);
#1668 = CARTESIAN_POINT('',(101.6,139.7,-5.59044542667E-14));
#1669 = SEAM_CURVE('',#1670,(#1674,#1681),.PCURVE_S1.);
#1670 = LINE('',#1671,#1672);
#1671 = CARTESIAN_POINT('',(101.6,139.7,-5.59044542667E-14));
#1672 = VECTOR('',#1673,1.);
#1673 = DIRECTION('',(0.,-1.,2.22044604925E-16));
#1674 = PCURVE('',#1650,#1675);
#1675 = DEFINITIONAL_REPRESENTATION('',(#1676),#1680);
#1676 = LINE('',#1677,#1678);
#1677 = CARTESIAN_POINT('',(6.28318530718,-0.));
#1678 = VECTOR('',#1679,1.);
#1679 = DIRECTION('',(0.,1.));
#1680 = ( GEOMETRIC_REPRESENTATION_CONTEXT(2) 
PARAMETRIC_REPRESENTATION_CONTEXT() REPRESENTATION_CONTEXT('2D SPACE',''
  ) );
#1681 = PCURVE('',#1650,#1682);
#1682 = DEFINITIONAL_REPRESENTATION('',(#1683),#1687);
#1683 = LINE('',#1684,#1685);
#1684 = CARTESIAN_POINT('',(0.,-0.));
#1685 = VECTOR('',#1686,1.);
#1686 = DIRECTION('',(0.,1.));
#1687 = ( GEOMETRIC_REPRESENTATION_CONTEXT(2) 
PARAMETRIC_REPRESENTATION_CONTEXT() REPRESENTATION_CONTEXT('2D SPACE',''
  ) );
#1688 = ORIENTED_EDGE('',*,*,#1689,.T.);
#1689 = EDGE_CURVE('',#1667,#1667,#1690,.T.);
#1690 = SURFACE_CURVE('',#1691,(#1696,#1703),.PCURVE_S1.);
#1691 = CIRCLE('',#1692,101.6);
#1692 = AXIS2_PLACEMENT_3D('',#1693,#1694,#1695);
#1693 = CARTESIAN_POINT('',(0.,139.7,-3.101963130803E-14));
#1694 = DIRECTION('',(0.,-1.,2.22044604925E-16));
#1695 = DIRECTION('',(1.,0.,0.));
#1696 = PCURVE('',#1650,#1697);
#1697 = DEFINITIONAL_REPRESENTATION('',(#1698),#1702);
#1698 = LINE('',#1699,#1700);
#1699 = CARTESIAN_POINT('',(0.,0.));
#1700 = VECTOR('',#1701,1.);
#1701 = DIRECTION('',(1.,0.));
#1702 = ( GEOMETRIC_REPRESENTATION_CONTEXT(2) 
PARAMETRIC_REPRESENTATION_CONTEXT() REPRESENTATION_CONTEXT('2D SPACE',''
  ) );
#1703 = PCURVE('',#1704,#1709);
#1704 = PLANE('',#1705);
#1705 = AXIS2_PLACEMENT_3D('',#1706,#1707,#1708);
#1706 = CARTESIAN_POINT('',(0.,139.7,-3.101963130803E-14));
#1707 = DIRECTION('',(0.,-1.,2.22044604925E-16));
#1708 = DIRECTION('',(1.,0.,0.));
#1709 = DEFINITIONAL_REPRESENTATION('',(#1710),#1714);
#1710 = CIRCLE('',#1711,101.6);
#1711 = AXIS2_PLACEMENT_2D('',#1712,#1713);
#1712 = CARTESIAN_POINT('',(0.,0.));
#1713 = DIRECTION('',(1.,0.));
#1714 = ( GEOMETRIC_REPRESENTATION_CONTEXT(2) 
PARAMETRIC_REPRESENTATION_CONTEXT() REPRESENTATION_CONTEXT('2D SPACE',''
  ) );
#1715 = ORIENTED_EDGE('',*,*,#1666,.T.);
#1716 = ADVANCED_FACE('',(#1717),#1704,.F.);
#1717 = FACE_BOUND('',#1718,.T.);
#1718 = EDGE_LOOP('',(#1719));
#1719 = ORIENTED_EDGE('',*,*,#1689,.F.);
#1720 = ( GEOMETRIC_REPRESENTATION_CONTEXT(3) 
GLOBAL_UNCERTAINTY_ASSIGNED_CONTEXT((#1724)) 
GLOBAL_UNIT_ASSIGNED_CONTEXT((#1721,#1722,#1723)) REPRESENTATION_CONTEXT
('Context #1','3D Context with UNIT and UNCERTAINTY') );
#1721 = ( LENGTH_UNIT() NAMED_UNIT(*) SI_UNIT(.MILLI.,.METRE.) );
#1722 = ( NAMED_UNIT(*) PLANE_ANGLE_UNIT() SI_UNIT($,.RADIAN.) );
#1723 = ( NAMED_UNIT(*) SI_UNIT($,.STERADIAN.) SOLID_ANGLE_UNIT() );
#1724 = UNCERTAINTY_MEASURE_WITH_UNIT(LENGTH_MEASURE(1.E-07),#1721,
  'distance_accuracy_value','confusion accuracy');
#1725 = CONTEXT_DEPENDENT_SHAPE_REPRESENTATION(#1726,#1728);
#1726 = ( REPRESENTATION_RELATIONSHIP('','',#1441,#10) 
REPRESENTATION_RELATIONSHIP_WITH_TRANSFORMATION(#1727) 
SHAPE_REPRESENTATION_RELATIONSHIP() );
#1727 = ITEM_DEFINED_TRANSFORMATION('','',#11,#35);
#1728 = PRODUCT_DEFINITION_SHAPE('Placement','Placement of an item',
  #1729);
#1729 = NEXT_ASSEMBLY_USAGE_OCCURRENCE('6','wheel:1_left','',#5,#1436,$
  );
#1730 = PRODUCT_RELATED_PRODUCT_CATEGORY('part',$,(#1438));
#1731 = SHAPE_DEFINITION_REPRESENTATION(#1732,#1738);
#1732 = PRODUCT_DEFINITION_SHAPE('','',#1733);
#1733 = PRODUCT_DEFINITION('design','',#1734,#1737);
#1734 = PRODUCT_DEFINITION_FORMATION('','',#1735);
#1735 = PRODUCT('wheel:1_right','wheel:1_right','',(#1736));
#1736 = PRODUCT_CONTEXT('',#2,'mechanical');
#1737 = PRODUCT_DEFINITION_CONTEXT('part definition',#2,'design');
#1738 = ADVANCED_BREP_SHAPE_REPRESENTATION('',(#11,#1739),#2017);
#1739 = MANIFOLD_SOLID_BREP('',#1740);
#1740 = CLOSED_SHELL('',(#1741,#1829,#1864,#1868,#1923,#1958,#2013));
#1741 = ADVANCED_FACE('',(#1742),#1756,.T.);
#1742 = FACE_BOUND('',#1743,.T.);
#1743 = EDGE_LOOP('',(#1744,#1774,#1801,#1802));
#1744 = ORIENTED_EDGE('',*,*,#1745,.T.);
#1745 = EDGE_CURVE('',#1746,#1748,#1750,.T.);
#1746 = VERTEX_POINT('',#1747);
#1747 = CARTESIAN_POINT('',(101.6,-120.65,1.904858625531E-15));
#1748 = VERTEX_POINT('',#1749);
#1749 = CARTESIAN_POINT('',(101.6,-139.7,6.134808349353E-15));
#1750 = SEAM_CURVE('',#1751,(#1755,#1767),.PCURVE_S1.);
#1751 = LINE('',#1752,#1753);
#1752 = CARTESIAN_POINT('',(101.6,139.7,-5.59044542667E-14));
#1753 = VECTOR('',#1754,1.);
#1754 = DIRECTION('',(0.,-1.,2.22044604925E-16));
#1755 = PCURVE('',#1756,#1761);
#1756 = CYLINDRICAL_SURFACE('',#1757,101.6);
#1757 = AXIS2_PLACEMENT_3D('',#1758,#1759,#1760);
#1758 = CARTESIAN_POINT('',(0.,139.7,-3.101963130803E-14));
#1759 = DIRECTION('',(0.,-1.,2.22044604925E-16));
#1760 = DIRECTION('',(1.,0.,0.));
#1761 = DEFINITIONAL_REPRESENTATION('',(#1762),#1766);
#1762 = LINE('',#1763,#1764);
#1763 = CARTESIAN_POINT('',(6.28318530718,-0.));
#1764 = VECTOR('',#1765,1.);
#1765 = DIRECTION('',(0.,1.));
#1766 = ( GEOMETRIC_REPRESENTATION_CONTEXT(2) 
PARAMETRIC_REPRESENTATION_CONTEXT() REPRESENTATION_CONTEXT('2D SPACE',''
  ) );
#1767 = PCURVE('',#1756,#1768);
#1768 = DEFINITIONAL_REPRESENTATION('',(#1769),#1773);
#1769 = LINE('',#1770,#1771);
#1770 = CARTESIAN_POINT('',(0.,-0.));
#1771 = VECTOR('',#1772,1.);
#1772 = DIRECTION('',(0.,1.));
#1773 = ( GEOMETRIC_REPRESENTATION_CONTEXT(2) 
PARAMETRIC_REPRESENTATION_CONTEXT() REPRESENTATION_CONTEXT('2D SPACE',''
  ) );
#1774 = ORIENTED_EDGE('',*,*,#1775,.F.);
#1775 = EDGE_CURVE('',#1748,#1748,#1776,.T.);
#1776 = SURFACE_CURVE('',#1777,(#1782,#1789),.PCURVE_S1.);
#1777 = CIRCLE('',#1778,101.6);
#1778 = AXIS2_PLACEMENT_3D('',#1779,#1780,#1781);
#1779 = CARTESIAN_POINT('',(0.,-139.7,3.101963130803E-14));
#1780 = DIRECTION('',(0.,-1.,2.22044604925E-16));
#1781 = DIRECTION('',(1.,0.,0.));
#1782 = PCURVE('',#1756,#1783);
#1783 = DEFINITIONAL_REPRESENTATION('',(#1784),#1788);
#1784 = LINE('',#1785,#1786);
#1785 = CARTESIAN_POINT('',(0.,279.4));
#1786 = VECTOR('',#1787,1.);
#1787 = DIRECTION('',(1.,0.));
#1788 = ( GEOMETRIC_REPRESENTATION_CONTEXT(2) 
PARAMETRIC_REPRESENTATION_CONTEXT() REPRESENTATION_CONTEXT('2D SPACE',''
  ) );
#1789 = PCURVE('',#1790,#1795);
#1790 = PLANE('',#1791);
#1791 = AXIS2_PLACEMENT_3D('',#1792,#1793,#1794);
#1792 = CARTESIAN_POINT('',(0.,-139.7,3.101963130803E-14));
#1793 = DIRECTION('',(0.,-1.,2.22044604925E-16));
#1794 = DIRECTION('',(1.,0.,0.));
#1795 = DEFINITIONAL_REPRESENTATION('',(#1796),#1800);
#1796 = CIRCLE('',#1797,101.6);
#1797 = AXIS2_PLACEMENT_2D('',#1798,#1799);
#1798 = CARTESIAN_POINT('',(0.,0.));
#1799 = DIRECTION('',(1.,0.));
#1800 = ( GEOMETRIC_REPRESENTATION_CONTEXT(2) 
PARAMETRIC_REPRESENTATION_CONTEXT() REPRESENTATION_CONTEXT('2D SPACE',''
  ) );
#1801 = ORIENTED_EDGE('',*,*,#1745,.F.);
#1802 = ORIENTED_EDGE('',*,*,#1803,.T.);
#1803 = EDGE_CURVE('',#1746,#1746,#1804,.T.);
#1804 = SURFACE_CURVE('',#1805,(#1810,#1817),.PCURVE_S1.);
#1805 = CIRCLE('',#1806,101.6);
#1806 = AXIS2_PLACEMENT_3D('',#1807,#1808,#1809);
#1807 = CARTESIAN_POINT('',(0.,-120.65,2.678968158421E-14));
#1808 = DIRECTION('',(0.,-1.,2.22044604925E-16));
#1809 = DIRECTION('',(1.,0.,0.));
#1810 = PCURVE('',#1756,#1811);
#1811 = DEFINITIONAL_REPRESENTATION('',(#1812),#1816);
#1812 = LINE('',#1813,#1814);
#1813 = CARTESIAN_POINT('',(0.,260.35));
#1814 = VECTOR('',#1815,1.);
#1815 = DIRECTION('',(1.,0.));
#1816 = ( GEOMETRIC_REPRESENTATION_CONTEXT(2) 
PARAMETRIC_REPRESENTATION_CONTEXT() REPRESENTATION_CONTEXT('2D SPACE',''
  ) );
#1817 = PCURVE('',#1818,#1823);
#1818 = PLANE('',#1819);
#1819 = AXIS2_PLACEMENT_3D('',#1820,#1821,#1822);
#1820 = CARTESIAN_POINT('',(0.,-120.65,2.678968158421E-14));
#1821 = DIRECTION('',(0.,-1.,2.22044604925E-16));
#1822 = DIRECTION('',(1.,0.,0.));
#1823 = DEFINITIONAL_REPRESENTATION('',(#1824),#1828);
#1824 = CIRCLE('',#1825,101.6);
#1825 = AXIS2_PLACEMENT_2D('',#1826,#1827);
#1826 = CARTESIAN_POINT('',(0.,0.));
#1827 = DIRECTION('',(1.,0.));
#1828 = ( GEOMETRIC_REPRESENTATION_CONTEXT(2) 
PARAMETRIC_REPRESENTATION_CONTEXT() REPRESENTATION_CONTEXT('2D SPACE',''
  ) );
#1829 = ADVANCED_FACE('',(#1830,#1861),#1818,.T.);
#1830 = FACE_BOUND('',#1831,.T.);
#1831 = EDGE_LOOP('',(#1832));
#1832 = ORIENTED_EDGE('',*,*,#1833,.T.);
#1833 = EDGE_CURVE('',#1834,#1834,#1836,.T.);
#1834 = VERTEX_POINT('',#1835);
#1835 = CARTESIAN_POINT('',(406.4,-120.65,-7.274961025049E-14));
#1836 = SURFACE_CURVE('',#1837,(#1842,#1849),.PCURVE_S1.);
#1837 = CIRCLE('',#1838,406.4);
#1838 = AXIS2_PLACEMENT_3D('',#1839,#1840,#1841);
#1839 = CARTESIAN_POINT('',(0.,-120.65,2.678968158421E-14));
#1840 = DIRECTION('',(0.,-1.,2.22044604925E-16));
#1841 = DIRECTION('',(1.,0.,0.));
#1842 = PCURVE('',#1818,#1843);
#1843 = DEFINITIONAL_REPRESENTATION('',(#1844),#1848);
#1844 = CIRCLE('',#1845,406.4);
#1845 = AXIS2_PLACEMENT_2D('',#1846,#1847);
#1846 = CARTESIAN_POINT('',(0.,0.));
#1847 = DIRECTION('',(1.,0.));
#1848 = ( GEOMETRIC_REPRESENTATION_CONTEXT(2) 
PARAMETRIC_REPRESENTATION_CONTEXT() REPRESENTATION_CONTEXT('2D SPACE',''
  ) );
#1849 = PCURVE('',#1850,#1855);
#1850 = CYLINDRICAL_SURFACE('',#1851,406.4);
#1851 = AXIS2_PLACEMENT_3D('',#1852,#1853,#1854);
#1852 = CARTESIAN_POINT('',(0.,120.65,-2.678968158421E-14));
#1853 = DIRECTION('',(0.,-1.,2.22044604925E-16));
#1854 = DIRECTION('',(1.,0.,0.));
#1855 = DEFINITIONAL_REPRESENTATION('',(#1856),#1860);
#1856 = LINE('',#1857,#1858);
#1857 = CARTESIAN_POINT('',(0.,241.3));
#1858 = VECTOR('',#1859,1.);
#1859 = DIRECTION('',(1.,0.));
#1860 = ( GEOMETRIC_REPRESENTATION_CONTEXT(2) 
PARAMETRIC_REPRESENTATION_CONTEXT() REPRESENTATION_CONTEXT('2D SPACE',''
  ) );
#1861 = FACE_BOUND('',#1862,.T.);
#1862 = EDGE_LOOP('',(#1863));
#1863 = ORIENTED_EDGE('',*,*,#1803,.F.);
#1864 = ADVANCED_FACE('',(#1865),#1790,.T.);
#1865 = FACE_BOUND('',#1866,.T.);
#1866 = EDGE_LOOP('',(#1867));
#1867 = ORIENTED_EDGE('',*,*,#1775,.T.);
#1868 = ADVANCED_FACE('',(#1869),#1850,.T.);
#1869 = FACE_BOUND('',#1870,.T.);
#1870 = EDGE_LOOP('',(#1871,#1872,#1895,#1922));
#1871 = ORIENTED_EDGE('',*,*,#1833,.F.);
#1872 = ORIENTED_EDGE('',*,*,#1873,.F.);
#1873 = EDGE_CURVE('',#1874,#1834,#1876,.T.);
#1874 = VERTEX_POINT('',#1875);
#1875 = CARTESIAN_POINT('',(406.4,120.65,-1.263289734189E-13));
#1876 = SEAM_CURVE('',#1877,(#1881,#1888),.PCURVE_S1.);
#1877 = LINE('',#1878,#1879);
#1878 = CARTESIAN_POINT('',(406.4,120.65,-1.263289734189E-13));
#1879 = VECTOR('',#1880,1.);
#1880 = DIRECTION('',(0.,-1.,2.22044604925E-16));
#1881 = PCURVE('',#1850,#1882);
#1882 = DEFINITIONAL_REPRESENTATION('',(#1883),#1887);
#1883 = LINE('',#1884,#1885);
#1884 = CARTESIAN_POINT('',(6.28318530718,-0.));
#1885 = VECTOR('',#1886,1.);
#1886 = DIRECTION('',(0.,1.));
#1887 = ( GEOMETRIC_REPRESENTATION_CONTEXT(2) 
PARAMETRIC_REPRESENTATION_CONTEXT() REPRESENTATION_CONTEXT('2D SPACE',''
  ) );
#1888 = PCURVE('',#1850,#1889);
#1889 = DEFINITIONAL_REPRESENTATION('',(#1890),#1894);
#1890 = LINE('',#1891,#1892);
#1891 = CARTESIAN_POINT('',(0.,-0.));
#1892 = VECTOR('',#1893,1.);
#1893 = DIRECTION('',(0.,1.));
#1894 = ( GEOMETRIC_REPRESENTATION_CONTEXT(2) 
PARAMETRIC_REPRESENTATION_CONTEXT() REPRESENTATION_CONTEXT('2D SPACE',''
  ) );
#1895 = ORIENTED_EDGE('',*,*,#1896,.T.);
#1896 = EDGE_CURVE('',#1874,#1874,#1897,.T.);
#1897 = SURFACE_CURVE('',#1898,(#1903,#1910),.PCURVE_S1.);
#1898 = CIRCLE('',#1899,406.4);
#1899 = AXIS2_PLACEMENT_3D('',#1900,#1901,#1902);
#1900 = CARTESIAN_POINT('',(0.,120.65,-2.678968158421E-14));
#1901 = DIRECTION('',(0.,-1.,2.22044604925E-16));
#1902 = DIRECTION('',(1.,0.,0.));
#1903 = PCURVE('',#1850,#1904);
#1904 = DEFINITIONAL_REPRESENTATION('',(#1905),#1909);
#1905 = LINE('',#1906,#1907);
#1906 = CARTESIAN_POINT('',(0.,0.));
#1907 = VECTOR('',#1908,1.);
#1908 = DIRECTION('',(1.,0.));
#1909 = ( GEOMETRIC_REPRESENTATION_CONTEXT(2) 
PARAMETRIC_REPRESENTATION_CONTEXT() REPRESENTATION_CONTEXT('2D SPACE',''
  ) );
#1910 = PCURVE('',#1911,#1916);
#1911 = PLANE('',#1912);
#1912 = AXIS2_PLACEMENT_3D('',#1913,#1914,#1915);
#1913 = CARTESIAN_POINT('',(0.,120.65,-2.678968158421E-14));
#1914 = DIRECTION('',(0.,-1.,2.22044604925E-16));
#1915 = DIRECTION('',(1.,0.,0.));
#1916 = DEFINITIONAL_REPRESENTATION('',(#1917),#1921);
#1917 = CIRCLE('',#1918,406.4);
#1918 = AXIS2_PLACEMENT_2D('',#1919,#1920);
#1919 = CARTESIAN_POINT('',(0.,0.));
#1920 = DIRECTION('',(1.,0.));
#1921 = ( GEOMETRIC_REPRESENTATION_CONTEXT(2) 
PARAMETRIC_REPRESENTATION_CONTEXT() REPRESENTATION_CONTEXT('2D SPACE',''
  ) );
#1922 = ORIENTED_EDGE('',*,*,#1873,.T.);
#1923 = ADVANCED_FACE('',(#1924,#1927),#1911,.F.);
#1924 = FACE_BOUND('',#1925,.F.);
#1925 = EDGE_LOOP('',(#1926));
#1926 = ORIENTED_EDGE('',*,*,#1896,.T.);
#1927 = FACE_BOUND('',#1928,.F.);
#1928 = EDGE_LOOP('',(#1929));
#1929 = ORIENTED_EDGE('',*,*,#1930,.F.);
#1930 = EDGE_CURVE('',#1931,#1931,#1933,.T.);
#1931 = VERTEX_POINT('',#1932);
#1932 = CARTESIAN_POINT('',(101.6,120.65,-5.167450454288E-14));
#1933 = SURFACE_CURVE('',#1934,(#1939,#1946),.PCURVE_S1.);
#1934 = CIRCLE('',#1935,101.6);
#1935 = AXIS2_PLACEMENT_3D('',#1936,#1937,#1938);
#1936 = CARTESIAN_POINT('',(0.,120.65,-2.678968158421E-14));
#1937 = DIRECTION('',(0.,-1.,2.22044604925E-16));
#1938 = DIRECTION('',(1.,0.,0.));
#1939 = PCURVE('',#1911,#1940);
#1940 = DEFINITIONAL_REPRESENTATION('',(#1941),#1945);
#1941 = CIRCLE('',#1942,101.6);
#1942 = AXIS2_PLACEMENT_2D('',#1943,#1944);
#1943 = CARTESIAN_POINT('',(0.,0.));
#1944 = DIRECTION('',(1.,0.));
#1945 = ( GEOMETRIC_REPRESENTATION_CONTEXT(2) 
PARAMETRIC_REPRESENTATION_CONTEXT() REPRESENTATION_CONTEXT('2D SPACE',''
  ) );
#1946 = PCURVE('',#1947,#1952);
#1947 = CYLINDRICAL_SURFACE('',#1948,101.6);
#1948 = AXIS2_PLACEMENT_3D('',#1949,#1950,#1951);
#1949 = CARTESIAN_POINT('',(0.,139.7,-3.101963130803E-14));
#1950 = DIRECTION('',(0.,-1.,2.22044604925E-16));
#1951 = DIRECTION('',(1.,0.,0.));
#1952 = DEFINITIONAL_REPRESENTATION('',(#1953),#1957);
#1953 = LINE('',#1954,#1955);
#1954 = CARTESIAN_POINT('',(0.,19.05));
#1955 = VECTOR('',#1956,1.);
#1956 = DIRECTION('',(1.,0.));
#1957 = ( GEOMETRIC_REPRESENTATION_CONTEXT(2) 
PARAMETRIC_REPRESENTATION_CONTEXT() REPRESENTATION_CONTEXT('2D SPACE',''
  ) );
#1958 = ADVANCED_FACE('',(#1959),#1947,.T.);
#1959 = FACE_BOUND('',#1960,.T.);
#1960 = EDGE_LOOP('',(#1961,#1962,#1985,#2012));
#1961 = ORIENTED_EDGE('',*,*,#1930,.F.);
#1962 = ORIENTED_EDGE('',*,*,#1963,.F.);
#1963 = EDGE_CURVE('',#1964,#1931,#1966,.T.);
#1964 = VERTEX_POINT('',#1965);
#1965 = CARTESIAN_POINT('',(101.6,139.7,-5.59044542667E-14));
#1966 = SEAM_CURVE('',#1967,(#1971,#1978),.PCURVE_S1.);
#1967 = LINE('',#1968,#1969);
#1968 = CARTESIAN_POINT('',(101.6,139.7,-5.59044542667E-14));
#1969 = VECTOR('',#1970,1.);
#1970 = DIRECTION('',(0.,-1.,2.22044604925E-16));
#1971 = PCURVE('',#1947,#1972);
#1972 = DEFINITIONAL_REPRESENTATION('',(#1973),#1977);
#1973 = LINE('',#1974,#1975);
#1974 = CARTESIAN_POINT('',(6.28318530718,-0.));
#1975 = VECTOR('',#1976,1.);
#1976 = DIRECTION('',(0.,1.));
#1977 = ( GEOMETRIC_REPRESENTATION_CONTEXT(2) 
PARAMETRIC_REPRESENTATION_CONTEXT() REPRESENTATION_CONTEXT('2D SPACE',''
  ) );
#1978 = PCURVE('',#1947,#1979);
#1979 = DEFINITIONAL_REPRESENTATION('',(#1980),#1984);
#1980 = LINE('',#1981,#1982);
#1981 = CARTESIAN_POINT('',(0.,-0.));
#1982 = VECTOR('',#1983,1.);
#1983 = DIRECTION('',(0.,1.));
#1984 = ( GEOMETRIC_REPRESENTATION_CONTEXT(2) 
PARAMETRIC_REPRESENTATION_CONTEXT() REPRESENTATION_CONTEXT('2D SPACE',''
  ) );
#1985 = ORIENTED_EDGE('',*,*,#1986,.T.);
#1986 = EDGE_CURVE('',#1964,#1964,#1987,.T.);
#1987 = SURFACE_CURVE('',#1988,(#1993,#2000),.PCURVE_S1.);
#1988 = CIRCLE('',#1989,101.6);
#1989 = AXIS2_PLACEMENT_3D('',#1990,#1991,#1992);
#1990 = CARTESIAN_POINT('',(0.,139.7,-3.101963130803E-14));
#1991 = DIRECTION('',(0.,-1.,2.22044604925E-16));
#1992 = DIRECTION('',(1.,0.,0.));
#1993 = PCURVE('',#1947,#1994);
#1994 = DEFINITIONAL_REPRESENTATION('',(#1995),#1999);
#1995 = LINE('',#1996,#1997);
#1996 = CARTESIAN_POINT('',(0.,0.));
#1997 = VECTOR('',#1998,1.);
#1998 = DIRECTION('',(1.,0.));
#1999 = ( GEOMETRIC_REPRESENTATION_CONTEXT(2) 
PARAMETRIC_REPRESENTATION_CONTEXT() REPRESENTATION_CONTEXT('2D SPACE',''
  ) );
#2000 = PCURVE('',#2001,#2006);
#2001 = PLANE('',#2002);
#2002 = AXIS2_PLACEMENT_3D('',#2003,#2004,#2005);
#2003 = CARTESIAN_POINT('',(0.,139.7,-3.101963130803E-14));
#2004 = DIRECTION('',(0.,-1.,2.22044604925E-16));
#2005 = DIRECTION('',(1.,0.,0.));
#2006 = DEFINITIONAL_REPRESENTATION('',(#2007),#2011);
#2007 = CIRCLE('',#2008,101.6);
#2008 = AXIS2_PLACEMENT_2D('',#2009,#2010);
#2009 = CARTESIAN_POINT('',(0.,0.));
#2010 = DIRECTION('',(1.,0.));
#2011 = ( GEOMETRIC_REPRESENTATION_CONTEXT(2) 
PARAMETRIC_REPRESENTATION_CONTEXT() REPRESENTATION_CONTEXT('2D SPACE',''
  ) );
#2012 = ORIENTED_EDGE('',*,*,#1963,.T.);
#2013 = ADVANCED_FACE('',(#2014),#2001,.F.);
#2014 = FACE_BOUND('',#2015,.T.);
#2015 = EDGE_LOOP('',(#2016));
#2016 = ORIENTED_EDGE('',*,*,#1986,.F.);
#2017 = ( GEOMETRIC_REPRESENTATION_CONTEXT(3) 
GLOBAL_UNCERTAINTY_ASSIGNED_CONTEXT((#2021)) 
GLOBAL_UNIT_ASSIGNED_CONTEXT((#2018,#2019,#2020)) REPRESENTATION_CONTEXT
('Context #1','3D Context with UNIT and UNCERTAINTY') );
#2018 = ( LENGTH_UNIT() NAMED_UNIT(*) SI_UNIT(.MILLI.,.METRE.) );
#2019 = ( NAMED_UNIT(*) PLANE_ANGLE_UNIT() SI_UNIT($,.RADIAN.) );
#2020 = ( NAMED_UNIT(*) SI_UNIT($,.STERADIAN.) SOLID_ANGLE_UNIT() );
#2021 = UNCERTAINTY_MEASURE_WITH_UNIT(LENGTH_MEASURE(1.E-07),#2018,
  'distance_accuracy_value','confusion accuracy');
#2022 = CONTEXT_DEPENDENT_SHAPE_REPRESENTATION(#2023,#2025);
#2023 = ( REPRESENTATION_RELATIONSHIP('','',#1738,#10) 
REPRESENTATION_RELATIONSHIP_WITH_TRANSFORMATION(#2024) 
SHAPE_REPRESENTATION_RELATIONSHIP() );
#2024 = ITEM_DEFINED_TRANSFORMATION('','',#11,#39);
#2025 = PRODUCT_DEFINITION_SHAPE('Placement','Placement of an item',
  #2026);
#2026 = NEXT_ASSEMBLY_USAGE_OCCURRENCE('7','wheel:1_right','',#5,#1733,$
  );
#2027 = PRODUCT_RELATED_PRODUCT_CATEGORY('part',$,(#1735));
#2028 = SHAPE_DEFINITION_REPRESENTATION(#2029,#2035);
#2029 = PRODUCT_DEFINITION_SHAPE('','',#2030);
#2030 = PRODUCT_DEFINITION('design','',#2031,#2034);
#2031 = PRODUCT_DEFINITION_FORMATION('','',#2032);
#2032 = PRODUCT('axle:2','axle:2','',(#2033));
#2033 = PRODUCT_CONTEXT('',#2,'mechanical');
#2034 = PRODUCT_DEFINITION_CONTEXT('part definition',#2,'design');
#2035 = ADVANCED_BREP_SHAPE_REPRESENTATION('',(#11,#2036),#2134);
#2036 = MANIFOLD_SOLID_BREP('',#2037);
#2037 = CLOSED_SHELL('',(#2038,#2126,#2130));
#2038 = ADVANCED_FACE('',(#2039),#2052,.T.);
#2039 = FACE_BOUND('',#2040,.T.);
#2040 = EDGE_LOOP('',(#2041,#2075,#2098,#2125));
#2041 = ORIENTED_EDGE('',*,*,#2042,.F.);
#2042 = EDGE_CURVE('',#2043,#2043,#2045,.T.);
#2043 = VERTEX_POINT('',#2044);
#2044 = CARTESIAN_POINT('',(44.45,-1.143E+03,2.429098733849E-13));
#2045 = SURFACE_CURVE('',#2046,(#2051,#2063),.PCURVE_S1.);
#2046 = CIRCLE('',#2047,44.45);
#2047 = AXIS2_PLACEMENT_3D('',#2048,#2049,#2050);
#2048 = CARTESIAN_POINT('',(0.,-1.143E+03,2.537969834293E-13));
#2049 = DIRECTION('',(0.,-1.,2.22044604925E-16));
#2050 = DIRECTION('',(1.,0.,0.));
#2051 = PCURVE('',#2052,#2057);
#2052 = CYLINDRICAL_SURFACE('',#2053,44.45);
#2053 = AXIS2_PLACEMENT_3D('',#2054,#2055,#2056);
#2054 = CARTESIAN_POINT('',(0.,1.143E+03,-2.537969834293E-13));
#2055 = DIRECTION('',(0.,-1.,2.22044604925E-16));
#2056 = DIRECTION('',(1.,0.,0.));
#2057 = DEFINITIONAL_REPRESENTATION('',(#2058),#2062);
#2058 = LINE('',#2059,#2060);
#2059 = CARTESIAN_POINT('',(0.,2.286E+03));
#2060 = VECTOR('',#2061,1.);
#2061 = DIRECTION('',(1.,0.));
#2062 = ( GEOMETRIC_REPRESENTATION_CONTEXT(2) 
PARAMETRIC_REPRESENTATION_CONTEXT() REPRESENTATION_CONTEXT('2D SPACE',''
  ) );
#2063 = PCURVE('',#2064,#2069);
#2064 = PLANE('',#2065);
#2065 = AXIS2_PLACEMENT_3D('',#2066,#2067,#2068);
#2066 = CARTESIAN_POINT('',(0.,-1.143E+03,2.537969834293E-13));
#2067 = DIRECTION('',(0.,-1.,2.22044604925E-16));
#2068 = DIRECTION('',(1.,0.,0.));
#2069 = DEFINITIONAL_REPRESENTATION('',(#2070),#2074);
#2070 = CIRCLE('',#2071,44.45);
#2071 = AXIS2_PLACEMENT_2D('',#2072,#2073);
#2072 = CARTESIAN_POINT('',(0.,0.));
#2073 = DIRECTION('',(1.,0.));
#2074 = ( GEOMETRIC_REPRESENTATION_CONTEXT(2) 
PARAMETRIC_REPRESENTATION_CONTEXT() REPRESENTATION_CONTEXT('2D SPACE',''
  ) );
#2075 = ORIENTED_EDGE('',*,*,#2076,.F.);
#2076 = EDGE_CURVE('',#2077,#2043,#2079,.T.);
#2077 = VERTEX_POINT('',#2078);
#2078 = CARTESIAN_POINT('',(44.45,1.143E+03,-2.646840934737E-13));
#2079 = SEAM_CURVE('',#2080,(#2084,#2091),.PCURVE_S1.);
#2080 = LINE('',#2081,#2082);
#2081 = CARTESIAN_POINT('',(44.45,1.143E+03,-2.646840934737E-13));
#2082 = VECTOR('',#2083,1.);
#2083 = DIRECTION('',(0.,-1.,2.22044604925E-16));
#2084 = PCURVE('',#2052,#2085);
#2085 = DEFINITIONAL_REPRESENTATION('',(#2086),#2090);
#2086 = LINE('',#2087,#2088);
#2087 = CARTESIAN_POINT('',(6.28318530718,-0.));
#2088 = VECTOR('',#2089,1.);
#2089 = DIRECTION('',(0.,1.));
#2090 = ( GEOMETRIC_REPRESENTATION_CONTEXT(2) 
PARAMETRIC_REPRESENTATION_CONTEXT() REPRESENTATION_CONTEXT('2D SPACE',''
  ) );
#2091 = PCURVE('',#2052,#2092);
#2092 = DEFINITIONAL_REPRESENTATION('',(#2093),#2097);
#2093 = LINE('',#2094,#2095);
#2094 = CARTESIAN_POINT('',(0.,-0.));
#2095 = VECTOR('',#2096,1.);
#2096 = DIRECTION('',(0.,1.));
#2097 = ( GEOMETRIC_REPRESENTATION_CONTEXT(2) 
PARAMETRIC_REPRESENTATION_CONTEXT() REPRESENTATION_CONTEXT('2D SPACE',''
  ) );
#2098 = ORIENTED_EDGE('',*,*,#2099,.T.);
#2099 = EDGE_CURVE('',#2077,#2077,#2100,.T.);
#2100 = SURFACE_CURVE('',#2101,(#2106,#2113),.PCURVE_S1.);
#2101 = CIRCLE('',#2102,44.45);
#2102 = AXIS2_PLACEMENT_3D('',#2103,#2104,#2105);
#2103 = CARTESIAN_POINT('',(0.,1.143E+03,-2.537969834293E-13));
#2104 = DIRECTION('',(0.,-1.,2.22044604925E-16));
#2105 = DIRECTION('',(1.,0.,0.));
#2106 = PCURVE('',#2052,#2107);
#2107 = DEFINITIONAL_REPRESENTATION('',(#2108),#2112);
#2108 = LINE('',#2109,#2110);
#2109 = CARTESIAN_POINT('',(0.,0.));
#2110 = VECTOR('',#2111,1.);
#2111 = DIRECTION('',(1.,0.));
#2112 = ( GEOMETRIC_REPRESENTATION_CONTEXT(2) 
PARAMETRIC_REPRESENTATION_CONTEXT() REPRESENTATION_CONTEXT('2D SPACE',''
  ) );
#2113 = PCURVE('',#2114,#2119);
#2114 = PLANE('',#2115);
#2115 = AXIS2_PLACEMENT_3D('',#2116,#2117,#2118);
#2116 = CARTESIAN_POINT('',(0.,1.143E+03,-2.537969834293E-13));
#2117 = DIRECTION('',(0.,-1.,2.22044604925E-16));
#2118 = DIRECTION('',(1.,0.,0.));
#2119 = DEFINITIONAL_REPRESENTATION('',(#2120),#2124);
#2120 = CIRCLE('',#2121,44.45);
#2121 = AXIS2_PLACEMENT_2D('',#2122,#2123);
#2122 = CARTESIAN_POINT('',(0.,0.));
#2123 = DIRECTION('',(1.,0.));
#2124 = ( GEOMETRIC_REPRESENTATION_CONTEXT(2) 
PARAMETRIC_REPRESENTATION_CONTEXT() REPRESENTATION_CONTEXT('2D SPACE',''
  ) );
#2125 = ORIENTED_EDGE('',*,*,#2076,.T.);
#2126 = ADVANCED_FACE('',(#2127),#2064,.T.);
#2127 = FACE_BOUND('',#2128,.T.);
#2128 = EDGE_LOOP('',(#2129));
#2129 = ORIENTED_EDGE('',*,*,#2042,.T.);
#2130 = ADVANCED_FACE('',(#2131),#2114,.F.);
#2131 = FACE_BOUND('',#2132,.T.);
#2132 = EDGE_LOOP('',(#2133));
#2133 = ORIENTED_EDGE('',*,*,#2099,.F.);
#2134 = ( GEOMETRIC_REPRESENTATION_CONTEXT(3) 
GLOBAL_UNCERTAINTY_ASSIGNED_CONTEXT((#2138)) 
GLOBAL_UNIT_ASSIGNED_CONTEXT((#2135,#2136,#2137)) REPRESENTATION_CONTEXT
('Context #1','3D Context with UNIT and UNCERTAINTY') );
#2135 = ( LENGTH_UNIT() NAMED_UNIT(*) SI_UNIT(.MILLI.,.METRE.) );
#2136 = ( NAMED_UNIT(*) PLANE_ANGLE_UNIT() SI_UNIT($,.RADIAN.) );
#2137 = ( NAMED_UNIT(*) SI_UNIT($,.STERADIAN.) SOLID_ANGLE_UNIT() );
#2138 = UNCERTAINTY_MEASURE_WITH_UNIT(LENGTH_MEASURE(1.E-07),#2135,
  'distance_accuracy_value','confusion accuracy');
#2139 = CONTEXT_DEPENDENT_SHAPE_REPRESENTATION(#2140,#2142);
#2140 = ( REPRESENTATION_RELATIONSHIP('','',#2035,#10) 
REPRESENTATION_RELATIONSHIP_WITH_TRANSFORMATION(#2141) 
SHAPE_REPRESENTATION_RELATIONSHIP() );
#2141 = ITEM_DEFINED_TRANSFORMATION('','',#11,#43);
#2142 = PRODUCT_DEFINITION_SHAPE('Placement','Placement of an item',
  #2143);
#2143 = NEXT_ASSEMBLY_USAGE_OCCURRENCE('8','axle:2','',#5,#2030,$);
#2144 = PRODUCT_RELATED_PRODUCT_CATEGORY('part',$,(#2032));
#2145 = SHAPE_DEFINITION_REPRESENTATION(#2146,#2152);
#2146 = PRODUCT_DEFINITION_SHAPE('','',#2147);
#2147 = PRODUCT_DEFINITION('design','',#2148,#2151);
#2148 = PRODUCT_DEFINITION_FORMATION('','',#2149);
#2149 = PRODUCT('wheel:2_left','wheel:2_left','',(#2150));
#2150 = PRODUCT_CONTEXT('',#2,'mechanical');
#2151 = PRODUCT_DEFINITION_CONTEXT('part definition',#2,'design');
#2152 = ADVANCED_BREP_SHAPE_REPRESENTATION('',(#11,#2153),#2431);
#2153 = MANIFOLD_SOLID_BREP('',#2154);
#2154 = CLOSED_SHELL('',(#2155,#2243,#2278,#2282,#2337,#2372,#2427));
#2155 = ADVANCED_FACE('',(#2156),#2170,.T.);
#2156 = FACE_BOUND('',#2157,.T.);
#2157 = EDGE_LOOP('',(#2158,#2188,#2215,#2216));
#2158 = ORIENTED_EDGE('',*,*,#2159,.T.);
#2159 = EDGE_CURVE('',#2160,#2162,#2164,.T.);
#2160 = VERTEX_POINT('',#2161);
#2161 = CARTESIAN_POINT('',(101.6,-120.65,1.904858625531E-15));
#2162 = VERTEX_POINT('',#2163);
#2163 = CARTESIAN_POINT('',(101.6,-139.7,6.134808349353E-15));
#2164 = SEAM_CURVE('',#2165,(#2169,#2181),.PCURVE_S1.);
#2165 = LINE('',#2166,#2167);
#2166 = CARTESIAN_POINT('',(101.6,139.7,-5.59044542667E-14));
#2167 = VECTOR('',#2168,1.);
#2168 = DIRECTION('',(0.,-1.,2.22044604925E-16));
#2169 = PCURVE('',#2170,#2175);
#2170 = CYLINDRICAL_SURFACE('',#2171,101.6);
#2171 = AXIS2_PLACEMENT_3D('',#2172,#2173,#2174);
#2172 = CARTESIAN_POINT('',(0.,139.7,-3.101963130803E-14));
#2173 = DIRECTION('',(0.,-1.,2.22044604925E-16));
#2174 = DIRECTION('',(1.,0.,0.));
#2175 = DEFINITIONAL_REPRESENTATION('',(#2176),#2180);
#2176 = LINE('',#2177,#2178);
#2177 = CARTESIAN_POINT('',(6.28318530718,-0.));
#2178 = VECTOR('',#2179,1.);
#2179 = DIRECTION('',(0.,1.));
#2180 = ( GEOMETRIC_REPRESENTATION_CONTEXT(2) 
PARAMETRIC_REPRESENTATION_CONTEXT() REPRESENTATION_CONTEXT('2D SPACE',''
  ) );
#2181 = PCURVE('',#2170,#2182);
#2182 = DEFINITIONAL_REPRESENTATION('',(#2183),#2187);
#2183 = LINE('',#2184,#2185);
#2184 = CARTESIAN_POINT('',(0.,-0.));
#2185 = VECTOR('',#2186,1.);
#2186 = DIRECTION('',(0.,1.));
#2187 = ( GEOMETRIC_REPRESENTATION_CONTEXT(2) 
PARAMETRIC_REPRESENTATION_CONTEXT() REPRESENTATION_CONTEXT('2D SPACE',''
  ) );
#2188 = ORIENTED_EDGE('',*,*,#2189,.F.);
#2189 = EDGE_CURVE('',#2162,#2162,#2190,.T.);
#2190 = SURFACE_CURVE('',#2191,(#2196,#2203),.PCURVE_S1.);
#2191 = CIRCLE('',#2192,101.6);
#2192 = AXIS2_PLACEMENT_3D('',#2193,#2194,#2195);
#2193 = CARTESIAN_POINT('',(0.,-139.7,3.101963130803E-14));
#2194 = DIRECTION('',(0.,-1.,2.22044604925E-16));
#2195 = DIRECTION('',(1.,0.,0.));
#2196 = PCURVE('',#2170,#2197);
#2197 = DEFINITIONAL_REPRESENTATION('',(#2198),#2202);
#2198 = LINE('',#2199,#2200);
#2199 = CARTESIAN_POINT('',(0.,279.4));
#2200 = VECTOR('',#2201,1.);
#2201 = DIRECTION('',(1.,0.));
#2202 = ( GEOMETRIC_REPRESENTATION_CONTEXT(2) 
PARAMETRIC_REPRESENTATION_CONTEXT() REPRESENTATION_CONTEXT('2D SPACE',''
  ) );
#2203 = PCURVE('',#2204,#2209);
#2204 = PLANE('',#2205);
#2205 = AXIS2_PLACEMENT_3D('',#2206,#2207,#2208);
#2206 = CARTESIAN_POINT('',(0.,-139.7,3.101963130803E-14));
#2207 = DIRECTION('',(0.,-1.,2.22044604925E-16));
#2208 = DIRECTION('',(1.,0.,0.));
#2209 = DEFINITIONAL_REPRESENTATION('',(#2210),#2214);
#2210 = CIRCLE('',#2211,101.6);
#2211 = AXIS2_PLACEMENT_2D('',#2212,#2213);
#2212 = CARTESIAN_POINT('',(0.,0.));
#2213 = DIRECTION('',(1.,0.));
#2214 = ( GEOMETRIC_REPRESENTATION_CONTEXT(2) 
PARAMETRIC_REPRESENTATION_CONTEXT() REPRESENTATION_CONTEXT('2D SPACE',''
  ) );
#2215 = ORIENTED_EDGE('',*,*,#2159,.F.);
#2216 = ORIENTED_EDGE('',*,*,#2217,.T.);
#2217 = EDGE_CURVE('',#2160,#2160,#2218,.T.);
#2218 = SURFACE_CURVE('',#2219,(#2224,#2231),.PCURVE_S1.);
#2219 = CIRCLE('',#2220,101.6);
#2220 = AXIS2_PLACEMENT_3D('',#2221,#2222,#2223);
#2221 = CARTESIAN_POINT('',(0.,-120.65,2.678968158421E-14));
#2222 = DIRECTION('',(0.,-1.,2.22044604925E-16));
#2223 = DIRECTION('',(1.,0.,0.));
#2224 = PCURVE('',#2170,#2225);
#2225 = DEFINITIONAL_REPRESENTATION('',(#2226),#2230);
#2226 = LINE('',#2227,#2228);
#2227 = CARTESIAN_POINT('',(0.,260.35));
#2228 = VECTOR('',#2229,1.);
#2229 = DIRECTION('',(1.,0.));
#2230 = ( GEOMETRIC_REPRESENTATION_CONTEXT(2) 
PARAMETRIC_REPRESENTATION_CONTEXT() REPRESENTATION_CONTEXT('2D SPACE',''
  ) );
#2231 = PCURVE('',#2232,#2237);
#2232 = PLANE('',#2233);
#2233 = AXIS2_PLACEMENT_3D('',#2234,#2235,#2236);
#2234 = CARTESIAN_POINT('',(0.,-120.65,2.678968158421E-14));
#2235 = DIRECTION('',(0.,-1.,2.22044604925E-16));
#2236 = DIRECTION('',(1.,0.,0.));
#2237 = DEFINITIONAL_REPRESENTATION('',(#2238),#2242);
#2238 = CIRCLE('',#2239,101.6);
#2239 = AXIS2_PLACEMENT_2D('',#2240,#2241);
#2240 = CARTESIAN_POINT('',(0.,0.));
#2241 = DIRECTION('',(1.,0.));
#2242 = ( GEOMETRIC_REPRESENTATION_CONTEXT(2) 
PARAMETRIC_REPRESENTATION_CONTEXT() REPRESENTATION_CONTEXT('2D SPACE',''
  ) );
#2243 = ADVANCED_FACE('',(#2244,#2275),#2232,.T.);
#2244 = FACE_BOUND('',#2245,.T.);
#2245 = EDGE_LOOP('',(#2246));
#2246 = ORIENTED_EDGE('',*,*,#2247,.T.);
#2247 = EDGE_CURVE('',#2248,#2248,#2250,.T.);
#2248 = VERTEX_POINT('',#2249);
#2249 = CARTESIAN_POINT('',(406.4,-120.65,-7.274961025049E-14));
#2250 = SURFACE_CURVE('',#2251,(#2256,#2263),.PCURVE_S1.);
#2251 = CIRCLE('',#2252,406.4);
#2252 = AXIS2_PLACEMENT_3D('',#2253,#2254,#2255);
#2253 = CARTESIAN_POINT('',(0.,-120.65,2.678968158421E-14));
#2254 = DIRECTION('',(0.,-1.,2.22044604925E-16));
#2255 = DIRECTION('',(1.,0.,0.));
#2256 = PCURVE('',#2232,#2257);
#2257 = DEFINITIONAL_REPRESENTATION('',(#2258),#2262);
#2258 = CIRCLE('',#2259,406.4);
#2259 = AXIS2_PLACEMENT_2D('',#2260,#2261);
#2260 = CARTESIAN_POINT('',(0.,0.));
#2261 = DIRECTION('',(1.,0.));
#2262 = ( GEOMETRIC_REPRESENTATION_CONTEXT(2) 
PARAMETRIC_REPRESENTATION_CONTEXT() REPRESENTATION_CONTEXT('2D SPACE',''
  ) );
#2263 = PCURVE('',#2264,#2269);
#2264 = CYLINDRICAL_SURFACE('',#2265,406.4);
#2265 = AXIS2_PLACEMENT_3D('',#2266,#2267,#2268);
#2266 = CARTESIAN_POINT('',(0.,120.65,-2.678968158421E-14));
#2267 = DIRECTION('',(0.,-1.,2.22044604925E-16));
#2268 = DIRECTION('',(1.,0.,0.));
#2269 = DEFINITIONAL_REPRESENTATION('',(#2270),#2274);
#2270 = LINE('',#2271,#2272);
#2271 = CARTESIAN_POINT('',(0.,241.3));
#2272 = VECTOR('',#2273,1.);
#2273 = DIRECTION('',(1.,0.));
#2274 = ( GEOMETRIC_REPRESENTATION_CONTEXT(2) 
PARAMETRIC_REPRESENTATION_CONTEXT() REPRESENTATION_CONTEXT('2D SPACE',''
  ) );
#2275 = FACE_BOUND('',#2276,.T.);
#2276 = EDGE_LOOP('',(#2277));
#2277 = ORIENTED_EDGE('',*,*,#2217,.F.);
#2278 = ADVANCED_FACE('',(#2279),#2204,.T.);
#2279 = FACE_BOUND('',#2280,.T.);
#2280 = EDGE_LOOP('',(#2281));
#2281 = ORIENTED_EDGE('',*,*,#2189,.T.);
#2282 = ADVANCED_FACE('',(#2283),#2264,.T.);
#2283 = FACE_BOUND('',#2284,.T.);
#2284 = EDGE_LOOP('',(#2285,#2286,#2309,#2336));
#2285 = ORIENTED_EDGE('',*,*,#2247,.F.);
#2286 = ORIENTED_EDGE('',*,*,#2287,.F.);
#2287 = EDGE_CURVE('',#2288,#2248,#2290,.T.);
#2288 = VERTEX_POINT('',#2289);
#2289 = CARTESIAN_POINT('',(406.4,120.65,-1.263289734189E-13));
#2290 = SEAM_CURVE('',#2291,(#2295,#2302),.PCURVE_S1.);
#2291 = LINE('',#2292,#2293);
#2292 = CARTESIAN_POINT('',(406.4,120.65,-1.263289734189E-13));
#2293 = VECTOR('',#2294,1.);
#2294 = DIRECTION('',(0.,-1.,2.22044604925E-16));
#2295 = PCURVE('',#2264,#2296);
#2296 = DEFINITIONAL_REPRESENTATION('',(#2297),#2301);
#2297 = LINE('',#2298,#2299);
#2298 = CARTESIAN_POINT('',(6.28318530718,-0.));
#2299 = VECTOR('',#2300,1.);
#2300 = DIRECTION('',(0.,1.));
#2301 = ( GEOMETRIC_REPRESENTATION_CONTEXT(2) 
PARAMETRIC_REPRESENTATION_CONTEXT() REPRESENTATION_CONTEXT('2D SPACE',''
  ) );
#2302 = PCURVE('',#2264,#2303);
#2303 = DEFINITIONAL_REPRESENTATION('',(#2304),#2308);
#2304 = LINE('',#2305,#2306);
#2305 = CARTESIAN_POINT('',(0.,-0.));
#2306 = VECTOR('',#2307,1.);
#2307 = DIRECTION('',(0.,1.));
#2308 = ( GEOMETRIC_REPRESENTATION_CONTEXT(2) 
PARAMETRIC_REPRESENTATION_CONTEXT() REPRESENTATION_CONTEXT('2D SPACE',''
  ) );
#2309 = ORIENTED_EDGE('',*,*,#2310,.T.);
#2310 = EDGE_CURVE('',#2288,#2288,#2311,.T.);
#2311 = SURFACE_CURVE('',#2312,(#2317,#2324),.PCURVE_S1.);
#2312 = CIRCLE('',#2313,406.4);
#2313 = AXIS2_PLACEMENT_3D('',#2314,#2315,#2316);
#2314 = CARTESIAN_POINT('',(0.,120.65,-2.678968158421E-14));
#2315 = DIRECTION('',(0.,-1.,2.22044604925E-16));
#2316 = DIRECTION('',(1.,0.,0.));
#2317 = PCURVE('',#2264,#2318);
#2318 = DEFINITIONAL_REPRESENTATION('',(#2319),#2323);
#2319 = LINE('',#2320,#2321);
#2320 = CARTESIAN_POINT('',(0.,0.));
#2321 = VECTOR('',#2322,1.);
#2322 = DIRECTION('',(1.,0.));
#2323 = ( GEOMETRIC_REPRESENTATION_CONTEXT(2) 
PARAMETRIC_REPRESENTATION_CONTEXT() REPRESENTATION_CONTEXT('2D SPACE',''
  ) );
#2324 = PCURVE('',#2325,#2330);
#2325 = PLANE('',#2326);
#2326 = AXIS2_PLACEMENT_3D('',#2327,#2328,#2329);
#2327 = CARTESIAN_POINT('',(0.,120.65,-2.678968158421E-14));
#2328 = DIRECTION('',(0.,-1.,2.22044604925E-16));
#2329 = DIRECTION('',(1.,0.,0.));
#2330 = DEFINITIONAL_REPRESENTATION('',(#2331),#2335);
#2331 = CIRCLE('',#2332,406.4);
#2332 = AXIS2_PLACEMENT_2D('',#2333,#2334);
#2333 = CARTESIAN_POINT('',(0.,0.));
#2334 = DIRECTION('',(1.,0.));
#2335 = ( GEOMETRIC_REPRESENTATION_CONTEXT(2) 
PARAMETRIC_REPRESENTATION_CONTEXT() REPRESENTATION_CONTEXT('2D SPACE',''
  ) );
#2336 = ORIENTED_EDGE('',*,*,#2287,.T.);
#2337 = ADVANCED_FACE('',(#2338,#2341),#2325,.F.);
#2338 = FACE_BOUND('',#2339,.F.);
#2339 = EDGE_LOOP('',(#2340));
#2340 = ORIENTED_EDGE('',*,*,#2310,.T.);
#2341 = FACE_BOUND('',#2342,.F.);
#2342 = EDGE_LOOP('',(#2343));
#2343 = ORIENTED_EDGE('',*,*,#2344,.F.);
#2344 = EDGE_CURVE('',#2345,#2345,#2347,.T.);
#2345 = VERTEX_POINT('',#2346);
#2346 = CARTESIAN_POINT('',(101.6,120.65,-5.167450454288E-14));
#2347 = SURFACE_CURVE('',#2348,(#2353,#2360),.PCURVE_S1.);
#2348 = CIRCLE('',#2349,101.6);
#2349 = AXIS2_PLACEMENT_3D('',#2350,#2351,#2352);
#2350 = CARTESIAN_POINT('',(0.,120.65,-2.678968158421E-14));
#2351 = DIRECTION('',(0.,-1.,2.22044604925E-16));
#2352 = DIRECTION('',(1.,0.,0.));
#2353 = PCURVE('',#2325,#2354);
#2354 = DEFINITIONAL_REPRESENTATION('',(#2355),#2359);
#2355 = CIRCLE('',#2356,101.6);
#2356 = AXIS2_PLACEMENT_2D('',#2357,#2358);
#2357 = CARTESIAN_POINT('',(0.,0.));
#2358 = DIRECTION('',(1.,0.));
#2359 = ( GEOMETRIC_REPRESENTATION_CONTEXT(2) 
PARAMETRIC_REPRESENTATION_CONTEXT() REPRESENTATION_CONTEXT('2D SPACE',''
  ) );
#2360 = PCURVE('',#2361,#2366);
#2361 = CYLINDRICAL_SURFACE('',#2362,101.6);
#2362 = AXIS2_PLACEMENT_3D('',#2363,#2364,#2365);
#2363 = CARTESIAN_POINT('',(0.,139.7,-3.101963130803E-14));
#2364 = DIRECTION('',(0.,-1.,2.22044604925E-16));
#2365 = DIRECTION('',(1.,0.,0.));
#2366 = DEFINITIONAL_REPRESENTATION('',(#2367),#2371);
#2367 = LINE('',#2368,#2369);
#2368 = CARTESIAN_POINT('',(0.,19.05));
#2369 = VECTOR('',#2370,1.);
#2370 = DIRECTION('',(1.,0.));
#2371 = ( GEOMETRIC_REPRESENTATION_CONTEXT(2) 
PARAMETRIC_REPRESENTATION_CONTEXT() REPRESENTATION_CONTEXT('2D SPACE',''
  ) );
#2372 = ADVANCED_FACE('',(#2373),#2361,.T.);
#2373 = FACE_BOUND('',#2374,.T.);
#2374 = EDGE_LOOP('',(#2375,#2376,#2399,#2426));
#2375 = ORIENTED_EDGE('',*,*,#2344,.F.);
#2376 = ORIENTED_EDGE('',*,*,#2377,.F.);
#2377 = EDGE_CURVE('',#2378,#2345,#2380,.T.);
#2378 = VERTEX_POINT('',#2379);
#2379 = CARTESIAN_POINT('',(101.6,139.7,-5.59044542667E-14));
#2380 = SEAM_CURVE('',#2381,(#2385,#2392),.PCURVE_S1.);
#2381 = LINE('',#2382,#2383);
#2382 = CARTESIAN_POINT('',(101.6,139.7,-5.59044542667E-14));
#2383 = VECTOR('',#2384,1.);
#2384 = DIRECTION('',(0.,-1.,2.22044604925E-16));
#2385 = PCURVE('',#2361,#2386);
#2386 = DEFINITIONAL_REPRESENTATION('',(#2387),#2391);
#2387 = LINE('',#2388,#2389);
#2388 = CARTESIAN_POINT('',(6.28318530718,-0.));
#2389 = VECTOR('',#2390,1.);
#2390 = DIRECTION('',(0.,1.));
#2391 = ( GEOMETRIC_REPRESENTATION_CONTEXT(2) 
PARAMETRIC_REPRESENTATION_CONTEXT() REPRESENTATION_CONTEXT('2D SPACE',''
  ) );
#2392 = PCURVE('',#2361,#2393);
#2393 = DEFINITIONAL_REPRESENTATION('',(#2394),#2398);
#2394 = LINE('',#2395,#2396);
#2395 = CARTESIAN_POINT('',(0.,-0.));
#2396 = VECTOR('',#2397,1.);
#2397 = DIRECTION('',(0.,1.));
#2398 = ( GEOMETRIC_REPRESENTATION_CONTEXT(2) 
PARAMETRIC_REPRESENTATION_CONTEXT() REPRESENTATION_CONTEXT('2D SPACE',''
  ) );
#2399 = ORIENTED_EDGE('',*,*,#2400,.T.);
#2400 = EDGE_CURVE('',#2378,#2378,#2401,.T.);
#2401 = SURFACE_CURVE('',#2402,(#2407,#2414),.PCURVE_S1.);
#2402 = CIRCLE('',#2403,101.6);
#2403 = AXIS2_PLACEMENT_3D('',#2404,#2405,#2406);
#2404 = CARTESIAN_POINT('',(0.,139.7,-3.101963130803E-14));
#2405 = DIRECTION('',(0.,-1.,2.22044604925E-16));
#2406 = DIRECTION('',(1.,0.,0.));
#2407 = PCURVE('',#2361,#2408);
#2408 = DEFINITIONAL_REPRESENTATION('',(#2409),#2413);
#2409 = LINE('',#2410,#2411);
#2410 = CARTESIAN_POINT('',(0.,0.));
#2411 = VECTOR('',#2412,1.);
#2412 = DIRECTION('',(1.,0.));
#2413 = ( GEOMETRIC_REPRESENTATION_CONTEXT(2) 
PARAMETRIC_REPRESENTATION_CONTEXT() REPRESENTATION_CONTEXT('2D SPACE',''
  ) );
#2414 = PCURVE('',#2415,#2420);
#2415 = PLANE('',#2416);
#2416 = AXIS2_PLACEMENT_3D('',#2417,#2418,#2419);
#2417 = CARTESIAN_POINT('',(0.,139.7,-3.101963130803E-14));
#2418 = DIRECTION('',(0.,-1.,2.22044604925E-16));
#2419 = DIRECTION('',(1.,0.,0.));
#2420 = DEFINITIONAL_REPRESENTATION('',(#2421),#2425);
#2421 = CIRCLE('',#2422,101.6);
#2422 = AXIS2_PLACEMENT_2D('',#2423,#2424);
#2423 = CARTESIAN_POINT('',(0.,0.));
#2424 = DIRECTION('',(1.,0.));
#2425 = ( GEOMETRIC_REPRESENTATION_CONTEXT(2) 
PARAMETRIC_REPRESENTATION_CONTEXT() REPRESENTATION_CONTEXT('2D SPACE',''
  ) );
#2426 = ORIENTED_EDGE('',*,*,#2377,.T.);
#2427 = ADVANCED_FACE('',(#2428),#2415,.F.);
#2428 = FACE_BOUND('',#2429,.T.);
#2429 = EDGE_LOOP('',(#2430));
#2430 = ORIENTED_EDGE('',*,*,#2400,.F.);
#2431 = ( GEOMETRIC_REPRESENTATION_CONTEXT(3) 
GLOBAL_UNCERTAINTY_ASSIGNED_CONTEXT((#2435)) 
GLOBAL_UNIT_ASSIGNED_CONTEXT((#2432,#2433,#2434)) REPRESENTATION_CONTEXT
('Context #1','3D Context with UNIT and UNCERTAINTY') );
#2432 = ( LENGTH_UNIT() NAMED_UNIT(*) SI_UNIT(.MILLI.,.METRE.) );
#2433 = ( NAMED_UNIT(*) PLANE_ANGLE_UNIT() SI_UNIT($,.RADIAN.) );
#2434 = ( NAMED_UNIT(*) SI_UNIT($,.STERADIAN.) SOLID_ANGLE_UNIT() );
#2435 = UNCERTAINTY_MEASURE_WITH_UNIT(LENGTH_MEASURE(1.E-07),#2432,
  'distance_accuracy_value','confusion accuracy');
#2436 = CONTEXT_DEPENDENT_SHAPE_REPRESENTATION(#2437,#2439);
#2437 = ( REPRESENTATION_RELATIONSHIP('','',#2152,#10) 
REPRESENTATION_RELATIONSHIP_WITH_TRANSFORMATION(#2438) 
SHAPE_REPRESENTATION_RELATIONSHIP() );
#2438 = ITEM_DEFINED_TRANSFORMATION('','',#11,#47);
#2439 = PRODUCT_DEFINITION_SHAPE('Placement','Placement of an item',
  #2440);
#2440 = NEXT_ASSEMBLY_USAGE_OCCURRENCE('9','wheel:2_left','',#5,#2147,$
  );
#2441 = PRODUCT_RELATED_PRODUCT_CATEGORY('part',$,(#2149));
#2442 = SHAPE_DEFINITION_REPRESENTATION(#2443,#2449);
#2443 = PRODUCT_DEFINITION_SHAPE('','',#2444);
#2444 = PRODUCT_DEFINITION('design','',#2445,#2448);
#2445 = PRODUCT_DEFINITION_FORMATION('','',#2446);
#2446 = PRODUCT('wheel:2_right','wheel:2_right','',(#2447));
#2447 = PRODUCT_CONTEXT('',#2,'mechanical');
#2448 = PRODUCT_DEFINITION_CONTEXT('part definition',#2,'design');
#2449 = ADVANCED_BREP_SHAPE_REPRESENTATION('',(#11,#2450),#2728);
#2450 = MANIFOLD_SOLID_BREP('',#2451);
#2451 = CLOSED_SHELL('',(#2452,#2540,#2575,#2579,#2634,#2669,#2724));
#2452 = ADVANCED_FACE('',(#2453),#2467,.T.);
#2453 = FACE_BOUND('',#2454,.T.);
#2454 = EDGE_LOOP('',(#2455,#2485,#2512,#2513));
#2455 = ORIENTED_EDGE('',*,*,#2456,.T.);
#2456 = EDGE_CURVE('',#2457,#2459,#2461,.T.);
#2457 = VERTEX_POINT('',#2458);
#2458 = CARTESIAN_POINT('',(101.6,-120.65,1.904858625531E-15));
#2459 = VERTEX_POINT('',#2460);
#2460 = CARTESIAN_POINT('',(101.6,-139.7,6.134808349353E-15));
#2461 = SEAM_CURVE('',#2462,(#2466,#2478),.PCURVE_S1.);
#2462 = LINE('',#2463,#2464);
#2463 = CARTESIAN_POINT('',(101.6,139.7,-5.59044542667E-14));
#2464 = VECTOR('',#2465,1.);
#2465 = DIRECTION('',(0.,-1.,2.22044604925E-16));
#2466 = PCURVE('',#2467,#2472);
#2467 = CYLINDRICAL_SURFACE('',#2468,101.6);
#2468 = AXIS2_PLACEMENT_3D('',#2469,#2470,#2471);
#2469 = CARTESIAN_POINT('',(0.,139.7,-3.101963130803E-14));
#2470 = DIRECTION('',(0.,-1.,2.22044604925E-16));
#2471 = DIRECTION('',(1.,0.,0.));
#2472 = DEFINITIONAL_REPRESENTATION('',(#2473),#2477);
#2473 = LINE('',#2474,#2475);
#2474 = CARTESIAN_POINT('',(6.28318530718,-0.));
#2475 = VECTOR('',#2476,1.);
#2476 = DIRECTION('',(0.,1.));
#2477 = ( GEOMETRIC_REPRESENTATION_CONTEXT(2) 
PARAMETRIC_REPRESENTATION_CONTEXT() REPRESENTATION_CONTEXT('2D SPACE',''
  ) );
#2478 = PCURVE('',#2467,#2479);
#2479 = DEFINITIONAL_REPRESENTATION('',(#2480),#2484);
#2480 = LINE('',#2481,#2482);
#2481 = CARTESIAN_POINT('',(0.,-0.));
#2482 = VECTOR('',#2483,1.);
#2483 = DIRECTION('',(0.,1.));
#2484 = ( GEOMETRIC_REPRESENTATION_CONTEXT(2) 
PARAMETRIC_REPRESENTATION_CONTEXT() REPRESENTATION_CONTEXT('2D SPACE',''
  ) );
#2485 = ORIENTED_EDGE('',*,*,#2486,.F.);
#2486 = EDGE_CURVE('',#2459,#2459,#2487,.T.);
#2487 = SURFACE_CURVE('',#2488,(#2493,#2500),.PCURVE_S1.);
#2488 = CIRCLE('',#2489,101.6);
#2489 = AXIS2_PLACEMENT_3D('',#2490,#2491,#2492);
#2490 = CARTESIAN_POINT('',(0.,-139.7,3.101963130803E-14));
#2491 = DIRECTION('',(0.,-1.,2.22044604925E-16));
#2492 = DIRECTION('',(1.,0.,0.));
#2493 = PCURVE('',#2467,#2494);
#2494 = DEFINITIONAL_REPRESENTATION('',(#2495),#2499);
#2495 = LINE('',#2496,#2497);
#2496 = CARTESIAN_POINT('',(0.,279.4));
#2497 = VECTOR('',#2498,1.);
#2498 = DIRECTION('',(1.,0.));
#2499 = ( GEOMETRIC_REPRESENTATION_CONTEXT(2) 
PARAMETRIC_REPRESENTATION_CONTEXT() REPRESENTATION_CONTEXT('2D SPACE',''
  ) );
#2500 = PCURVE('',#2501,#2506);
#2501 = PLANE('',#2502);
#2502 = AXIS2_PLACEMENT_3D('',#2503,#2504,#2505);
#2503 = CARTESIAN_POINT('',(0.,-139.7,3.101963130803E-14));
#2504 = DIRECTION('',(0.,-1.,2.22044604925E-16));
#2505 = DIRECTION('',(1.,0.,0.));
#2506 = DEFINITIONAL_REPRESENTATION('',(#2507),#2511);
#2507 = CIRCLE('',#2508,101.6);
#2508 = AXIS2_PLACEMENT_2D('',#2509,#2510);
#2509 = CARTESIAN_POINT('',(0.,0.));
#2510 = DIRECTION('',(1.,0.));
#2511 = ( GEOMETRIC_REPRESENTATION_CONTEXT(2) 
PARAMETRIC_REPRESENTATION_CONTEXT() REPRESENTATION_CONTEXT('2D SPACE',''
  ) );
#2512 = ORIENTED_EDGE('',*,*,#2456,.F.);
#2513 = ORIENTED_EDGE('',*,*,#2514,.T.);
#2514 = EDGE_CURVE('',#2457,#2457,#2515,.T.);
#2515 = SURFACE_CURVE('',#2516,(#2521,#2528),.PCURVE_S1.);
#2516 = CIRCLE('',#2517,101.6);
#2517 = AXIS2_PLACEMENT_3D('',#2518,#2519,#2520);
#2518 = CARTESIAN_POINT('',(0.,-120.65,2.678968158421E-14));
#2519 = DIRECTION('',(0.,-1.,2.22044604925E-16));
#2520 = DIRECTION('',(1.,0.,0.));
#2521 = PCURVE('',#2467,#2522);
#2522 = DEFINITIONAL_REPRESENTATION('',(#2523),#2527);
#2523 = LINE('',#2524,#2525);
#2524 = CARTESIAN_POINT('',(0.,260.35));
#2525 = VECTOR('',#2526,1.);
#2526 = DIRECTION('',(1.,0.));
#2527 = ( GEOMETRIC_REPRESENTATION_CONTEXT(2) 
PARAMETRIC_REPRESENTATION_CONTEXT() REPRESENTATION_CONTEXT('2D SPACE',''
  ) );
#2528 = PCURVE('',#2529,#2534);
#2529 = PLANE('',#2530);
#2530 = AXIS2_PLACEMENT_3D('',#2531,#2532,#2533);
#2531 = CARTESIAN_POINT('',(0.,-120.65,2.678968158421E-14));
#2532 = DIRECTION('',(0.,-1.,2.22044604925E-16));
#2533 = DIRECTION('',(1.,0.,0.));
#2534 = DEFINITIONAL_REPRESENTATION('',(#2535),#2539);
#2535 = CIRCLE('',#2536,101.6);
#2536 = AXIS2_PLACEMENT_2D('',#2537,#2538);
#2537 = CARTESIAN_POINT('',(0.,0.));
#2538 = DIRECTION('',(1.,0.));
#2539 = ( GEOMETRIC_REPRESENTATION_CONTEXT(2) 
PARAMETRIC_REPRESENTATION_CONTEXT() REPRESENTATION_CONTEXT('2D SPACE',''
  ) );
#2540 = ADVANCED_FACE('',(#2541,#2572),#2529,.T.);
#2541 = FACE_BOUND('',#2542,.T.);
#2542 = EDGE_LOOP('',(#2543));
#2543 = ORIENTED_EDGE('',*,*,#2544,.T.);
#2544 = EDGE_CURVE('',#2545,#2545,#2547,.T.);
#2545 = VERTEX_POINT('',#2546);
#2546 = CARTESIAN_POINT('',(406.4,-120.65,-7.274961025049E-14));
#2547 = SURFACE_CURVE('',#2548,(#2553,#2560),.PCURVE_S1.);
#2548 = CIRCLE('',#2549,406.4);
#2549 = AXIS2_PLACEMENT_3D('',#2550,#2551,#2552);
#2550 = CARTESIAN_POINT('',(0.,-120.65,2.678968158421E-14));
#2551 = DIRECTION('',(0.,-1.,2.22044604925E-16));
#2552 = DIRECTION('',(1.,0.,0.));
#2553 = PCURVE('',#2529,#2554);
#2554 = DEFINITIONAL_REPRESENTATION('',(#2555),#2559);
#2555 = CIRCLE('',#2556,406.4);
#2556 = AXIS2_PLACEMENT_2D('',#2557,#2558);
#2557 = CARTESIAN_POINT('',(0.,0.));
#2558 = DIRECTION('',(1.,0.));
#2559 = ( GEOMETRIC_REPRESENTATION_CONTEXT(2) 
PARAMETRIC_REPRESENTATION_CONTEXT() REPRESENTATION_CONTEXT('2D SPACE',''
  ) );
#2560 = PCURVE('',#2561,#2566);
#2561 = CYLINDRICAL_SURFACE('',#2562,406.4);
#2562 = AXIS2_PLACEMENT_3D('',#2563,#2564,#2565);
#2563 = CARTESIAN_POINT('',(0.,120.65,-2.678968158421E-14));
#2564 = DIRECTION('',(0.,-1.,2.22044604925E-16));
#2565 = DIRECTION('',(1.,0.,0.));
#2566 = DEFINITIONAL_REPRESENTATION('',(#2567),#2571);
#2567 = LINE('',#2568,#2569);
#2568 = CARTESIAN_POINT('',(0.,241.3));
#2569 = VECTOR('',#2570,1.);
#2570 = DIRECTION('',(1.,0.));
#2571 = ( GEOMETRIC_REPRESENTATION_CONTEXT(2) 
PARAMETRIC_REPRESENTATION_CONTEXT() REPRESENTATION_CONTEXT('2D SPACE',''
  ) );
#2572 = FACE_BOUND('',#2573,.T.);
#2573 = EDGE_LOOP('',(#2574));
#2574 = ORIENTED_EDGE('',*,*,#2514,.F.);
#2575 = ADVANCED_FACE('',(#2576),#2501,.T.);
#2576 = FACE_BOUND('',#2577,.T.);
#2577 = EDGE_LOOP('',(#2578));
#2578 = ORIENTED_EDGE('',*,*,#2486,.T.);
#2579 = ADVANCED_FACE('',(#2580),#2561,.T.);
#2580 = FACE_BOUND('',#2581,.T.);
#2581 = EDGE_LOOP('',(#2582,#2583,#2606,#2633));
#2582 = ORIENTED_EDGE('',*,*,#2544,.F.);
#2583 = ORIENTED_EDGE('',*,*,#2584,.F.);
#2584 = EDGE_CURVE('',#2585,#2545,#2587,.T.);
#2585 = VERTEX_POINT('',#2586);
#2586 = CARTESIAN_POINT('',(406.4,120.65,-1.263289734189E-13));
#2587 = SEAM_CURVE('',#2588,(#2592,#2599),.PCURVE_S1.);
#2588 = LINE('',#2589,#2590);
#2589 = CARTESIAN_POINT('',(406.4,120.65,-1.263289734189E-13));
#2590 = VECTOR('',#2591,1.);
#2591 = DIRECTION('',(0.,-1.,2.22044604925E-16));
#2592 = PCURVE('',#2561,#2593);
#2593 = DEFINITIONAL_REPRESENTATION('',(#2594),#2598);
#2594 = LINE('',#2595,#2596);
#2595 = CARTESIAN_POINT('',(6.28318530718,-0.));
#2596 = VECTOR('',#2597,1.);
#2597 = DIRECTION('',(0.,1.));
#2598 = ( GEOMETRIC_REPRESENTATION_CONTEXT(2) 
PARAMETRIC_REPRESENTATION_CONTEXT() REPRESENTATION_CONTEXT('2D SPACE',''
  ) );
#2599 = PCURVE('',#2561,#2600);
#2600 = DEFINITIONAL_REPRESENTATION('',(#2601),#2605);
#2601 = LINE('',#2602,#2603);
#2602 = CARTESIAN_POINT('',(0.,-0.));
#2603 = VECTOR('',#2604,1.);
#2604 = DIRECTION('',(0.,1.));
#2605 = ( GEOMETRIC_REPRESENTATION_CONTEXT(2) 
PARAMETRIC_REPRESENTATION_CONTEXT() REPRESENTATION_CONTEXT('2D SPACE',''
  ) );
#2606 = ORIENTED_EDGE('',*,*,#2607,.T.);
#2607 = EDGE_CURVE('',#2585,#2585,#2608,.T.);
#2608 = SURFACE_CURVE('',#2609,(#2614,#2621),.PCURVE_S1.);
#2609 = CIRCLE('',#2610,406.4);
#2610 = AXIS2_PLACEMENT_3D('',#2611,#2612,#2613);
#2611 = CARTESIAN_POINT('',(0.,120.65,-2.678968158421E-14));
#2612 = DIRECTION('',(0.,-1.,2.22044604925E-16));
#2613 = DIRECTION('',(1.,0.,0.));
#2614 = PCURVE('',#2561,#2615);
#2615 = DEFINITIONAL_REPRESENTATION('',(#2616),#2620);
#2616 = LINE('',#2617,#2618);
#2617 = CARTESIAN_POINT('',(0.,0.));
#2618 = VECTOR('',#2619,1.);
#2619 = DIRECTION('',(1.,0.));
#2620 = ( GEOMETRIC_REPRESENTATION_CONTEXT(2) 
PARAMETRIC_REPRESENTATION_CONTEXT() REPRESENTATION_CONTEXT('2D SPACE',''
  ) );
#2621 = PCURVE('',#2622,#2627);
#2622 = PLANE('',#2623);
#2623 = AXIS2_PLACEMENT_3D('',#2624,#2625,#2626);
#2624 = CARTESIAN_POINT('',(0.,120.65,-2.678968158421E-14));
#2625 = DIRECTION('',(0.,-1.,2.22044604925E-16));
#2626 = DIRECTION('',(1.,0.,0.));
#2627 = DEFINITIONAL_REPRESENTATION('',(#2628),#2632);
#2628 = CIRCLE('',#2629,406.4);
#2629 = AXIS2_PLACEMENT_2D('',#2630,#2631);
#2630 = CARTESIAN_POINT('',(0.,0.));
#2631 = DIRECTION('',(1.,0.));
#2632 = ( GEOMETRIC_REPRESENTATION_CONTEXT(2) 
PARAMETRIC_REPRESENTATION_CONTEXT() REPRESENTATION_CONTEXT('2D SPACE',''
  ) );
#2633 = ORIENTED_EDGE('',*,*,#2584,.T.);
#2634 = ADVANCED_FACE('',(#2635,#2638),#2622,.F.);
#2635 = FACE_BOUND('',#2636,.F.);
#2636 = EDGE_LOOP('',(#2637));
#2637 = ORIENTED_EDGE('',*,*,#2607,.T.);
#2638 = FACE_BOUND('',#2639,.F.);
#2639 = EDGE_LOOP('',(#2640));
#2640 = ORIENTED_EDGE('',*,*,#2641,.F.);
#2641 = EDGE_CURVE('',#2642,#2642,#2644,.T.);
#2642 = VERTEX_POINT('',#2643);
#2643 = CARTESIAN_POINT('',(101.6,120.65,-5.167450454288E-14));
#2644 = SURFACE_CURVE('',#2645,(#2650,#2657),.PCURVE_S1.);
#2645 = CIRCLE('',#2646,101.6);
#2646 = AXIS2_PLACEMENT_3D('',#2647,#2648,#2649);
#2647 = CARTESIAN_POINT('',(0.,120.65,-2.678968158421E-14));
#2648 = DIRECTION('',(0.,-1.,2.22044604925E-16));
#2649 = DIRECTION('',(1.,0.,0.));
#2650 = PCURVE('',#2622,#2651);
#2651 = DEFINITIONAL_REPRESENTATION('',(#2652),#2656);
#2652 = CIRCLE('',#2653,101.6);
#2653 = AXIS2_PLACEMENT_2D('',#2654,#2655);
#2654 = CARTESIAN_POINT('',(0.,0.));
#2655 = DIRECTION('',(1.,0.));
#2656 = ( GEOMETRIC_REPRESENTATION_CONTEXT(2) 
PARAMETRIC_REPRESENTATION_CONTEXT() REPRESENTATION_CONTEXT('2D SPACE',''
  ) );
#2657 = PCURVE('',#2658,#2663);
#2658 = CYLINDRICAL_SURFACE('',#2659,101.6);
#2659 = AXIS2_PLACEMENT_3D('',#2660,#2661,#2662);
#2660 = CARTESIAN_POINT('',(0.,139.7,-3.101963130803E-14));
#2661 = DIRECTION('',(0.,-1.,2.22044604925E-16));
#2662 = DIRECTION('',(1.,0.,0.));
#2663 = DEFINITIONAL_REPRESENTATION('',(#2664),#2668);
#2664 = LINE('',#2665,#2666);
#2665 = CARTESIAN_POINT('',(0.,19.05));
#2666 = VECTOR('',#2667,1.);
#2667 = DIRECTION('',(1.,0.));
#2668 = ( GEOMETRIC_REPRESENTATION_CONTEXT(2) 
PARAMETRIC_REPRESENTATION_CONTEXT() REPRESENTATION_CONTEXT('2D SPACE',''
  ) );
#2669 = ADVANCED_FACE('',(#2670),#2658,.T.);
#2670 = FACE_BOUND('',#2671,.T.);
#2671 = EDGE_LOOP('',(#2672,#2673,#2696,#2723));
#2672 = ORIENTED_EDGE('',*,*,#2641,.F.);
#2673 = ORIENTED_EDGE('',*,*,#2674,.F.);
#2674 = EDGE_CURVE('',#2675,#2642,#2677,.T.);
#2675 = VERTEX_POINT('',#2676);
#2676 = CARTESIAN_POINT('',(101.6,139.7,-5.59044542667E-14));
#2677 = SEAM_CURVE('',#2678,(#2682,#2689),.PCURVE_S1.);
#2678 = LINE('',#2679,#2680);
#2679 = CARTESIAN_POINT('',(101.6,139.7,-5.59044542667E-14));
#2680 = VECTOR('',#2681,1.);
#2681 = DIRECTION('',(0.,-1.,2.22044604925E-16));
#2682 = PCURVE('',#2658,#2683);
#2683 = DEFINITIONAL_REPRESENTATION('',(#2684),#2688);
#2684 = LINE('',#2685,#2686);
#2685 = CARTESIAN_POINT('',(6.28318530718,-0.));
#2686 = VECTOR('',#2687,1.);
#2687 = DIRECTION('',(0.,1.));
#2688 = ( GEOMETRIC_REPRESENTATION_CONTEXT(2) 
PARAMETRIC_REPRESENTATION_CONTEXT() REPRESENTATION_CONTEXT('2D SPACE',''
  ) );
#2689 = PCURVE('',#2658,#2690);
#2690 = DEFINITIONAL_REPRESENTATION('',(#2691),#2695);
#2691 = LINE('',#2692,#2693);
#2692 = CARTESIAN_POINT('',(0.,-0.));
#2693 = VECTOR('',#2694,1.);
#2694 = DIRECTION('',(0.,1.));
#2695 = ( GEOMETRIC_REPRESENTATION_CONTEXT(2) 
PARAMETRIC_REPRESENTATION_CONTEXT() REPRESENTATION_CONTEXT('2D SPACE',''
  ) );
#2696 = ORIENTED_EDGE('',*,*,#2697,.T.);
#2697 = EDGE_CURVE('',#2675,#2675,#2698,.T.);
#2698 = SURFACE_CURVE('',#2699,(#2704,#2711),.PCURVE_S1.);
#2699 = CIRCLE('',#2700,101.6);
#2700 = AXIS2_PLACEMENT_3D('',#2701,#2702,#2703);
#2701 = CARTESIAN_POINT('',(0.,139.7,-3.101963130803E-14));
#2702 = DIRECTION('',(0.,-1.,2.22044604925E-16));
#2703 = DIRECTION('',(1.,0.,0.));
#2704 = PCURVE('',#2658,#2705);
#2705 = DEFINITIONAL_REPRESENTATION('',(#2706),#2710);
#2706 = LINE('',#2707,#2708);
#2707 = CARTESIAN_POINT('',(0.,0.));
#2708 = VECTOR('',#2709,1.);
#2709 = DIRECTION('',(1.,0.));
#2710 = ( GEOMETRIC_REPRESENTATION_CONTEXT(2) 
PARAMETRIC_REPRESENTATION_CONTEXT() REPRESENTATION_CONTEXT('2D SPACE',''
  ) );
#2711 = PCURVE('',#2712,#2717);
#2712 = PLANE('',#2713);
#2713 = AXIS2_PLACEMENT_3D('',#2714,#2715,#2716);
#2714 = CARTESIAN_POINT('',(0.,139.7,-3.101963130803E-14));
#2715 = DIRECTION('',(0.,-1.,2.22044604925E-16));
#2716 = DIRECTION('',(1.,0.,0.));
#2717 = DEFINITIONAL_REPRESENTATION('',(#2718),#2722);
#2718 = CIRCLE('',#2719,101.6);
#2719 = AXIS2_PLACEMENT_2D('',#2720,#2721);
#2720 = CARTESIAN_POINT('',(0.,0.));
#2721 = DIRECTION('',(1.,0.));
#2722 = ( GEOMETRIC_REPRESENTATION_CONTEXT(2) 
PARAMETRIC_REPRESENTATION_CONTEXT() REPRESENTATION_CONTEXT('2D SPACE',''
  ) );
#2723 = ORIENTED_EDGE('',*,*,#2674,.T.);
#2724 = ADVANCED_FACE('',(#2725),#2712,.F.);
#2725 = FACE_BOUND('',#2726,.T.);
#2726 = EDGE_LOOP('',(#2727));
#2727 = ORIENTED_EDGE('',*,*,#2697,.F.);
#2728 = ( GEOMETRIC_REPRESENTATION_CONTEXT(3) 
GLOBAL_UNCERTAINTY_ASSIGNED_CONTEXT((#2732)) 
GLOBAL_UNIT_ASSIGNED_CONTEXT((#2729,#2730,#2731)) REPRESENTATION_CONTEXT
('Context #1','3D Context with UNIT and UNCERTAINTY') );
#2729 = ( LENGTH_UNIT() NAMED_UNIT(*) SI_UNIT(.MILLI.,.METRE.) );
#2730 = ( NAMED_UNIT(*) PLANE_ANGLE_UNIT() SI_UNIT($,.RADIAN.) );
#2731 = ( NAMED_UNIT(*) SI_UNIT($,.STERADIAN.) SOLID_ANGLE_UNIT() );
#2732 = UNCERTAINTY_MEASURE_WITH_UNIT(LENGTH_MEASURE(1.E-07),#2729,
  'distance_accuracy_value','confusion accuracy');
#2733 = CONTEXT_DEPENDENT_SHAPE_REPRESENTATION(#2734,#2736);
#2734 = ( REPRESENTATION_RELATIONSHIP('','',#2449,#10) 
REPRESENTATION_RELATIONSHIP_WITH_TRANSFORMATION(#2735) 
SHAPE_REPRESENTATION_RELATIONSHIP() );
#2735 = ITEM_DEFINED_TRANSFORMATION('','',#11,#51);
#2736 = PRODUCT_DEFINITION_SHAPE('Placement','Placement of an item',
  #2737);
#2737 = NEXT_ASSEMBLY_USAGE_OCCURRENCE('10','wheel:2_right','',#5,#2444,
  $);
#2738 = PRODUCT_RELATED_PRODUCT_CATEGORY('part',$,(#2446));
#2739 = SHAPE_DEFINITION_REPRESENTATION(#2740,#2746);
#2740 = PRODUCT_DEFINITION_SHAPE('','',#2741);
#2741 = PRODUCT_DEFINITION('design','',#2742,#2745);
#2742 = PRODUCT_DEFINITION_FORMATION('','',#2743);
#2743 = PRODUCT('fender:left','fender:left','',(#2744));
#2744 = PRODUCT_CONTEXT('',#2,'mechanical');
#2745 = PRODUCT_DEFINITION_CONTEXT('part definition',#2,'design');
#2746 = ADVANCED_BREP_SHAPE_REPRESENTATION('',(#11,#2747),#3077);
#2747 = MANIFOLD_SOLID_BREP('',#2748);
#2748 = CLOSED_SHELL('',(#2749,#2869,#2969,#3016,#3063,#3070));
#2749 = ADVANCED_FACE('',(#2750),#2764,.F.);
#2750 = FACE_BOUND('',#2751,.F.);
#2751 = EDGE_LOOP('',(#2752,#2787,#2815,#2843));
#2752 = ORIENTED_EDGE('',*,*,#2753,.F.);
#2753 = EDGE_CURVE('',#2754,#2756,#2758,.T.);
#2754 = VERTEX_POINT('',#2755);
#2755 = CARTESIAN_POINT('',(-1.016E+03,-127.,-31.75));
#2756 = VERTEX_POINT('',#2757);
#2757 = CARTESIAN_POINT('',(-1.016E+03,-127.,31.75));
#2758 = SURFACE_CURVE('',#2759,(#2763,#2775),.PCURVE_S1.);
#2759 = LINE('',#2760,#2761);
#2760 = CARTESIAN_POINT('',(-1.016E+03,-127.,-31.75));
#2761 = VECTOR('',#2762,1.);
#2762 = DIRECTION('',(0.,0.,1.));
#2763 = PCURVE('',#2764,#2769);
#2764 = PLANE('',#2765);
#2765 = AXIS2_PLACEMENT_3D('',#2766,#2767,#2768);
#2766 = CARTESIAN_POINT('',(-1.016E+03,-127.,-31.75));
#2767 = DIRECTION('',(1.,0.,0.));
#2768 = DIRECTION('',(0.,0.,1.));
#2769 = DEFINITIONAL_REPRESENTATION('',(#2770),#2774);
#2770 = LINE('',#2771,#2772);
#2771 = CARTESIAN_POINT('',(0.,0.));
#2772 = VECTOR('',#2773,1.);
#2773 = DIRECTION('',(1.,0.));
#2774 = ( GEOMETRIC_REPRESENTATION_CONTEXT(2) 
PARAMETRIC_REPRESENTATION_CONTEXT() REPRESENTATION_CONTEXT('2D SPACE',''
  ) );
#2775 = PCURVE('',#2776,#2781);
#2776 = PLANE('',#2777);
#2777 = AXIS2_PLACEMENT_3D('',#2778,#2779,#2780);
#2778 = CARTESIAN_POINT('',(-1.016E+03,-127.,-31.75));
#2779 = DIRECTION('',(0.,1.,0.));
#2780 = DIRECTION('',(0.,0.,1.));
#2781 = DEFINITIONAL_REPRESENTATION('',(#2782),#2786);
#2782 = LINE('',#2783,#2784);
#2783 = CARTESIAN_POINT('',(0.,0.));
#2784 = VECTOR('',#2785,1.);
#2785 = DIRECTION('',(1.,0.));
#2786 = ( GEOMETRIC_REPRESENTATION_CONTEXT(2) 
PARAMETRIC_REPRESENTATION_CONTEXT() REPRESENTATION_CONTEXT('2D SPACE',''
  ) );
#2787 = ORIENTED_EDGE('',*,*,#2788,.T.);
#2788 = EDGE_CURVE('',#2754,#2789,#2791,.T.);
#2789 = VERTEX_POINT('',#2790);
#2790 = CARTESIAN_POINT('',(-1.016E+03,127.,-31.75));
#2791 = SURFACE_CURVE('',#2792,(#2796,#2803),.PCURVE_S1.);
#2792 = LINE('',#2793,#2794);
#2793 = CARTESIAN_POINT('',(-1.016E+03,-127.,-31.75));
#2794 = VECTOR('',#2795,1.);
#2795 = DIRECTION('',(0.,1.,0.));
#2796 = PCURVE('',#2764,#2797);
#2797 = DEFINITIONAL_REPRESENTATION('',(#2798),#2802);
#2798 = LINE('',#2799,#2800);
#2799 = CARTESIAN_POINT('',(0.,0.));
#2800 = VECTOR('',#2801,1.);
#2801 = DIRECTION('',(0.,-1.));
#2802 = ( GEOMETRIC_REPRESENTATION_CONTEXT(2) 
PARAMETRIC_REPRESENTATION_CONTEXT() REPRESENTATION_CONTEXT('2D SPACE',''
  ) );
#2803 = PCURVE('',#2804,#2809);
#2804 = PLANE('',#2805);
#2805 = AXIS2_PLACEMENT_3D('',#2806,#2807,#2808);
#2806 = CARTESIAN_POINT('',(-1.016E+03,-127.,-31.75));
#2807 = DIRECTION('',(0.,0.,1.));
#2808 = DIRECTION('',(1.,0.,0.));
#2809 = DEFINITIONAL_REPRESENTATION('',(#2810),#2814);
#2810 = LINE('',#2811,#2812);
#2811 = CARTESIAN_POINT('',(0.,0.));
#2812 = VECTOR('',#2813,1.);
#2813 = DIRECTION('',(0.,1.));
#2814 = ( GEOMETRIC_REPRESENTATION_CONTEXT(2) 
PARAMETRIC_REPRESENTATION_CONTEXT() REPRESENTATION_CONTEXT('2D SPACE',''
  ) );
#2815 = ORIENTED_EDGE('',*,*,#2816,.T.);
#2816 = EDGE_CURVE('',#2789,#2817,#2819,.T.);
#2817 = VERTEX_POINT('',#2818);
#2818 = CARTESIAN_POINT('',(-1.016E+03,127.,31.75));
#2819 = SURFACE_CURVE('',#2820,(#2824,#2831),.PCURVE_S1.);
#2820 = LINE('',#2821,#2822);
#2821 = CARTESIAN_POINT('',(-1.016E+03,127.,-31.75));
#2822 = VECTOR('',#2823,1.);
#2823 = DIRECTION('',(0.,0.,1.));
#2824 = PCURVE('',#2764,#2825);
#2825 = DEFINITIONAL_REPRESENTATION('',(#2826),#2830);
#2826 = LINE('',#2827,#2828);
#2827 = CARTESIAN_POINT('',(0.,-254.));
#2828 = VECTOR('',#2829,1.);
#2829 = DIRECTION('',(1.,0.));
#2830 = ( GEOMETRIC_REPRESENTATION_CONTEXT(2) 
PARAMETRIC_REPRESENTATION_CONTEXT() REPRESENTATION_CONTEXT('2D SPACE',''
  ) );
#2831 = PCURVE('',#2832,#2837);
#2832 = PLANE('',#2833);
#2833 = AXIS2_PLACEMENT_3D('',#2834,#2835,#2836);
#2834 = CARTESIAN_POINT('',(-1.016E+03,127.,-31.75));
#2835 = DIRECTION('',(0.,1.,0.));
#2836 = DIRECTION('',(0.,0.,1.));
#2837 = DEFINITIONAL_REPRESENTATION('',(#2838),#2842);
#2838 = LINE('',#2839,#2840);
#2839 = CARTESIAN_POINT('',(0.,0.));
#2840 = VECTOR('',#2841,1.);
#2841 = DIRECTION('',(1.,0.));
#2842 = ( GEOMETRIC_REPRESENTATION_CONTEXT(2) 
PARAMETRIC_REPRESENTATION_CONTEXT() REPRESENTATION_CONTEXT('2D SPACE',''
  ) );
#2843 = ORIENTED_EDGE('',*,*,#2844,.F.);
#2844 = EDGE_CURVE('',#2756,#2817,#2845,.T.);
#2845 = SURFACE_CURVE('',#2846,(#2850,#2857),.PCURVE_S1.);
#2846 = LINE('',#2847,#2848);
#2847 = CARTESIAN_POINT('',(-1.016E+03,-127.,31.75));
#2848 = VECTOR('',#2849,1.);
#2849 = DIRECTION('',(0.,1.,0.));
#2850 = PCURVE('',#2764,#2851);
#2851 = DEFINITIONAL_REPRESENTATION('',(#2852),#2856);
#2852 = LINE('',#2853,#2854);
#2853 = CARTESIAN_POINT('',(63.5,0.));
#2854 = VECTOR('',#2855,1.);
#2855 = DIRECTION('',(0.,-1.));
#2856 = ( GEOMETRIC_REPRESENTATION_CONTEXT(2) 
PARAMETRIC_REPRESENTATION_CONTEXT() REPRESENTATION_CONTEXT('2D SPACE',''
  ) );
#2857 = PCURVE('',#2858,#2863);
#2858 = PLANE('',#2859);
#2859 = AXIS2_PLACEMENT_3D('',#2860,#2861,#2862);
#2860 = CARTESIAN_POINT('',(-1.016E+03,-127.,31.75));
#2861 = DIRECTION('',(0.,0.,1.));
#2862 = DIRECTION('',(1.,0.,0.));
#2863 = DEFINITIONAL_REPRESENTATION('',(#2864),#2868);
#2864 = LINE('',#2865,#2866);
#2865 = CARTESIAN_POINT('',(0.,0.));
#2866 = VECTOR('',#2867,1.);
#2867 = DIRECTION('',(0.,1.));
#2868 = ( GEOMETRIC_REPRESENTATION_CONTEXT(2) 
PARAMETRIC_REPRESENTATION_CONTEXT() REPRESENTATION_CONTEXT('2D SPACE',''
  ) );
#2869 = ADVANCED_FACE('',(#2870),#2884,.T.);
#2870 = FACE_BOUND('',#2871,.T.);
#2871 = EDGE_LOOP('',(#2872,#2902,#2925,#2948));
#2872 = ORIENTED_EDGE('',*,*,#2873,.F.);
#2873 = EDGE_CURVE('',#2874,#2876,#2878,.T.);
#2874 = VERTEX_POINT('',#2875);
#2875 = CARTESIAN_POINT('',(1.016E+03,-127.,-31.75));
#2876 = VERTEX_POINT('',#2877);
#2877 = CARTESIAN_POINT('',(1.016E+03,-127.,31.75));
#2878 = SURFACE_CURVE('',#2879,(#2883,#2895),.PCURVE_S1.);
#2879 = LINE('',#2880,#2881);
#2880 = CARTESIAN_POINT('',(1.016E+03,-127.,-31.75));
#2881 = VECTOR('',#2882,1.);
#2882 = DIRECTION('',(0.,0.,1.));
#2883 = PCURVE('',#2884,#2889);
#2884 = PLANE('',#2885);
#2885 = AXIS2_PLACEMENT_3D('',#2886,#2887,#2888);
#2886 = CARTESIAN_POINT('',(1.016E+03,-127.,-31.75));
#2887 = DIRECTION('',(1.,0.,0.));
#2888 = DIRECTION('',(0.,0.,1.));
#2889 = DEFINITIONAL_REPRESENTATION('',(#2890),#2894);
#2890 = LINE('',#2891,#2892);
#2891 = CARTESIAN_POINT('',(0.,0.));
#2892 = VECTOR('',#2893,1.);
#2893 = DIRECTION('',(1.,0.));
#2894 = ( GEOMETRIC_REPRESENTATION_CONTEXT(2) 
PARAMETRIC_REPRESENTATION_CONTEXT() REPRESENTATION_CONTEXT('2D SPACE',''
  ) );
#2895 = PCURVE('',#2776,#2896);
#2896 = DEFINITIONAL_REPRESENTATION('',(#2897),#2901);
#2897 = LINE('',#2898,#2899);
#2898 = CARTESIAN_POINT('',(0.,2.032E+03));
#2899 = VECTOR('',#2900,1.);
#2900 = DIRECTION('',(1.,0.));
#2901 = ( GEOMETRIC_REPRESENTATION_CONTEXT(2) 
PARAMETRIC_REPRESENTATION_CONTEXT() REPRESENTATION_CONTEXT('2D SPACE',''
  ) );
#2902 = ORIENTED_EDGE('',*,*,#2903,.T.);
#2903 = EDGE_CURVE('',#2874,#2904,#2906,.T.);
#2904 = VERTEX_POINT('',#2905);
#2905 = CARTESIAN_POINT('',(1.016E+03,127.,-31.75));
#2906 = SURFACE_CURVE('',#2907,(#2911,#2918),.PCURVE_S1.);
#2907 = LINE('',#2908,#2909);
#2908 = CARTESIAN_POINT('',(1.016E+03,-127.,-31.75));
#2909 = VECTOR('',#2910,1.);
#2910 = DIRECTION('',(0.,1.,0.));
#2911 = PCURVE('',#2884,#2912);
#2912 = DEFINITIONAL_REPRESENTATION('',(#2913),#2917);
#2913 = LINE('',#2914,#2915);
#2914 = CARTESIAN_POINT('',(0.,0.));
#2915 = VECTOR('',#2916,1.);
#2916 = DIRECTION('',(0.,-1.));
#2917 = ( GEOMETRIC_REPRESENTATION_CONTEXT(2) 
PARAMETRIC_REPRESENTATION_CONTEXT() REPRESENTATION_CONTEXT('2D SPACE',''
  ) );
#2918 = PCURVE('',#2804,#2919);
#2919 = DEFINITIONAL_REPRESENTATION('',(#2920),#2924);
#2920 = LINE('',#2921,#2922);
#2921 = CARTESIAN_POINT('',(2.032E+03,0.));
#2922 = VECTOR('',#2923,1.);
#2923 = DIRECTION('',(0.,1.));
#2924 = ( GEOMETRIC_REPRESENTATION_CONTEXT(2) 
PARAMETRIC_REPRESENTATION_CONTEXT() REPRESENTATION_CONTEXT('2D SPACE',''
  ) );
#2925 = ORIENTED_EDGE('',*,*,#2926,.T.);
#2926 = EDGE_CURVE('',#2904,#2927,#2929,.T.);
#2927 = VERTEX_POINT('',#2928);
#2928 = CARTESIAN_POINT('',(1.016E+03,127.,31.75));
#2929 = SURFACE_CURVE('',#2930,(#2934,#2941),.PCURVE_S1.);
#2930 = LINE('',#2931,#2932);
#2931 = CARTESIAN_POINT('',(1.016E+03,127.,-31.75));
#2932 = VECTOR('',#2933,1.);
#2933 = DIRECTION('',(0.,0.,1.));
#2934 = PCURVE('',#2884,#2935);
#2935 = DEFINITIONAL_REPRESENTATION('',(#2936),#2940);
#2936 = LINE('',#2937,#2938);
#2937 = CARTESIAN_POINT('',(0.,-254.));
#2938 = VECTOR('',#2939,1.);
#2939 = DIRECTION('',(1.,0.));
#2940 = ( GEOMETRIC_REPRESENTATION_CONTEXT(2) 
PARAMETRIC_REPRESENTATION_CONTEXT() REPRESENTATION_CONTEXT('2D SPACE',''
  ) );
#2941 = PCURVE('',#2832,#2942);
#2942 = DEFINITIONAL_REPRESENTATION('',(#2943),#2947);
#2943 = LINE('',#2944,#2945);
#2944 = CARTESIAN_POINT('',(0.,2.032E+03));
#2945 = VECTOR('',#2946,1.);
#2946 = DIRECTION('',(1.,0.));
#2947 = ( GEOMETRIC_REPRESENTATION_CONTEXT(2) 
PARAMETRIC_REPRESENTATION_CONTEXT() REPRESENTATION_CONTEXT('2D SPACE',''
  ) );
#2948 = ORIENTED_EDGE('',*,*,#2949,.F.);
#2949 = EDGE_CURVE('',#2876,#2927,#2950,.T.);
#2950 = SURFACE_CURVE('',#2951,(#2955,#2962),.PCURVE_S1.);
#2951 = LINE('',#2952,#2953);
#2952 = CARTESIAN_POINT('',(1.016E+03,-127.,31.75));
#2953 = VECTOR('',#2954,1.);
#2954 = DIRECTION('',(0.,1.,0.));
#2955 = PCURVE('',#2884,#2956);
#2956 = DEFINITIONAL_REPRESENTATION('',(#2957),#2961);
#2957 = LINE('',#2958,#2959);
#2958 = CARTESIAN_POINT('',(63.5,0.));
#2959 = VECTOR('',#2960,1.);
#2960 = DIRECTION('',(0.,-1.));
#2961 = ( GEOMETRIC_REPRESENTATION_CONTEXT(2) 
PARAMETRIC_REPRESENTATION_CONTEXT() REPRESENTATION_CONTEXT('2D SPACE',''
  ) );
#2962 = PCURVE('',#2858,#2963);
#2963 = DEFINITIONAL_REPRESENTATION('',(#2964),#2968);
#2964 = LINE('',#2965,#2966);
#2965 = CARTESIAN_POINT('',(2.032E+03,0.));
#2966 = VECTOR('',#2967,1.);
#2967 = DIRECTION('',(0.,1.));
#2968 = ( GEOMETRIC_REPRESENTATION_CONTEXT(2) 
PARAMETRIC_REPRESENTATION_CONTEXT() REPRESENTATION_CONTEXT('2D SPACE',''
  ) );
#2969 = ADVANCED_FACE('',(#2970),#2776,.F.);
#2970 = FACE_BOUND('',#2971,.F.);
#2971 = EDGE_LOOP('',(#2972,#2993,#2994,#3015));
#2972 = ORIENTED_EDGE('',*,*,#2973,.F.);
#2973 = EDGE_CURVE('',#2754,#2874,#2974,.T.);
#2974 = SURFACE_CURVE('',#2975,(#2979,#2986),.PCURVE_S1.);
#2975 = LINE('',#2976,#2977);
#2976 = CARTESIAN_POINT('',(-1.016E+03,-127.,-31.75));
#2977 = VECTOR('',#2978,1.);
#2978 = DIRECTION('',(1.,0.,0.));
#2979 = PCURVE('',#2776,#2980);
#2980 = DEFINITIONAL_REPRESENTATION('',(#2981),#2985);
#2981 = LINE('',#2982,#2983);
#2982 = CARTESIAN_POINT('',(0.,0.));
#2983 = VECTOR('',#2984,1.);
#2984 = DIRECTION('',(0.,1.));
#2985 = ( GEOMETRIC_REPRESENTATION_CONTEXT(2) 
PARAMETRIC_REPRESENTATION_CONTEXT() REPRESENTATION_CONTEXT('2D SPACE',''
  ) );
#2986 = PCURVE('',#2804,#2987);
#2987 = DEFINITIONAL_REPRESENTATION('',(#2988),#2992);
#2988 = LINE('',#2989,#2990);
#2989 = CARTESIAN_POINT('',(0.,0.));
#2990 = VECTOR('',#2991,1.);
#2991 = DIRECTION('',(1.,0.));
#2992 = ( GEOMETRIC_REPRESENTATION_CONTEXT(2) 
PARAMETRIC_REPRESENTATION_CONTEXT() REPRESENTATION_CONTEXT('2D SPACE',''
  ) );
#2993 = ORIENTED_EDGE('',*,*,#2753,.T.);
#2994 = ORIENTED_EDGE('',*,*,#2995,.T.);
#2995 = EDGE_CURVE('',#2756,#2876,#2996,.T.);
#2996 = SURFACE_CURVE('',#2997,(#3001,#3008),.PCURVE_S1.);
#2997 = LINE('',#2998,#2999);
#2998 = CARTESIAN_POINT('',(-1.016E+03,-127.,31.75));
#2999 = VECTOR('',#3000,1.);
#3000 = DIRECTION('',(1.,0.,0.));
#3001 = PCURVE('',#2776,#3002);
#3002 = DEFINITIONAL_REPRESENTATION('',(#3003),#3007);
#3003 = LINE('',#3004,#3005);
#3004 = CARTESIAN_POINT('',(63.5,0.));
#3005 = VECTOR('',#3006,1.);
#3006 = DIRECTION('',(0.,1.));
#3007 = ( GEOMETRIC_REPRESENTATION_CONTEXT(2) 
PARAMETRIC_REPRESENTATION_CONTEXT() REPRESENTATION_CONTEXT('2D SPACE',''
  ) );
#3008 = PCURVE('',#2858,#3009);
#3009 = DEFINITIONAL_REPRESENTATION('',(#3010),#3014);
#3010 = LINE('',#3011,#3012);
#3011 = CARTESIAN_POINT('',(0.,0.));
#3012 = VECTOR('',#3013,1.);
#3013 = DIRECTION('',(1.,0.));
#3014 = ( GEOMETRIC_REPRESENTATION_CONTEXT(2) 
PARAMETRIC_REPRESENTATION_CONTEXT() REPRESENTATION_CONTEXT('2D SPACE',''
  ) );
#3015 = ORIENTED_EDGE('',*,*,#2873,.F.);
#3016 = ADVANCED_FACE('',(#3017),#2832,.T.);
#3017 = FACE_BOUND('',#3018,.T.);
#3018 = EDGE_LOOP('',(#3019,#3040,#3041,#3062));
#3019 = ORIENTED_EDGE('',*,*,#3020,.F.);
#3020 = EDGE_CURVE('',#2789,#2904,#3021,.T.);
#3021 = SURFACE_CURVE('',#3022,(#3026,#3033),.PCURVE_S1.);
#3022 = LINE('',#3023,#3024);
#3023 = CARTESIAN_POINT('',(-1.016E+03,127.,-31.75));
#3024 = VECTOR('',#3025,1.);
#3025 = DIRECTION('',(1.,0.,0.));
#3026 = PCURVE('',#2832,#3027);
#3027 = DEFINITIONAL_REPRESENTATION('',(#3028),#3032);
#3028 = LINE('',#3029,#3030);
#3029 = CARTESIAN_POINT('',(0.,0.));
#3030 = VECTOR('',#3031,1.);
#3031 = DIRECTION('',(0.,1.));
#3032 = ( GEOMETRIC_REPRESENTATION_CONTEXT(2) 
PARAMETRIC_REPRESENTATION_CONTEXT() REPRESENTATION_CONTEXT('2D SPACE',''
  ) );
#3033 = PCURVE('',#2804,#3034);
#3034 = DEFINITIONAL_REPRESENTATION('',(#3035),#3039);
#3035 = LINE('',#3036,#3037);
#3036 = CARTESIAN_POINT('',(0.,254.));
#3037 = VECTOR('',#3038,1.);
#3038 = DIRECTION('',(1.,0.));
#3039 = ( GEOMETRIC_REPRESENTATION_CONTEXT(2) 
PARAMETRIC_REPRESENTATION_CONTEXT() REPRESENTATION_CONTEXT('2D SPACE',''
  ) );
#3040 = ORIENTED_EDGE('',*,*,#2816,.T.);
#3041 = ORIENTED_EDGE('',*,*,#3042,.T.);
#3042 = EDGE_CURVE('',#2817,#2927,#3043,.T.);
#3043 = SURFACE_CURVE('',#3044,(#3048,#3055),.PCURVE_S1.);
#3044 = LINE('',#3045,#3046);
#3045 = CARTESIAN_POINT('',(-1.016E+03,127.,31.75));
#3046 = VECTOR('',#3047,1.);
#3047 = DIRECTION('',(1.,0.,0.));
#3048 = PCURVE('',#2832,#3049);
#3049 = DEFINITIONAL_REPRESENTATION('',(#3050),#3054);
#3050 = LINE('',#3051,#3052);
#3051 = CARTESIAN_POINT('',(63.5,0.));
#3052 = VECTOR('',#3053,1.);
#3053 = DIRECTION('',(0.,1.));
#3054 = ( GEOMETRIC_REPRESENTATION_CONTEXT(2) 
PARAMETRIC_REPRESENTATION_CONTEXT() REPRESENTATION_CONTEXT('2D SPACE',''
  ) );
#3055 = PCURVE('',#2858,#3056);
#3056 = DEFINITIONAL_REPRESENTATION('',(#3057),#3061);
#3057 = LINE('',#3058,#3059);
#3058 = CARTESIAN_POINT('',(0.,254.));
#3059 = VECTOR('',#3060,1.);
#3060 = DIRECTION('',(1.,0.));
#3061 = ( GEOMETRIC_REPRESENTATION_CONTEXT(2) 
PARAMETRIC_REPRESENTATION_CONTEXT() REPRESENTATION_CONTEXT('2D SPACE',''
  ) );
#3062 = ORIENTED_EDGE('',*,*,#2926,.F.);
#3063 = ADVANCED_FACE('',(#3064),#2804,.F.);
#3064 = FACE_BOUND('',#3065,.F.);
#3065 = EDGE_LOOP('',(#3066,#3067,#3068,#3069));
#3066 = ORIENTED_EDGE('',*,*,#2788,.F.);
#3067 = ORIENTED_EDGE('',*,*,#2973,.T.);
#3068 = ORIENTED_EDGE('',*,*,#2903,.T.);
#3069 = ORIENTED_EDGE('',*,*,#3020,.F.);
#3070 = ADVANCED_FACE('',(#3071),#2858,.T.);
#3071 = FACE_BOUND('',#3072,.T.);
#3072 = EDGE_LOOP('',(#3073,#3074,#3075,#3076));
#3073 = ORIENTED_EDGE('',*,*,#2844,.F.);
#3074 = ORIENTED_EDGE('',*,*,#2995,.T.);
#3075 = ORIENTED_EDGE('',*,*,#2949,.T.);
#3076 = ORIENTED_EDGE('',*,*,#3042,.F.);
#3077 = ( GEOMETRIC_REPRESENTATION_CONTEXT(3) 
GLOBAL_UNCERTAINTY_ASSIGNED_CONTEXT((#3081)) 
GLOBAL_UNIT_ASSIGNED_CONTEXT((#3078,#3079,#3080)) REPRESENTATION_CONTEXT
('Context #1','3D Context with UNIT and UNCERTAINTY') );
#3078 = ( LENGTH_UNIT() NAMED_UNIT(*) SI_UNIT(.MILLI.,.METRE.) );
#3079 = ( NAMED_UNIT(*) PLANE_ANGLE_UNIT() SI_UNIT($,.RADIAN.) );
#3080 = ( NAMED_UNIT(*) SI_UNIT($,.STERADIAN.) SOLID_ANGLE_UNIT() );
#3081 = UNCERTAINTY_MEASURE_WITH_UNIT(LENGTH_MEASURE(1.E-07),#3078,
  'distance_accuracy_value','confusion accuracy');
#3082 = CONTEXT_DEPENDENT_SHAPE_REPRESENTATION(#3083,#3085);
#3083 = ( REPRESENTATION_RELATIONSHIP('','',#2746,#10) 
REPRESENTATION_RELATIONSHIP_WITH_TRANSFORMATION(#3084) 
SHAPE_REPRESENTATION_RELATIONSHIP() );
#3084 = ITEM_DEFINED_TRANSFORMATION('','',#11,#55);
#3085 = PRODUCT_DEFINITION_SHAPE('Placement','Placement of an item',
  #3086);
#3086 = NEXT_ASSEMBLY_USAGE_OCCURRENCE('11','fender:left','',#5,#2741,$
  );
#3087 = PRODUCT_RELATED_PRODUCT_CATEGORY('part',$,(#2743));
#3088 = SHAPE_DEFINITION_REPRESENTATION(#3089,#3095);
#3089 = PRODUCT_DEFINITION_SHAPE('','',#3090);
#3090 = PRODUCT_DEFINITION('design','',#3091,#3094);
#3091 = PRODUCT_DEFINITION_FORMATION('','',#3092);
#3092 = PRODUCT('fender:right','fender:right','',(#3093));
#3093 = PRODUCT_CONTEXT('',#2,'mechanical');
#3094 = PRODUCT_DEFINITION_CONTEXT('part definition',#2,'design');
#3095 = ADVANCED_BREP_SHAPE_REPRESENTATION('',(#11,#3096),#3426);
#3096 = MANIFOLD_SOLID_BREP('',#3097);
#3097 = CLOSED_SHELL('',(#3098,#3218,#3318,#3365,#3412,#3419));
#3098 = ADVANCED_FACE('',(#3099),#3113,.F.);
#3099 = FACE_BOUND('',#3100,.F.);
#3100 = EDGE_LOOP('',(#3101,#3136,#3164,#3192));
#3101 = ORIENTED_EDGE('',*,*,#3102,.F.);
#3102 = EDGE_CURVE('',#3103,#3105,#3107,.T.);
#3103 = VERTEX_POINT('',#3104);
#3104 = CARTESIAN_POINT('',(-1.016E+03,-127.,-31.75));
#3105 = VERTEX_POINT('',#3106);
#3106 = CARTESIAN_POINT('',(-1.016E+03,-127.,31.75));
#3107 = SURFACE_CURVE('',#3108,(#3112,#3124),.PCURVE_S1.);
#3108 = LINE('',#3109,#3110);
#3109 = CARTESIAN_POINT('',(-1.016E+03,-127.,-31.75));
#3110 = VECTOR('',#3111,1.);
#3111 = DIRECTION('',(0.,0.,1.));
#3112 = PCURVE('',#3113,#3118);
#3113 = PLANE('',#3114);
#3114 = AXIS2_PLACEMENT_3D('',#3115,#3116,#3117);
#3115 = CARTESIAN_POINT('',(-1.016E+03,-127.,-31.75));
#3116 = DIRECTION('',(1.,0.,0.));
#3117 = DIRECTION('',(0.,0.,1.));
#3118 = DEFINITIONAL_REPRESENTATION('',(#3119),#3123);
#3119 = LINE('',#3120,#3121);
#3120 = CARTESIAN_POINT('',(0.,0.));
#3121 = VECTOR('',#3122,1.);
#3122 = DIRECTION('',(1.,0.));
#3123 = ( GEOMETRIC_REPRESENTATION_CONTEXT(2) 
PARAMETRIC_REPRESENTATION_CONTEXT() REPRESENTATION_CONTEXT('2D SPACE',''
  ) );
#3124 = PCURVE('',#3125,#3130);
#3125 = PLANE('',#3126);
#3126 = AXIS2_PLACEMENT_3D('',#3127,#3128,#3129);
#3127 = CARTESIAN_POINT('',(-1.016E+03,-127.,-31.75));
#3128 = DIRECTION('',(0.,1.,0.));
#3129 = DIRECTION('',(0.,0.,1.));
#3130 = DEFINITIONAL_REPRESENTATION('',(#3131),#3135);
#3131 = LINE('',#3132,#3133);
#3132 = CARTESIAN_POINT('',(0.,0.));
#3133 = VECTOR('',#3134,1.);
#3134 = DIRECTION('',(1.,0.));
#3135 = ( GEOMETRIC_REPRESENTATION_CONTEXT(2) 
PARAMETRIC_REPRESENTATION_CONTEXT() REPRESENTATION_CONTEXT('2D SPACE',''
  ) );
#3136 = ORIENTED_EDGE('',*,*,#3137,.T.);
#3137 = EDGE_CURVE('',#3103,#3138,#3140,.T.);
#3138 = VERTEX_POINT('',#3139);
#3139 = CARTESIAN_POINT('',(-1.016E+03,127.,-31.75));
#3140 = SURFACE_CURVE('',#3141,(#3145,#3152),.PCURVE_S1.);
#3141 = LINE('',#3142,#3143);
#3142 = CARTESIAN_POINT('',(-1.016E+03,-127.,-31.75));
#3143 = VECTOR('',#3144,1.);
#3144 = DIRECTION('',(0.,1.,0.));
#3145 = PCURVE('',#3113,#3146);
#3146 = DEFINITIONAL_REPRESENTATION('',(#3147),#3151);
#3147 = LINE('',#3148,#3149);
#3148 = CARTESIAN_POINT('',(0.,0.));
#3149 = VECTOR('',#3150,1.);
#3150 = DIRECTION('',(0.,-1.));
#3151 = ( GEOMETRIC_REPRESENTATION_CONTEXT(2) 
PARAMETRIC_REPRESENTATION_CONTEXT() REPRESENTATION_CONTEXT('2D SPACE',''
  ) );
#3152 = PCURVE('',#3153,#3158);
#3153 = PLANE('',#3154);
#3154 = AXIS2_PLACEMENT_3D('',#3155,#3156,#3157);
#3155 = CARTESIAN_POINT('',(-1.016E+03,-127.,-31.75));
#3156 = DIRECTION('',(0.,0.,1.));
#3157 = DIRECTION('',(1.,0.,0.));
#3158 = DEFINITIONAL_REPRESENTATION('',(#3159),#3163);
#3159 = LINE('',#3160,#3161);
#3160 = CARTESIAN_POINT('',(0.,0.));
#3161 = VECTOR('',#3162,1.);
#3162 = DIRECTION('',(0.,1.));
#3163 = ( GEOMETRIC_REPRESENTATION_CONTEXT(2) 
PARAMETRIC_REPRESENTATION_CONTEXT() REPRESENTATION_CONTEXT('2D SPACE',''
  ) );
#3164 = ORIENTED_EDGE('',*,*,#3165,.T.);
#3165 = EDGE_CURVE('',#3138,#3166,#3168,.T.);
#3166 = VERTEX_POINT('',#3167);
#3167 = CARTESIAN_POINT('',(-1.016E+03,127.,31.75));
#3168 = SURFACE_CURVE('',#3169,(#3173,#3180),.PCURVE_S1.);
#3169 = LINE('',#3170,#3171);
#3170 = CARTESIAN_POINT('',(-1.016E+03,127.,-31.75));
#3171 = VECTOR('',#3172,1.);
#3172 = DIRECTION('',(0.,0.,1.));
#3173 = PCURVE('',#3113,#3174);
#3174 = DEFINITIONAL_REPRESENTATION('',(#3175),#3179);
#3175 = LINE('',#3176,#3177);
#3176 = CARTESIAN_POINT('',(0.,-254.));
#3177 = VECTOR('',#3178,1.);
#3178 = DIRECTION('',(1.,0.));
#3179 = ( GEOMETRIC_REPRESENTATION_CONTEXT(2) 
PARAMETRIC_REPRESENTATION_CONTEXT() REPRESENTATION_CONTEXT('2D SPACE',''
  ) );
#3180 = PCURVE('',#3181,#3186);
#3181 = PLANE('',#3182);
#3182 = AXIS2_PLACEMENT_3D('',#3183,#3184,#3185);
#3183 = CARTESIAN_POINT('',(-1.016E+03,127.,-31.75));
#3184 = DIRECTION('',(0.,1.,0.));
#3185 = DIRECTION('',(0.,0.,1.));
#3186 = DEFINITIONAL_REPRESENTATION('',(#3187),#3191);
#3187 = LINE('',#3188,#3189);
#3188 = CARTESIAN_POINT('',(0.,0.));
#3189 = VECTOR('',#3190,1.);
#3190 = DIRECTION('',(1.,0.));
#3191 = ( GEOMETRIC_REPRESENTATION_CONTEXT(2) 
PARAMETRIC_REPRESENTATION_CONTEXT() REPRESENTATION_CONTEXT('2D SPACE',''
  ) );
#3192 = ORIENTED_EDGE('',*,*,#3193,.F.);
#3193 = EDGE_CURVE('',#3105,#3166,#3194,.T.);
#3194 = SURFACE_CURVE('',#3195,(#3199,#3206),.PCURVE_S1.);
#3195 = LINE('',#3196,#3197);
#3196 = CARTESIAN_POINT('',(-1.016E+03,-127.,31.75));
#3197 = VECTOR('',#3198,1.);
#3198 = DIRECTION('',(0.,1.,0.));
#3199 = PCURVE('',#3113,#3200);
#3200 = DEFINITIONAL_REPRESENTATION('',(#3201),#3205);
#3201 = LINE('',#3202,#3203);
#3202 = CARTESIAN_POINT('',(63.5,0.));
#3203 = VECTOR('',#3204,1.);
#3204 = DIRECTION('',(0.,-1.));
#3205 = ( GEOMETRIC_REPRESENTATION_CONTEXT(2) 
PARAMETRIC_REPRESENTATION_CONTEXT() REPRESENTATION_CONTEXT('2D SPACE',''
  ) );
#3206 = PCURVE('',#3207,#3212);
#3207 = PLANE('',#3208);
#3208 = AXIS2_PLACEMENT_3D('',#3209,#3210,#3211);
#3209 = CARTESIAN_POINT('',(-1.016E+03,-127.,31.75));
#3210 = DIRECTION('',(0.,0.,1.));
#3211 = DIRECTION('',(1.,0.,0.));
#3212 = DEFINITIONAL_REPRESENTATION('',(#3213),#3217);
#3213 = LINE('',#3214,#3215);
#3214 = CARTESIAN_POINT('',(0.,0.));
#3215 = VECTOR('',#3216,1.);
#3216 = DIRECTION('',(0.,1.));
#3217 = ( GEOMETRIC_REPRESENTATION_CONTEXT(2) 
PARAMETRIC_REPRESENTATION_CONTEXT() REPRESENTATION_CONTEXT('2D SPACE',''
  ) );
#3218 = ADVANCED_FACE('',(#3219),#3233,.T.);
#3219 = FACE_BOUND('',#3220,.T.);
#3220 = EDGE_LOOP('',(#3221,#3251,#3274,#3297));
#3221 = ORIENTED_EDGE('',*,*,#3222,.F.);
#3222 = EDGE_CURVE('',#3223,#3225,#3227,.T.);
#3223 = VERTEX_POINT('',#3224);
#3224 = CARTESIAN_POINT('',(1.016E+03,-127.,-31.75));
#3225 = VERTEX_POINT('',#3226);
#3226 = CARTESIAN_POINT('',(1.016E+03,-127.,31.75));
#3227 = SURFACE_CURVE('',#3228,(#3232,#3244),.PCURVE_S1.);
#3228 = LINE('',#3229,#3230);
#3229 = CARTESIAN_POINT('',(1.016E+03,-127.,-31.75));
#3230 = VECTOR('',#3231,1.);
#3231 = DIRECTION('',(0.,0.,1.));
#3232 = PCURVE('',#3233,#3238);
#3233 = PLANE('',#3234);
#3234 = AXIS2_PLACEMENT_3D('',#3235,#3236,#3237);
#3235 = CARTESIAN_POINT('',(1.016E+03,-127.,-31.75));
#3236 = DIRECTION('',(1.,0.,0.));
#3237 = DIRECTION('',(0.,0.,1.));
#3238 = DEFINITIONAL_REPRESENTATION('',(#3239),#3243);
#3239 = LINE('',#3240,#3241);
#3240 = CARTESIAN_POINT('',(0.,0.));
#3241 = VECTOR('',#3242,1.);
#3242 = DIRECTION('',(1.,0.));
#3243 = ( GEOMETRIC_REPRESENTATION_CONTEXT(2) 
PARAMETRIC_REPRESENTATION_CONTEXT() REPRESENTATION_CONTEXT('2D SPACE',''
  ) );
#3244 = PCURVE('',#3125,#3245);
#3245 = DEFINITIONAL_REPRESENTATION('',(#3246),#3250);
#3246 = LINE('',#3247,#3248);
#3247 = CARTESIAN_POINT('',(0.,2.032E+03));
#3248 = VECTOR('',#3249,1.);
#3249 = DIRECTION('',(1.,0.));
#3250 = ( GEOMETRIC_REPRESENTATION_CONTEXT(2) 
PARAMETRIC_REPRESENTATION_CONTEXT() REPRESENTATION_CONTEXT('2D SPACE',''
  ) );
#3251 = ORIENTED_EDGE('',*,*,#3252,.T.);
#3252 = EDGE_CURVE('',#3223,#3253,#3255,.T.);
#3253 = VERTEX_POINT('',#3254);
#3254 = CARTESIAN_POINT('',(1.016E+03,127.,-31.75));
#3255 = SURFACE_CURVE('',#3256,(#3260,#3267),.PCURVE_S1.);
#3256 = LINE('',#3257,#3258);
#3257 = CARTESIAN_POINT('',(1.016E+03,-127.,-31.75));
#3258 = VECTOR('',#3259,1.);
#3259 = DIRECTION('',(0.,1.,0.));
#3260 = PCURVE('',#3233,#3261);
#3261 = DEFINITIONAL_REPRESENTATION('',(#3262),#3266);
#3262 = LINE('',#3263,#3264);
#3263 = CARTESIAN_POINT('',(0.,0.));
#3264 = VECTOR('',#3265,1.);
#3265 = DIRECTION('',(0.,-1.));
#3266 = ( GEOMETRIC_REPRESENTATION_CONTEXT(2) 
PARAMETRIC_REPRESENTATION_CONTEXT() REPRESENTATION_CONTEXT('2D SPACE',''
  ) );
#3267 = PCURVE('',#3153,#3268);
#3268 = DEFINITIONAL_REPRESENTATION('',(#3269),#3273);
#3269 = LINE('',#3270,#3271);
#3270 = CARTESIAN_POINT('',(2.032E+03,0.));
#3271 = VECTOR('',#3272,1.);
#3272 = DIRECTION('',(0.,1.));
#3273 = ( GEOMETRIC_REPRESENTATION_CONTEXT(2) 
PARAMETRIC_REPRESENTATION_CONTEXT() REPRESENTATION_CONTEXT('2D SPACE',''
  ) );
#3274 = ORIENTED_EDGE('',*,*,#3275,.T.);
#3275 = EDGE_CURVE('',#3253,#3276,#3278,.T.);
#3276 = VERTEX_POINT('',#3277);
#3277 = CARTESIAN_POINT('',(1.016E+03,127.,31.75));
#3278 = SURFACE_CURVE('',#3279,(#3283,#3290),.PCURVE_S1.);
#3279 = LINE('',#3280,#3281);
#3280 = CARTESIAN_POINT('',(1.016E+03,127.,-31.75));
#3281 = VECTOR('',#3282,1.);
#3282 = DIRECTION('',(0.,0.,1.));
#3283 = PCURVE('',#3233,#3284);
#3284 = DEFINITIONAL_REPRESENTATION('',(#3285),#3289);
#3285 = LINE('',#3286,#3287);
#3286 = CARTESIAN_POINT('',(0.,-254.));
#3287 = VECTOR('',#3288,1.);
#3288 = DIRECTION('',(1.,0.));
#3289 = ( GEOMETRIC_REPRESENTATION_CONTEXT(2) 
PARAMETRIC_REPRESENTATION_CONTEXT() REPRESENTATION_CONTEXT('2D SPACE',''
  ) );
#3290 = PCURVE('',#3181,#3291);
#3291 = DEFINITIONAL_REPRESENTATION('',(#3292),#3296);
#3292 = LINE('',#3293,#3294);
#3293 = CARTESIAN_POINT('',(0.,2.032E+03));
#3294 = VECTOR('',#3295,1.);
#3295 = DIRECTION('',(1.,0.));
#3296 = ( GEOMETRIC_REPRESENTATION_CONTEXT(2) 
PARAMETRIC_REPRESENTATION_CONTEXT() REPRESENTATION_CONTEXT('2D SPACE',''
  ) );
#3297 = ORIENTED_EDGE('',*,*,#3298,.F.);
#3298 = EDGE_CURVE('',#3225,#3276,#3299,.T.);
#3299 = SURFACE_CURVE('',#3300,(#3304,#3311),.PCURVE_S1.);
#3300 = LINE('',#3301,#3302);
#3301 = CARTESIAN_POINT('',(1.016E+03,-127.,31.75));
#3302 = VECTOR('',#3303,1.);
#3303 = DIRECTION('',(0.,1.,0.));
#3304 = PCURVE('',#3233,#3305);
#3305 = DEFINITIONAL_REPRESENTATION('',(#3306),#3310);
#3306 = LINE('',#3307,#3308);
#3307 = CARTESIAN_POINT('',(63.5,0.));
#3308 = VECTOR('',#3309,1.);
#3309 = DIRECTION('',(0.,-1.));
#3310 = ( GEOMETRIC_REPRESENTATION_CONTEXT(2) 
PARAMETRIC_REPRESENTATION_CONTEXT() REPRESENTATION_CONTEXT('2D SPACE',''
  ) );
#3311 = PCURVE('',#3207,#3312);
#3312 = DEFINITIONAL_REPRESENTATION('',(#3313),#3317);
#3313 = LINE('',#3314,#3315);
#3314 = CARTESIAN_POINT('',(2.032E+03,0.));
#3315 = VECTOR('',#3316,1.);
#3316 = DIRECTION('',(0.,1.));
#3317 = ( GEOMETRIC_REPRESENTATION_CONTEXT(2) 
PARAMETRIC_REPRESENTATION_CONTEXT() REPRESENTATION_CONTEXT('2D SPACE',''
  ) );
#3318 = ADVANCED_FACE('',(#3319),#3125,.F.);
#3319 = FACE_BOUND('',#3320,.F.);
#3320 = EDGE_LOOP('',(#3321,#3342,#3343,#3364));
#3321 = ORIENTED_EDGE('',*,*,#3322,.F.);
#3322 = EDGE_CURVE('',#3103,#3223,#3323,.T.);
#3323 = SURFACE_CURVE('',#3324,(#3328,#3335),.PCURVE_S1.);
#3324 = LINE('',#3325,#3326);
#3325 = CARTESIAN_POINT('',(-1.016E+03,-127.,-31.75));
#3326 = VECTOR('',#3327,1.);
#3327 = DIRECTION('',(1.,0.,0.));
#3328 = PCURVE('',#3125,#3329);
#3329 = DEFINITIONAL_REPRESENTATION('',(#3330),#3334);
#3330 = LINE('',#3331,#3332);
#3331 = CARTESIAN_POINT('',(0.,0.));
#3332 = VECTOR('',#3333,1.);
#3333 = DIRECTION('',(0.,1.));
#3334 = ( GEOMETRIC_REPRESENTATION_CONTEXT(2) 
PARAMETRIC_REPRESENTATION_CONTEXT() REPRESENTATION_CONTEXT('2D SPACE',''
  ) );
#3335 = PCURVE('',#3153,#3336);
#3336 = DEFINITIONAL_REPRESENTATION('',(#3337),#3341);
#3337 = LINE('',#3338,#3339);
#3338 = CARTESIAN_POINT('',(0.,0.));
#3339 = VECTOR('',#3340,1.);
#3340 = DIRECTION('',(1.,0.));
#3341 = ( GEOMETRIC_REPRESENTATION_CONTEXT(2) 
PARAMETRIC_REPRESENTATION_CONTEXT() REPRESENTATION_CONTEXT('2D SPACE',''
  ) );
#3342 = ORIENTED_EDGE('',*,*,#3102,.T.);
#3343 = ORIENTED_EDGE('',*,*,#3344,.T.);
#3344 = EDGE_CURVE('',#3105,#3225,#3345,.T.);
#3345 = SURFACE_CURVE('',#3346,(#3350,#3357),.PCURVE_S1.);
#3346 = LINE('',#3347,#3348);
#3347 = CARTESIAN_POINT('',(-1.016E+03,-127.,31.75));
#3348 = VECTOR('',#3349,1.);
#3349 = DIRECTION('',(1.,0.,0.));
#3350 = PCURVE('',#3125,#3351);
#3351 = DEFINITIONAL_REPRESENTATION('',(#3352),#3356);
#3352 = LINE('',#3353,#3354);
#3353 = CARTESIAN_POINT('',(63.5,0.));
#3354 = VECTOR('',#3355,1.);
#3355 = DIRECTION('',(0.,1.));
#3356 = ( GEOMETRIC_REPRESENTATION_CONTEXT(2) 
PARAMETRIC_REPRESENTATION_CONTEXT() REPRESENTATION_CONTEXT('2D SPACE',''
  ) );
#3357 = PCURVE('',#3207,#3358);
#3358 = DEFINITIONAL_REPRESENTATION('',(#3359),#3363);
#3359 = LINE('',#3360,#3361);
#3360 = CARTESIAN_POINT('',(0.,0.));
#3361 = VECTOR('',#3362,1.);
#3362 = DIRECTION('',(1.,0.));
#3363 = ( GEOMETRIC_REPRESENTATION_CONTEXT(2) 
PARAMETRIC_REPRESENTATION_CONTEXT() REPRESENTATION_CONTEXT('2D SPACE',''
  ) );
#3364 = ORIENTED_EDGE('',*,*,#3222,.F.);
#3365 = ADVANCED_FACE('',(#3366),#3181,.T.);
#3366 = FACE_BOUND('',#3367,.T.);
#3367 = EDGE_LOOP('',(#3368,#3389,#3390,#3411));
#3368 = ORIENTED_EDGE('',*,*,#3369,.F.);
#3369 = EDGE_CURVE('',#3138,#3253,#3370,.T.);
#3370 = SURFACE_CURVE('',#3371,(#3375,#3382),.PCURVE_S1.);
#3371 = LINE('',#3372,#3373);
#3372 = CARTESIAN_POINT('',(-1.016E+03,127.,-31.75));
#3373 = VECTOR('',#3374,1.);
#3374 = DIRECTION('',(1.,0.,0.));
#3375 = PCURVE('',#3181,#3376);
#3376 = DEFINITIONAL_REPRESENTATION('',(#3377),#3381);
#3377 = LINE('',#3378,#3379);
#3378 = CARTESIAN_POINT('',(0.,0.));
#3379 = VECTOR('',#3380,1.);
#3380 = DIRECTION('',(0.,1.));
#3381 = ( GEOMETRIC_REPRESENTATION_CONTEXT(2) 
PARAMETRIC_REPRESENTATION_CONTEXT() REPRESENTATION_CONTEXT('2D SPACE',''
  ) );
#3382 = PCURVE('',#3153,#3383);
#3383 = DEFINITIONAL_REPRESENTATION('',(#3384),#3388);
#3384 = LINE('',#3385,#3386);
#3385 = CARTESIAN_POINT('',(0.,254.));
#3386 = VECTOR('',#3387,1.);
#3387 = DIRECTION('',(1.,0.));
#3388 = ( GEOMETRIC_REPRESENTATION_CONTEXT(2) 
PARAMETRIC_REPRESENTATION_CONTEXT() REPRESENTATION_CONTEXT('2D SPACE',''
  ) );
#3389 = ORIENTED_EDGE('',*,*,#3165,.T.);
#3390 = ORIENTED_EDGE('',*,*,#3391,.T.);
#3391 = EDGE_CURVE('',#3166,#3276,#3392,.T.);
#3392 = SURFACE_CURVE('',#3393,(#3397,#3404),.PCURVE_S1.);
#3393 = LINE('',#3394,#3395);
#3394 = CARTESIAN_POINT('',(-1.016E+03,127.,31.75));
#3395 = VECTOR('',#3396,1.);
#3396 = DIRECTION('',(1.,0.,0.));
#3397 = PCURVE('',#3181,#3398);
#3398 = DEFINITIONAL_REPRESENTATION('',(#3399),#3403);
#3399 = LINE('',#3400,#3401);
#3400 = CARTESIAN_POINT('',(63.5,0.));
#3401 = VECTOR('',#3402,1.);
#3402 = DIRECTION('',(0.,1.));
#3403 = ( GEOMETRIC_REPRESENTATION_CONTEXT(2) 
PARAMETRIC_REPRESENTATION_CONTEXT() REPRESENTATION_CONTEXT('2D SPACE',''
  ) );
#3404 = PCURVE('',#3207,#3405);
#3405 = DEFINITIONAL_REPRESENTATION('',(#3406),#3410);
#3406 = LINE('',#3407,#3408);
#3407 = CARTESIAN_POINT('',(0.,254.));
#3408 = VECTOR('',#3409,1.);
#3409 = DIRECTION('',(1.,0.));
#3410 = ( GEOMETRIC_REPRESENTATION_CONTEXT(2) 
PARAMETRIC_REPRESENTATION_CONTEXT() REPRESENTATION_CONTEXT('2D SPACE',''
  ) );
#3411 = ORIENTED_EDGE('',*,*,#3275,.F.);
#3412 = ADVANCED_FACE('',(#3413),#3153,.F.);
#3413 = FACE_BOUND('',#3414,.F.);
#3414 = EDGE_LOOP('',(#3415,#3416,#3417,#3418));
#3415 = ORIENTED_EDGE('',*,*,#3137,.F.);
#3416 = ORIENTED_EDGE('',*,*,#3322,.T.);
#3417 = ORIENTED_EDGE('',*,*,#3252,.T.);
#3418 = ORIENTED_EDGE('',*,*,#3369,.F.);
#3419 = ADVANCED_FACE('',(#3420),#3207,.T.);
#3420 = FACE_BOUND('',#3421,.T.);
#3421 = EDGE_LOOP('',(#3422,#3423,#3424,#3425));
#3422 = ORIENTED_EDGE('',*,*,#3193,.F.);
#3423 = ORIENTED_EDGE('',*,*,#3344,.T.);
#3424 = ORIENTED_EDGE('',*,*,#3298,.T.);
#3425 = ORIENTED_EDGE('',*,*,#3391,.F.);
#3426 = ( GEOMETRIC_REPRESENTATION_CONTEXT(3) 
GLOBAL_UNCERTAINTY_ASSIGNED_CONTEXT((#3430)) 
GLOBAL_UNIT_ASSIGNED_CONTEXT((#3427,#3428,#3429)) REPRESENTATION_CONTEXT
('Context #1','3D Context with UNIT and UNCERTAINTY') );
#3427 = ( LENGTH_UNIT() NAMED_UNIT(*) SI_UNIT(.MILLI.,.METRE.) );
#3428 = ( NAMED_UNIT(*) PLANE_ANGLE_UNIT() SI_UNIT($,.RADIAN.) );
#3429 = ( NAMED_UNIT(*) SI_UNIT($,.STERADIAN.) SOLID_ANGLE_UNIT() );
#3430 = UNCERTAINTY_MEASURE_WITH_UNIT(LENGTH_MEASURE(1.E-07),#3427,
  'distance_accuracy_value','confusion accuracy');
#3431 = CONTEXT_DEPENDENT_SHAPE_REPRESENTATION(#3432,#3434);
#3432 = ( REPRESENTATION_RELATIONSHIP('','',#3095,#10) 
REPRESENTATION_RELATIONSHIP_WITH_TRANSFORMATION(#3433) 
SHAPE_REPRESENTATION_RELATIONSHIP() );
#3433 = ITEM_DEFINED_TRANSFORMATION('','',#11,#59);
#3434 = PRODUCT_DEFINITION_SHAPE('Placement','Placement of an item',
  #3435);
#3435 = NEXT_ASSEMBLY_USAGE_OCCURRENCE('12','fender:right','',#5,#3090,$
  );
#3436 = PRODUCT_RELATED_PRODUCT_CATEGORY('part',$,(#3092));
#3437 = SHAPE_DEFINITION_REPRESENTATION(#3438,#3444);
#3438 = PRODUCT_DEFINITION_SHAPE('','',#3439);
#3439 = PRODUCT_DEFINITION('design','',#3440,#3443);
#3440 = PRODUCT_DEFINITION_FORMATION('','',#3441);
#3441 = PRODUCT('stabilizer:front_left','stabilizer:front_left','',(
    #3442));
#3442 = PRODUCT_CONTEXT('',#2,'mechanical');
#3443 = PRODUCT_DEFINITION_CONTEXT('part definition',#2,'design');
#3444 = ADVANCED_BREP_SHAPE_REPRESENTATION('',(#11,#3445),#4089);
#3445 = MANIFOLD_SOLID_BREP('',#3446);
#3446 = CLOSED_SHELL('',(#3447,#3567,#3643,#3798,#3847,#3874,#3881,#3957
    ,#4006,#4055,#4082));
#3447 = ADVANCED_FACE('',(#3448),#3462,.F.);
#3448 = FACE_BOUND('',#3449,.F.);
#3449 = EDGE_LOOP('',(#3450,#3485,#3513,#3541));
#3450 = ORIENTED_EDGE('',*,*,#3451,.F.);
#3451 = EDGE_CURVE('',#3452,#3454,#3456,.T.);
#3452 = VERTEX_POINT('',#3453);
#3453 = CARTESIAN_POINT('',(-101.6,-101.6,0.));
#3454 = VERTEX_POINT('',#3455);
#3455 = CARTESIAN_POINT('',(-101.6,-101.6,12.7));
#3456 = SURFACE_CURVE('',#3457,(#3461,#3473),.PCURVE_S1.);
#3457 = LINE('',#3458,#3459);
#3458 = CARTESIAN_POINT('',(-101.6,-101.6,0.));
#3459 = VECTOR('',#3460,1.);
#3460 = DIRECTION('',(0.,0.,1.));
#3461 = PCURVE('',#3462,#3467);
#3462 = PLANE('',#3463);
#3463 = AXIS2_PLACEMENT_3D('',#3464,#3465,#3466);
#3464 = CARTESIAN_POINT('',(-101.6,-101.6,0.));
#3465 = DIRECTION('',(1.,0.,0.));
#3466 = DIRECTION('',(0.,0.,1.));
#3467 = DEFINITIONAL_REPRESENTATION('',(#3468),#3472);
#3468 = LINE('',#3469,#3470);
#3469 = CARTESIAN_POINT('',(0.,0.));
#3470 = VECTOR('',#3471,1.);
#3471 = DIRECTION('',(1.,0.));
#3472 = ( GEOMETRIC_REPRESENTATION_CONTEXT(2) 
PARAMETRIC_REPRESENTATION_CONTEXT() REPRESENTATION_CONTEXT('2D SPACE',''
  ) );
#3473 = PCURVE('',#3474,#3479);
#3474 = PLANE('',#3475);
#3475 = AXIS2_PLACEMENT_3D('',#3476,#3477,#3478);
#3476 = CARTESIAN_POINT('',(-101.6,-101.6,0.));
#3477 = DIRECTION('',(0.,1.,0.));
#3478 = DIRECTION('',(0.,0.,1.));
#3479 = DEFINITIONAL_REPRESENTATION('',(#3480),#3484);
#3480 = LINE('',#3481,#3482);
#3481 = CARTESIAN_POINT('',(0.,0.));
#3482 = VECTOR('',#3483,1.);
#3483 = DIRECTION('',(1.,0.));
#3484 = ( GEOMETRIC_REPRESENTATION_CONTEXT(2) 
PARAMETRIC_REPRESENTATION_CONTEXT() REPRESENTATION_CONTEXT('2D SPACE',''
  ) );
#3485 = ORIENTED_EDGE('',*,*,#3486,.T.);
#3486 = EDGE_CURVE('',#3452,#3487,#3489,.T.);
#3487 = VERTEX_POINT('',#3488);
#3488 = CARTESIAN_POINT('',(-101.6,101.6,0.));
#3489 = SURFACE_CURVE('',#3490,(#3494,#3501),.PCURVE_S1.);
#3490 = LINE('',#3491,#3492);
#3491 = CARTESIAN_POINT('',(-101.6,-101.6,0.));
#3492 = VECTOR('',#3493,1.);
#3493 = DIRECTION('',(0.,1.,0.));
#3494 = PCURVE('',#3462,#3495);
#3495 = DEFINITIONAL_REPRESENTATION('',(#3496),#3500);
#3496 = LINE('',#3497,#3498);
#3497 = CARTESIAN_POINT('',(0.,0.));
#3498 = VECTOR('',#3499,1.);
#3499 = DIRECTION('',(0.,-1.));
#3500 = ( GEOMETRIC_REPRESENTATION_CONTEXT(2) 
PARAMETRIC_REPRESENTATION_CONTEXT() REPRESENTATION_CONTEXT('2D SPACE',''
  ) );
#3501 = PCURVE('',#3502,#3507);
#3502 = PLANE('',#3503);
#3503 = AXIS2_PLACEMENT_3D('',#3504,#3505,#3506);
#3504 = CARTESIAN_POINT('',(-101.6,-101.6,0.));
#3505 = DIRECTION('',(0.,0.,1.));
#3506 = DIRECTION('',(1.,0.,0.));
#3507 = DEFINITIONAL_REPRESENTATION('',(#3508),#3512);
#3508 = LINE('',#3509,#3510);
#3509 = CARTESIAN_POINT('',(0.,0.));
#3510 = VECTOR('',#3511,1.);
#3511 = DIRECTION('',(0.,1.));
#3512 = ( GEOMETRIC_REPRESENTATION_CONTEXT(2) 
PARAMETRIC_REPRESENTATION_CONTEXT() REPRESENTATION_CONTEXT('2D SPACE',''
  ) );
#3513 = ORIENTED_EDGE('',*,*,#3514,.T.);
#3514 = EDGE_CURVE('',#3487,#3515,#3517,.T.);
#3515 = VERTEX_POINT('',#3516);
#3516 = CARTESIAN_POINT('',(-101.6,101.6,12.7));
#3517 = SURFACE_CURVE('',#3518,(#3522,#3529),.PCURVE_S1.);
#3518 = LINE('',#3519,#3520);
#3519 = CARTESIAN_POINT('',(-101.6,101.6,0.));
#3520 = VECTOR('',#3521,1.);
#3521 = DIRECTION('',(0.,0.,1.));
#3522 = PCURVE('',#3462,#3523);
#3523 = DEFINITIONAL_REPRESENTATION('',(#3524),#3528);
#3524 = LINE('',#3525,#3526);
#3525 = CARTESIAN_POINT('',(0.,-203.2));
#3526 = VECTOR('',#3527,1.);
#3527 = DIRECTION('',(1.,0.));
#3528 = ( GEOMETRIC_REPRESENTATION_CONTEXT(2) 
PARAMETRIC_REPRESENTATION_CONTEXT() REPRESENTATION_CONTEXT('2D SPACE',''
  ) );
#3529 = PCURVE('',#3530,#3535);
#3530 = PLANE('',#3531);
#3531 = AXIS2_PLACEMENT_3D('',#3532,#3533,#3534);
#3532 = CARTESIAN_POINT('',(-101.6,101.6,0.));
#3533 = DIRECTION('',(0.,1.,0.));
#3534 = DIRECTION('',(0.,0.,1.));
#3535 = DEFINITIONAL_REPRESENTATION('',(#3536),#3540);
#3536 = LINE('',#3537,#3538);
#3537 = CARTESIAN_POINT('',(0.,0.));
#3538 = VECTOR('',#3539,1.);
#3539 = DIRECTION('',(1.,0.));
#3540 = ( GEOMETRIC_REPRESENTATION_CONTEXT(2) 
PARAMETRIC_REPRESENTATION_CONTEXT() REPRESENTATION_CONTEXT('2D SPACE',''
  ) );
#3541 = ORIENTED_EDGE('',*,*,#3542,.F.);
#3542 = EDGE_CURVE('',#3454,#3515,#3543,.T.);
#3543 = SURFACE_CURVE('',#3544,(#3548,#3555),.PCURVE_S1.);
#3544 = LINE('',#3545,#3546);
#3545 = CARTESIAN_POINT('',(-101.6,-101.6,12.7));
#3546 = VECTOR('',#3547,1.);
#3547 = DIRECTION('',(0.,1.,0.));
#3548 = PCURVE('',#3462,#3549);
#3549 = DEFINITIONAL_REPRESENTATION('',(#3550),#3554);
#3550 = LINE('',#3551,#3552);
#3551 = CARTESIAN_POINT('',(12.7,0.));
#3552 = VECTOR('',#3553,1.);
#3553 = DIRECTION('',(0.,-1.));
#3554 = ( GEOMETRIC_REPRESENTATION_CONTEXT(2) 
PARAMETRIC_REPRESENTATION_CONTEXT() REPRESENTATION_CONTEXT('2D SPACE',''
  ) );
#3555 = PCURVE('',#3556,#3561);
#3556 = PLANE('',#3557);
#3557 = AXIS2_PLACEMENT_3D('',#3558,#3559,#3560);
#3558 = CARTESIAN_POINT('',(-101.6,-101.6,12.7));
#3559 = DIRECTION('',(0.,0.,1.));
#3560 = DIRECTION('',(1.,0.,0.));
#3561 = DEFINITIONAL_REPRESENTATION('',(#3562),#3566);
#3562 = LINE('',#3563,#3564);
#3563 = CARTESIAN_POINT('',(0.,0.));
#3564 = VECTOR('',#3565,1.);
#3565 = DIRECTION('',(0.,1.));
#3566 = ( GEOMETRIC_REPRESENTATION_CONTEXT(2) 
PARAMETRIC_REPRESENTATION_CONTEXT() REPRESENTATION_CONTEXT('2D SPACE',''
  ) );
#3567 = ADVANCED_FACE('',(#3568),#3474,.F.);
#3568 = FACE_BOUND('',#3569,.F.);
#3569 = EDGE_LOOP('',(#3570,#3593,#3594,#3617));
#3570 = ORIENTED_EDGE('',*,*,#3571,.F.);
#3571 = EDGE_CURVE('',#3452,#3572,#3574,.T.);
#3572 = VERTEX_POINT('',#3573);
#3573 = CARTESIAN_POINT('',(101.6,-101.6,0.));
#3574 = SURFACE_CURVE('',#3575,(#3579,#3586),.PCURVE_S1.);
#3575 = LINE('',#3576,#3577);
#3576 = CARTESIAN_POINT('',(-101.6,-101.6,0.));
#3577 = VECTOR('',#3578,1.);
#3578 = DIRECTION('',(1.,0.,0.));
#3579 = PCURVE('',#3474,#3580);
#3580 = DEFINITIONAL_REPRESENTATION('',(#3581),#3585);
#3581 = LINE('',#3582,#3583);
#3582 = CARTESIAN_POINT('',(0.,0.));
#3583 = VECTOR('',#3584,1.);
#3584 = DIRECTION('',(0.,1.));
#3585 = ( GEOMETRIC_REPRESENTATION_CONTEXT(2) 
PARAMETRIC_REPRESENTATION_CONTEXT() REPRESENTATION_CONTEXT('2D SPACE',''
  ) );
#3586 = PCURVE('',#3502,#3587);
#3587 = DEFINITIONAL_REPRESENTATION('',(#3588),#3592);
#3588 = LINE('',#3589,#3590);
#3589 = CARTESIAN_POINT('',(0.,0.));
#3590 = VECTOR('',#3591,1.);
#3591 = DIRECTION('',(1.,0.));
#3592 = ( GEOMETRIC_REPRESENTATION_CONTEXT(2) 
PARAMETRIC_REPRESENTATION_CONTEXT() REPRESENTATION_CONTEXT('2D SPACE',''
  ) );
#3593 = ORIENTED_EDGE('',*,*,#3451,.T.);
#3594 = ORIENTED_EDGE('',*,*,#3595,.T.);
#3595 = EDGE_CURVE('',#3454,#3596,#3598,.T.);
#3596 = VERTEX_POINT('',#3597);
#3597 = CARTESIAN_POINT('',(101.6,-101.6,12.7));
#3598 = SURFACE_CURVE('',#3599,(#3603,#3610),.PCURVE_S1.);
#3599 = LINE('',#3600,#3601);
#3600 = CARTESIAN_POINT('',(-101.6,-101.6,12.7));
#3601 = VECTOR('',#3602,1.);
#3602 = DIRECTION('',(1.,0.,0.));
#3603 = PCURVE('',#3474,#3604);
#3604 = DEFINITIONAL_REPRESENTATION('',(#3605),#3609);
#3605 = LINE('',#3606,#3607);
#3606 = CARTESIAN_POINT('',(12.7,0.));
#3607 = VECTOR('',#3608,1.);
#3608 = DIRECTION('',(0.,1.));
#3609 = ( GEOMETRIC_REPRESENTATION_CONTEXT(2) 
PARAMETRIC_REPRESENTATION_CONTEXT() REPRESENTATION_CONTEXT('2D SPACE',''
  ) );
#3610 = PCURVE('',#3556,#3611);
#3611 = DEFINITIONAL_REPRESENTATION('',(#3612),#3616);
#3612 = LINE('',#3613,#3614);
#3613 = CARTESIAN_POINT('',(0.,0.));
#3614 = VECTOR('',#3615,1.);
#3615 = DIRECTION('',(1.,0.));
#3616 = ( GEOMETRIC_REPRESENTATION_CONTEXT(2) 
PARAMETRIC_REPRESENTATION_CONTEXT() REPRESENTATION_CONTEXT('2D SPACE',''
  ) );
#3617 = ORIENTED_EDGE('',*,*,#3618,.F.);
#3618 = EDGE_CURVE('',#3572,#3596,#3619,.T.);
#3619 = SURFACE_CURVE('',#3620,(#3624,#3631),.PCURVE_S1.);
#3620 = LINE('',#3621,#3622);
#3621 = CARTESIAN_POINT('',(101.6,-101.6,0.));
#3622 = VECTOR('',#3623,1.);
#3623 = DIRECTION('',(0.,0.,1.));
#3624 = PCURVE('',#3474,#3625);
#3625 = DEFINITIONAL_REPRESENTATION('',(#3626),#3630);
#3626 = LINE('',#3627,#3628);
#3627 = CARTESIAN_POINT('',(0.,203.2));
#3628 = VECTOR('',#3629,1.);
#3629 = DIRECTION('',(1.,0.));
#3630 = ( GEOMETRIC_REPRESENTATION_CONTEXT(2) 
PARAMETRIC_REPRESENTATION_CONTEXT() REPRESENTATION_CONTEXT('2D SPACE',''
  ) );
#3631 = PCURVE('',#3632,#3637);
#3632 = PLANE('',#3633);
#3633 = AXIS2_PLACEMENT_3D('',#3634,#3635,#3636);
#3634 = CARTESIAN_POINT('',(101.6,-101.6,0.));
#3635 = DIRECTION('',(1.,0.,0.));
#3636 = DIRECTION('',(0.,0.,1.));
#3637 = DEFINITIONAL_REPRESENTATION('',(#3638),#3642);
#3638 = LINE('',#3639,#3640);
#3639 = CARTESIAN_POINT('',(0.,0.));
#3640 = VECTOR('',#3641,1.);
#3641 = DIRECTION('',(1.,0.));
#3642 = ( GEOMETRIC_REPRESENTATION_CONTEXT(2) 
PARAMETRIC_REPRESENTATION_CONTEXT() REPRESENTATION_CONTEXT('2D SPACE',''
  ) );
#3643 = ADVANCED_FACE('',(#3644,#3692),#3556,.T.);
#3644 = FACE_BOUND('',#3645,.T.);
#3645 = EDGE_LOOP('',(#3646,#3647,#3648,#3671));
#3646 = ORIENTED_EDGE('',*,*,#3542,.F.);
#3647 = ORIENTED_EDGE('',*,*,#3595,.T.);
#3648 = ORIENTED_EDGE('',*,*,#3649,.T.);
#3649 = EDGE_CURVE('',#3596,#3650,#3652,.T.);
#3650 = VERTEX_POINT('',#3651);
#3651 = CARTESIAN_POINT('',(101.6,101.6,12.7));
#3652 = SURFACE_CURVE('',#3653,(#3657,#3664),.PCURVE_S1.);
#3653 = LINE('',#3654,#3655);
#3654 = CARTESIAN_POINT('',(101.6,-101.6,12.7));
#3655 = VECTOR('',#3656,1.);
#3656 = DIRECTION('',(0.,1.,0.));
#3657 = PCURVE('',#3556,#3658);
#3658 = DEFINITIONAL_REPRESENTATION('',(#3659),#3663);
#3659 = LINE('',#3660,#3661);
#3660 = CARTESIAN_POINT('',(203.2,0.));
#3661 = VECTOR('',#3662,1.);
#3662 = DIRECTION('',(0.,1.));
#3663 = ( GEOMETRIC_REPRESENTATION_CONTEXT(2) 
PARAMETRIC_REPRESENTATION_CONTEXT() REPRESENTATION_CONTEXT('2D SPACE',''
  ) );
#3664 = PCURVE('',#3632,#3665);
#3665 = DEFINITIONAL_REPRESENTATION('',(#3666),#3670);
#3666 = LINE('',#3667,#3668);
#3667 = CARTESIAN_POINT('',(12.7,0.));
#3668 = VECTOR('',#3669,1.);
#3669 = DIRECTION('',(0.,-1.));
#3670 = ( GEOMETRIC_REPRESENTATION_CONTEXT(2) 
PARAMETRIC_REPRESENTATION_CONTEXT() REPRESENTATION_CONTEXT('2D SPACE',''
  ) );
#3671 = ORIENTED_EDGE('',*,*,#3672,.F.);
#3672 = EDGE_CURVE('',#3515,#3650,#3673,.T.);
#3673 = SURFACE_CURVE('',#3674,(#3678,#3685),.PCURVE_S1.);
#3674 = LINE('',#3675,#3676);
#3675 = CARTESIAN_POINT('',(-101.6,101.6,12.7));
#3676 = VECTOR('',#3677,1.);
#3677 = DIRECTION('',(1.,0.,0.));
#3678 = PCURVE('',#3556,#3679);
#3679 = DEFINITIONAL_REPRESENTATION('',(#3680),#3684);
#3680 = LINE('',#3681,#3682);
#3681 = CARTESIAN_POINT('',(0.,203.2));
#3682 = VECTOR('',#3683,1.);
#3683 = DIRECTION('',(1.,0.));
#3684 = ( GEOMETRIC_REPRESENTATION_CONTEXT(2) 
PARAMETRIC_REPRESENTATION_CONTEXT() REPRESENTATION_CONTEXT('2D SPACE',''
  ) );
#3685 = PCURVE('',#3530,#3686);
#3686 = DEFINITIONAL_REPRESENTATION('',(#3687),#3691);
#3687 = LINE('',#3688,#3689);
#3688 = CARTESIAN_POINT('',(12.7,0.));
#3689 = VECTOR('',#3690,1.);
#3690 = DIRECTION('',(0.,1.));
#3691 = ( GEOMETRIC_REPRESENTATION_CONTEXT(2) 
PARAMETRIC_REPRESENTATION_CONTEXT() REPRESENTATION_CONTEXT('2D SPACE',''
  ) );
#3692 = FACE_BOUND('',#3693,.T.);
#3693 = EDGE_LOOP('',(#3694,#3722,#3748,#3774));
#3694 = ORIENTED_EDGE('',*,*,#3695,.F.);
#3695 = EDGE_CURVE('',#3696,#3698,#3700,.T.);
#3696 = VERTEX_POINT('',#3697);
#3697 = CARTESIAN_POINT('',(-38.1,38.1,12.7));
#3698 = VERTEX_POINT('',#3699);
#3699 = CARTESIAN_POINT('',(-38.1,-38.1,12.7));
#3700 = SURFACE_CURVE('',#3701,(#3705,#3711),.PCURVE_S1.);
#3701 = LINE('',#3702,#3703);
#3702 = CARTESIAN_POINT('',(-38.1,-69.85,12.7));
#3703 = VECTOR('',#3704,1.);
#3704 = DIRECTION('',(0.,-1.,0.));
#3705 = PCURVE('',#3556,#3706);
#3706 = DEFINITIONAL_REPRESENTATION('',(#3707),#3710);
#3707 = B_SPLINE_CURVE_WITH_KNOTS('',1,(#3708,#3709),.UNSPECIFIED.,.F.,
  .F.,(2,2),(-107.95,-31.75),.PIECEWISE_BEZIER_KNOTS.);
#3708 = CARTESIAN_POINT('',(63.5,139.7));
#3709 = CARTESIAN_POINT('',(63.5,63.5));
#3710 = ( GEOMETRIC_REPRESENTATION_CONTEXT(2) 
PARAMETRIC_REPRESENTATION_CONTEXT() REPRESENTATION_CONTEXT('2D SPACE',''
  ) );
#3711 = PCURVE('',#3712,#3717);
#3712 = PLANE('',#3713);
#3713 = AXIS2_PLACEMENT_3D('',#3714,#3715,#3716);
#3714 = CARTESIAN_POINT('',(-38.1,-38.1,0.));
#3715 = DIRECTION('',(1.,0.,0.));
#3716 = DIRECTION('',(0.,0.,1.));
#3717 = DEFINITIONAL_REPRESENTATION('',(#3718),#3721);
#3718 = B_SPLINE_CURVE_WITH_KNOTS('',1,(#3719,#3720),.UNSPECIFIED.,.F.,
  .F.,(2,2),(-107.95,-31.75),.PIECEWISE_BEZIER_KNOTS.);
#3719 = CARTESIAN_POINT('',(12.7,-76.2));
#3720 = CARTESIAN_POINT('',(12.7,0.));
#3721 = ( GEOMETRIC_REPRESENTATION_CONTEXT(2) 
PARAMETRIC_REPRESENTATION_CONTEXT() REPRESENTATION_CONTEXT('2D SPACE',''
  ) );
#3722 = ORIENTED_EDGE('',*,*,#3723,.T.);
#3723 = EDGE_CURVE('',#3696,#3724,#3726,.T.);
#3724 = VERTEX_POINT('',#3725);
#3725 = CARTESIAN_POINT('',(38.1,38.1,12.7));
#3726 = SURFACE_CURVE('',#3727,(#3731,#3737),.PCURVE_S1.);
#3727 = LINE('',#3728,#3729);
#3728 = CARTESIAN_POINT('',(-69.85,38.1,12.7));
#3729 = VECTOR('',#3730,1.);
#3730 = DIRECTION('',(1.,0.,0.));
#3731 = PCURVE('',#3556,#3732);
#3732 = DEFINITIONAL_REPRESENTATION('',(#3733),#3736);
#3733 = B_SPLINE_CURVE_WITH_KNOTS('',1,(#3734,#3735),.UNSPECIFIED.,.F.,
  .F.,(2,2),(31.75,107.95),.PIECEWISE_BEZIER_KNOTS.);
#3734 = CARTESIAN_POINT('',(63.5,139.7));
#3735 = CARTESIAN_POINT('',(139.7,139.7));
#3736 = ( GEOMETRIC_REPRESENTATION_CONTEXT(2) 
PARAMETRIC_REPRESENTATION_CONTEXT() REPRESENTATION_CONTEXT('2D SPACE',''
  ) );
#3737 = PCURVE('',#3738,#3743);
#3738 = PLANE('',#3739);
#3739 = AXIS2_PLACEMENT_3D('',#3740,#3741,#3742);
#3740 = CARTESIAN_POINT('',(-38.1,38.1,0.));
#3741 = DIRECTION('',(0.,1.,0.));
#3742 = DIRECTION('',(0.,0.,1.));
#3743 = DEFINITIONAL_REPRESENTATION('',(#3744),#3747);
#3744 = B_SPLINE_CURVE_WITH_KNOTS('',1,(#3745,#3746),.UNSPECIFIED.,.F.,
  .F.,(2,2),(31.75,107.95),.PIECEWISE_BEZIER_KNOTS.);
#3745 = CARTESIAN_POINT('',(12.7,0.));
#3746 = CARTESIAN_POINT('',(12.7,76.2));
#3747 = ( GEOMETRIC_REPRESENTATION_CONTEXT(2) 
PARAMETRIC_REPRESENTATION_CONTEXT() REPRESENTATION_CONTEXT('2D SPACE',''
  ) );
#3748 = ORIENTED_EDGE('',*,*,#3749,.T.);
#3749 = EDGE_CURVE('',#3724,#3750,#3752,.T.);
#3750 = VERTEX_POINT('',#3751);
#3751 = CARTESIAN_POINT('',(38.1,-38.1,12.7));
#3752 = SURFACE_CURVE('',#3753,(#3757,#3763),.PCURVE_S1.);
#3753 = LINE('',#3754,#3755);
#3754 = CARTESIAN_POINT('',(38.1,-69.85,12.7));
#3755 = VECTOR('',#3756,1.);
#3756 = DIRECTION('',(0.,-1.,0.));
#3757 = PCURVE('',#3556,#3758);
#3758 = DEFINITIONAL_REPRESENTATION('',(#3759),#3762);
#3759 = B_SPLINE_CURVE_WITH_KNOTS('',1,(#3760,#3761),.UNSPECIFIED.,.F.,
  .F.,(2,2),(-107.95,-31.75),.PIECEWISE_BEZIER_KNOTS.);
#3760 = CARTESIAN_POINT('',(139.7,139.7));
#3761 = CARTESIAN_POINT('',(139.7,63.5));
#3762 = ( GEOMETRIC_REPRESENTATION_CONTEXT(2) 
PARAMETRIC_REPRESENTATION_CONTEXT() REPRESENTATION_CONTEXT('2D SPACE',''
  ) );
#3763 = PCURVE('',#3764,#3769);
#3764 = PLANE('',#3765);
#3765 = AXIS2_PLACEMENT_3D('',#3766,#3767,#3768);
#3766 = CARTESIAN_POINT('',(38.1,-38.1,0.));
#3767 = DIRECTION('',(1.,0.,0.));
#3768 = DIRECTION('',(0.,0.,1.));
#3769 = DEFINITIONAL_REPRESENTATION('',(#3770),#3773);
#3770 = B_SPLINE_CURVE_WITH_KNOTS('',1,(#3771,#3772),.UNSPECIFIED.,.F.,
  .F.,(2,2),(-107.95,-31.75),.PIECEWISE_BEZIER_KNOTS.);
#3771 = CARTESIAN_POINT('',(12.7,-76.2));
#3772 = CARTESIAN_POINT('',(12.7,0.));
#3773 = ( GEOMETRIC_REPRESENTATION_CONTEXT(2) 
PARAMETRIC_REPRESENTATION_CONTEXT() REPRESENTATION_CONTEXT('2D SPACE',''
  ) );
#3774 = ORIENTED_EDGE('',*,*,#3775,.F.);
#3775 = EDGE_CURVE('',#3698,#3750,#3776,.T.);
#3776 = SURFACE_CURVE('',#3777,(#3781,#3787),.PCURVE_S1.);
#3777 = LINE('',#3778,#3779);
#3778 = CARTESIAN_POINT('',(-69.85,-38.1,12.7));
#3779 = VECTOR('',#3780,1.);
#3780 = DIRECTION('',(1.,0.,0.));
#3781 = PCURVE('',#3556,#3782);
#3782 = DEFINITIONAL_REPRESENTATION('',(#3783),#3786);
#3783 = B_SPLINE_CURVE_WITH_KNOTS('',1,(#3784,#3785),.UNSPECIFIED.,.F.,
  .F.,(2,2),(31.75,107.95),.PIECEWISE_BEZIER_KNOTS.);
#3784 = CARTESIAN_POINT('',(63.5,63.5));
#3785 = CARTESIAN_POINT('',(139.7,63.5));
#3786 = ( GEOMETRIC_REPRESENTATION_CONTEXT(2) 
PARAMETRIC_REPRESENTATION_CONTEXT() REPRESENTATION_CONTEXT('2D SPACE',''
  ) );
#3787 = PCURVE('',#3788,#3793);
#3788 = PLANE('',#3789);
#3789 = AXIS2_PLACEMENT_3D('',#3790,#3791,#3792);
#3790 = CARTESIAN_POINT('',(-38.1,-38.1,0.));
#3791 = DIRECTION('',(0.,1.,0.));
#3792 = DIRECTION('',(0.,0.,1.));
#3793 = DEFINITIONAL_REPRESENTATION('',(#3794),#3797);
#3794 = B_SPLINE_CURVE_WITH_KNOTS('',1,(#3795,#3796),.UNSPECIFIED.,.F.,
  .F.,(2,2),(31.75,107.95),.PIECEWISE_BEZIER_KNOTS.);
#3795 = CARTESIAN_POINT('',(12.7,0.));
#3796 = CARTESIAN_POINT('',(12.7,76.2));
#3797 = ( GEOMETRIC_REPRESENTATION_CONTEXT(2) 
PARAMETRIC_REPRESENTATION_CONTEXT() REPRESENTATION_CONTEXT('2D SPACE',''
  ) );
#3798 = ADVANCED_FACE('',(#3799),#3530,.T.);
#3799 = FACE_BOUND('',#3800,.T.);
#3800 = EDGE_LOOP('',(#3801,#3824,#3825,#3826));
#3801 = ORIENTED_EDGE('',*,*,#3802,.F.);
#3802 = EDGE_CURVE('',#3487,#3803,#3805,.T.);
#3803 = VERTEX_POINT('',#3804);
#3804 = CARTESIAN_POINT('',(101.6,101.6,0.));
#3805 = SURFACE_CURVE('',#3806,(#3810,#3817),.PCURVE_S1.);
#3806 = LINE('',#3807,#3808);
#3807 = CARTESIAN_POINT('',(-101.6,101.6,0.));
#3808 = VECTOR('',#3809,1.);
#3809 = DIRECTION('',(1.,0.,0.));
#3810 = PCURVE('',#3530,#3811);
#3811 = DEFINITIONAL_REPRESENTATION('',(#3812),#3816);
#3812 = LINE('',#3813,#3814);
#3813 = CARTESIAN_POINT('',(0.,0.));
#3814 = VECTOR('',#3815,1.);
#3815 = DIRECTION('',(0.,1.));
#3816 = ( GEOMETRIC_REPRESENTATION_CONTEXT(2) 
PARAMETRIC_REPRESENTATION_CONTEXT() REPRESENTATION_CONTEXT('2D SPACE',''
  ) );
#3817 = PCURVE('',#3502,#3818);
#3818 = DEFINITIONAL_REPRESENTATION('',(#3819),#3823);
#3819 = LINE('',#3820,#3821);
#3820 = CARTESIAN_POINT('',(0.,203.2));
#3821 = VECTOR('',#3822,1.);
#3822 = DIRECTION('',(1.,0.));
#3823 = ( GEOMETRIC_REPRESENTATION_CONTEXT(2) 
PARAMETRIC_REPRESENTATION_CONTEXT() REPRESENTATION_CONTEXT('2D SPACE',''
  ) );
#3824 = ORIENTED_EDGE('',*,*,#3514,.T.);
#3825 = ORIENTED_EDGE('',*,*,#3672,.T.);
#3826 = ORIENTED_EDGE('',*,*,#3827,.F.);
#3827 = EDGE_CURVE('',#3803,#3650,#3828,.T.);
#3828 = SURFACE_CURVE('',#3829,(#3833,#3840),.PCURVE_S1.);
#3829 = LINE('',#3830,#3831);
#3830 = CARTESIAN_POINT('',(101.6,101.6,0.));
#3831 = VECTOR('',#3832,1.);
#3832 = DIRECTION('',(0.,0.,1.));
#3833 = PCURVE('',#3530,#3834);
#3834 = DEFINITIONAL_REPRESENTATION('',(#3835),#3839);
#3835 = LINE('',#3836,#3837);
#3836 = CARTESIAN_POINT('',(0.,203.2));
#3837 = VECTOR('',#3838,1.);
#3838 = DIRECTION('',(1.,0.));
#3839 = ( GEOMETRIC_REPRESENTATION_CONTEXT(2) 
PARAMETRIC_REPRESENTATION_CONTEXT() REPRESENTATION_CONTEXT('2D SPACE',''
  ) );
#3840 = PCURVE('',#3632,#3841);
#3841 = DEFINITIONAL_REPRESENTATION('',(#3842),#3846);
#3842 = LINE('',#3843,#3844);
#3843 = CARTESIAN_POINT('',(0.,-203.2));
#3844 = VECTOR('',#3845,1.);
#3845 = DIRECTION('',(1.,0.));
#3846 = ( GEOMETRIC_REPRESENTATION_CONTEXT(2) 
PARAMETRIC_REPRESENTATION_CONTEXT() REPRESENTATION_CONTEXT('2D SPACE',''
  ) );
#3847 = ADVANCED_FACE('',(#3848),#3502,.F.);
#3848 = FACE_BOUND('',#3849,.F.);
#3849 = EDGE_LOOP('',(#3850,#3851,#3852,#3873));
#3850 = ORIENTED_EDGE('',*,*,#3486,.F.);
#3851 = ORIENTED_EDGE('',*,*,#3571,.T.);
#3852 = ORIENTED_EDGE('',*,*,#3853,.T.);
#3853 = EDGE_CURVE('',#3572,#3803,#3854,.T.);
#3854 = SURFACE_CURVE('',#3855,(#3859,#3866),.PCURVE_S1.);
#3855 = LINE('',#3856,#3857);
#3856 = CARTESIAN_POINT('',(101.6,-101.6,0.));
#3857 = VECTOR('',#3858,1.);
#3858 = DIRECTION('',(0.,1.,0.));
#3859 = PCURVE('',#3502,#3860);
#3860 = DEFINITIONAL_REPRESENTATION('',(#3861),#3865);
#3861 = LINE('',#3862,#3863);
#3862 = CARTESIAN_POINT('',(203.2,0.));
#3863 = VECTOR('',#3864,1.);
#3864 = DIRECTION('',(0.,1.));
#3865 = ( GEOMETRIC_REPRESENTATION_CONTEXT(2) 
PARAMETRIC_REPRESENTATION_CONTEXT() REPRESENTATION_CONTEXT('2D SPACE',''
  ) );
#3866 = PCURVE('',#3632,#3867);
#3867 = DEFINITIONAL_REPRESENTATION('',(#3868),#3872);
#3868 = LINE('',#3869,#3870);
#3869 = CARTESIAN_POINT('',(0.,0.));
#3870 = VECTOR('',#3871,1.);
#3871 = DIRECTION('',(0.,-1.));
#3872 = ( GEOMETRIC_REPRESENTATION_CONTEXT(2) 
PARAMETRIC_REPRESENTATION_CONTEXT() REPRESENTATION_CONTEXT('2D SPACE',''
  ) );
#3873 = ORIENTED_EDGE('',*,*,#3802,.F.);
#3874 = ADVANCED_FACE('',(#3875),#3632,.T.);
#3875 = FACE_BOUND('',#3876,.T.);
#3876 = EDGE_LOOP('',(#3877,#3878,#3879,#3880));
#3877 = ORIENTED_EDGE('',*,*,#3618,.F.);
#3878 = ORIENTED_EDGE('',*,*,#3853,.T.);
#3879 = ORIENTED_EDGE('',*,*,#3827,.T.);
#3880 = ORIENTED_EDGE('',*,*,#3649,.F.);
#3881 = ADVANCED_FACE('',(#3882),#3712,.F.);
#3882 = FACE_BOUND('',#3883,.F.);
#3883 = EDGE_LOOP('',(#3884,#3907,#3908,#3931));
#3884 = ORIENTED_EDGE('',*,*,#3885,.F.);
#3885 = EDGE_CURVE('',#3698,#3886,#3888,.T.);
#3886 = VERTEX_POINT('',#3887);
#3887 = CARTESIAN_POINT('',(-38.1,-38.1,726.44));
#3888 = SURFACE_CURVE('',#3889,(#3893,#3900),.PCURVE_S1.);
#3889 = LINE('',#3890,#3891);
#3890 = CARTESIAN_POINT('',(-38.1,-38.1,0.));
#3891 = VECTOR('',#3892,1.);
#3892 = DIRECTION('',(0.,0.,1.));
#3893 = PCURVE('',#3712,#3894);
#3894 = DEFINITIONAL_REPRESENTATION('',(#3895),#3899);
#3895 = LINE('',#3896,#3897);
#3896 = CARTESIAN_POINT('',(0.,0.));
#3897 = VECTOR('',#3898,1.);
#3898 = DIRECTION('',(1.,0.));
#3899 = ( GEOMETRIC_REPRESENTATION_CONTEXT(2) 
PARAMETRIC_REPRESENTATION_CONTEXT() REPRESENTATION_CONTEXT('2D SPACE',''
  ) );
#3900 = PCURVE('',#3788,#3901);
#3901 = DEFINITIONAL_REPRESENTATION('',(#3902),#3906);
#3902 = LINE('',#3903,#3904);
#3903 = CARTESIAN_POINT('',(0.,0.));
#3904 = VECTOR('',#3905,1.);
#3905 = DIRECTION('',(1.,0.));
#3906 = ( GEOMETRIC_REPRESENTATION_CONTEXT(2) 
PARAMETRIC_REPRESENTATION_CONTEXT() REPRESENTATION_CONTEXT('2D SPACE',''
  ) );
#3907 = ORIENTED_EDGE('',*,*,#3695,.F.);
#3908 = ORIENTED_EDGE('',*,*,#3909,.T.);
#3909 = EDGE_CURVE('',#3696,#3910,#3912,.T.);
#3910 = VERTEX_POINT('',#3911);
#3911 = CARTESIAN_POINT('',(-38.1,38.1,726.44));
#3912 = SURFACE_CURVE('',#3913,(#3917,#3924),.PCURVE_S1.);
#3913 = LINE('',#3914,#3915);
#3914 = CARTESIAN_POINT('',(-38.1,38.1,0.));
#3915 = VECTOR('',#3916,1.);
#3916 = DIRECTION('',(0.,0.,1.));
#3917 = PCURVE('',#3712,#3918);
#3918 = DEFINITIONAL_REPRESENTATION('',(#3919),#3923);
#3919 = LINE('',#3920,#3921);
#3920 = CARTESIAN_POINT('',(0.,-76.2));
#3921 = VECTOR('',#3922,1.);
#3922 = DIRECTION('',(1.,0.));
#3923 = ( GEOMETRIC_REPRESENTATION_CONTEXT(2) 
PARAMETRIC_REPRESENTATION_CONTEXT() REPRESENTATION_CONTEXT('2D SPACE',''
  ) );
#3924 = PCURVE('',#3738,#3925);
#3925 = DEFINITIONAL_REPRESENTATION('',(#3926),#3930);
#3926 = LINE('',#3927,#3928);
#3927 = CARTESIAN_POINT('',(0.,0.));
#3928 = VECTOR('',#3929,1.);
#3929 = DIRECTION('',(1.,0.));
#3930 = ( GEOMETRIC_REPRESENTATION_CONTEXT(2) 
PARAMETRIC_REPRESENTATION_CONTEXT() REPRESENTATION_CONTEXT('2D SPACE',''
  ) );
#3931 = ORIENTED_EDGE('',*,*,#3932,.F.);
#3932 = EDGE_CURVE('',#3886,#3910,#3933,.T.);
#3933 = SURFACE_CURVE('',#3934,(#3938,#3945),.PCURVE_S1.);
#3934 = LINE('',#3935,#3936);
#3935 = CARTESIAN_POINT('',(-38.1,-38.1,726.44));
#3936 = VECTOR('',#3937,1.);
#3937 = DIRECTION('',(0.,1.,0.));
#3938 = PCURVE('',#3712,#3939);
#3939 = DEFINITIONAL_REPRESENTATION('',(#3940),#3944);
#3940 = LINE('',#3941,#3942);
#3941 = CARTESIAN_POINT('',(726.44,0.));
#3942 = VECTOR('',#3943,1.);
#3943 = DIRECTION('',(0.,-1.));
#3944 = ( GEOMETRIC_REPRESENTATION_CONTEXT(2) 
PARAMETRIC_REPRESENTATION_CONTEXT() REPRESENTATION_CONTEXT('2D SPACE',''
  ) );
#3945 = PCURVE('',#3946,#3951);
#3946 = PLANE('',#3947);
#3947 = AXIS2_PLACEMENT_3D('',#3948,#3949,#3950);
#3948 = CARTESIAN_POINT('',(-38.1,-38.1,726.44));
#3949 = DIRECTION('',(0.,0.,1.));
#3950 = DIRECTION('',(1.,0.,0.));
#3951 = DEFINITIONAL_REPRESENTATION('',(#3952),#3956);
#3952 = LINE('',#3953,#3954);
#3953 = CARTESIAN_POINT('',(0.,0.));
#3954 = VECTOR('',#3955,1.);
#3955 = DIRECTION('',(0.,1.));
#3956 = ( GEOMETRIC_REPRESENTATION_CONTEXT(2) 
PARAMETRIC_REPRESENTATION_CONTEXT() REPRESENTATION_CONTEXT('2D SPACE',''
  ) );
#3957 = ADVANCED_FACE('',(#3958),#3788,.F.);
#3958 = FACE_BOUND('',#3959,.F.);
#3959 = EDGE_LOOP('',(#3960,#3983,#3984,#3985));
#3960 = ORIENTED_EDGE('',*,*,#3961,.F.);
#3961 = EDGE_CURVE('',#3750,#3962,#3964,.T.);
#3962 = VERTEX_POINT('',#3963);
#3963 = CARTESIAN_POINT('',(38.1,-38.1,726.44));
#3964 = SURFACE_CURVE('',#3965,(#3969,#3976),.PCURVE_S1.);
#3965 = LINE('',#3966,#3967);
#3966 = CARTESIAN_POINT('',(38.1,-38.1,0.));
#3967 = VECTOR('',#3968,1.);
#3968 = DIRECTION('',(0.,0.,1.));
#3969 = PCURVE('',#3788,#3970);
#3970 = DEFINITIONAL_REPRESENTATION('',(#3971),#3975);
#3971 = LINE('',#3972,#3973);
#3972 = CARTESIAN_POINT('',(0.,76.2));
#3973 = VECTOR('',#3974,1.);
#3974 = DIRECTION('',(1.,0.));
#3975 = ( GEOMETRIC_REPRESENTATION_CONTEXT(2) 
PARAMETRIC_REPRESENTATION_CONTEXT() REPRESENTATION_CONTEXT('2D SPACE',''
  ) );
#3976 = PCURVE('',#3764,#3977);
#3977 = DEFINITIONAL_REPRESENTATION('',(#3978),#3982);
#3978 = LINE('',#3979,#3980);
#3979 = CARTESIAN_POINT('',(0.,0.));
#3980 = VECTOR('',#3981,1.);
#3981 = DIRECTION('',(1.,0.));
#3982 = ( GEOMETRIC_REPRESENTATION_CONTEXT(2) 
PARAMETRIC_REPRESENTATION_CONTEXT() REPRESENTATION_CONTEXT('2D SPACE',''
  ) );
#3983 = ORIENTED_EDGE('',*,*,#3775,.F.);
#3984 = ORIENTED_EDGE('',*,*,#3885,.T.);
#3985 = ORIENTED_EDGE('',*,*,#3986,.T.);
#3986 = EDGE_CURVE('',#3886,#3962,#3987,.T.);
#3987 = SURFACE_CURVE('',#3988,(#3992,#3999),.PCURVE_S1.);
#3988 = LINE('',#3989,#3990);
#3989 = CARTESIAN_POINT('',(-38.1,-38.1,726.44));
#3990 = VECTOR('',#3991,1.);
#3991 = DIRECTION('',(1.,0.,0.));
#3992 = PCURVE('',#3788,#3993);
#3993 = DEFINITIONAL_REPRESENTATION('',(#3994),#3998);
#3994 = LINE('',#3995,#3996);
#3995 = CARTESIAN_POINT('',(726.44,0.));
#3996 = VECTOR('',#3997,1.);
#3997 = DIRECTION('',(0.,1.));
#3998 = ( GEOMETRIC_REPRESENTATION_CONTEXT(2) 
PARAMETRIC_REPRESENTATION_CONTEXT() REPRESENTATION_CONTEXT('2D SPACE',''
  ) );
#3999 = PCURVE('',#3946,#4000);
#4000 = DEFINITIONAL_REPRESENTATION('',(#4001),#4005);
#4001 = LINE('',#4002,#4003);
#4002 = CARTESIAN_POINT('',(0.,0.));
#4003 = VECTOR('',#4004,1.);
#4004 = DIRECTION('',(1.,0.));
#4005 = ( GEOMETRIC_REPRESENTATION_CONTEXT(2) 
PARAMETRIC_REPRESENTATION_CONTEXT() REPRESENTATION_CONTEXT('2D SPACE',''
  ) );
#4006 = ADVANCED_FACE('',(#4007),#3764,.T.);
#4007 = FACE_BOUND('',#4008,.T.);
#4008 = EDGE_LOOP('',(#4009,#4010,#4011,#4034));
#4009 = ORIENTED_EDGE('',*,*,#3961,.F.);
#4010 = ORIENTED_EDGE('',*,*,#3749,.F.);
#4011 = ORIENTED_EDGE('',*,*,#4012,.T.);
#4012 = EDGE_CURVE('',#3724,#4013,#4015,.T.);
#4013 = VERTEX_POINT('',#4014);
#4014 = CARTESIAN_POINT('',(38.1,38.1,726.44));
#4015 = SURFACE_CURVE('',#4016,(#4020,#4027),.PCURVE_S1.);
#4016 = LINE('',#4017,#4018);
#4017 = CARTESIAN_POINT('',(38.1,38.1,0.));
#4018 = VECTOR('',#4019,1.);
#4019 = DIRECTION('',(0.,0.,1.));
#4020 = PCURVE('',#3764,#4021);
#4021 = DEFINITIONAL_REPRESENTATION('',(#4022),#4026);
#4022 = LINE('',#4023,#4024);
#4023 = CARTESIAN_POINT('',(0.,-76.2));
#4024 = VECTOR('',#4025,1.);
#4025 = DIRECTION('',(1.,0.));
#4026 = ( GEOMETRIC_REPRESENTATION_CONTEXT(2) 
PARAMETRIC_REPRESENTATION_CONTEXT() REPRESENTATION_CONTEXT('2D SPACE',''
  ) );
#4027 = PCURVE('',#3738,#4028);
#4028 = DEFINITIONAL_REPRESENTATION('',(#4029),#4033);
#4029 = LINE('',#4030,#4031);
#4030 = CARTESIAN_POINT('',(0.,76.2));
#4031 = VECTOR('',#4032,1.);
#4032 = DIRECTION('',(1.,0.));
#4033 = ( GEOMETRIC_REPRESENTATION_CONTEXT(2) 
PARAMETRIC_REPRESENTATION_CONTEXT() REPRESENTATION_CONTEXT('2D SPACE',''
  ) );
#4034 = ORIENTED_EDGE('',*,*,#4035,.F.);
#4035 = EDGE_CURVE('',#3962,#4013,#4036,.T.);
#4036 = SURFACE_CURVE('',#4037,(#4041,#4048),.PCURVE_S1.);
#4037 = LINE('',#4038,#4039);
#4038 = CARTESIAN_POINT('',(38.1,-38.1,726.44));
#4039 = VECTOR('',#4040,1.);
#4040 = DIRECTION('',(0.,1.,0.));
#4041 = PCURVE('',#3764,#4042);
#4042 = DEFINITIONAL_REPRESENTATION('',(#4043),#4047);
#4043 = LINE('',#4044,#4045);
#4044 = CARTESIAN_POINT('',(726.44,0.));
#4045 = VECTOR('',#4046,1.);
#4046 = DIRECTION('',(0.,-1.));
#4047 = ( GEOMETRIC_REPRESENTATION_CONTEXT(2) 
PARAMETRIC_REPRESENTATION_CONTEXT() REPRESENTATION_CONTEXT('2D SPACE',''
  ) );
#4048 = PCURVE('',#3946,#4049);
#4049 = DEFINITIONAL_REPRESENTATION('',(#4050),#4054);
#4050 = LINE('',#4051,#4052);
#4051 = CARTESIAN_POINT('',(76.2,0.));
#4052 = VECTOR('',#4053,1.);
#4053 = DIRECTION('',(0.,1.));
#4054 = ( GEOMETRIC_REPRESENTATION_CONTEXT(2) 
PARAMETRIC_REPRESENTATION_CONTEXT() REPRESENTATION_CONTEXT('2D SPACE',''
  ) );
#4055 = ADVANCED_FACE('',(#4056),#3738,.T.);
#4056 = FACE_BOUND('',#4057,.T.);
#4057 = EDGE_LOOP('',(#4058,#4059,#4060,#4061));
#4058 = ORIENTED_EDGE('',*,*,#4012,.F.);
#4059 = ORIENTED_EDGE('',*,*,#3723,.F.);
#4060 = ORIENTED_EDGE('',*,*,#3909,.T.);
#4061 = ORIENTED_EDGE('',*,*,#4062,.T.);
#4062 = EDGE_CURVE('',#3910,#4013,#4063,.T.);
#4063 = SURFACE_CURVE('',#4064,(#4068,#4075),.PCURVE_S1.);
#4064 = LINE('',#4065,#4066);
#4065 = CARTESIAN_POINT('',(-38.1,38.1,726.44));
#4066 = VECTOR('',#4067,1.);
#4067 = DIRECTION('',(1.,0.,0.));
#4068 = PCURVE('',#3738,#4069);
#4069 = DEFINITIONAL_REPRESENTATION('',(#4070),#4074);
#4070 = LINE('',#4071,#4072);
#4071 = CARTESIAN_POINT('',(726.44,0.));
#4072 = VECTOR('',#4073,1.);
#4073 = DIRECTION('',(0.,1.));
#4074 = ( GEOMETRIC_REPRESENTATION_CONTEXT(2) 
PARAMETRIC_REPRESENTATION_CONTEXT() REPRESENTATION_CONTEXT('2D SPACE',''
  ) );
#4075 = PCURVE('',#3946,#4076);
#4076 = DEFINITIONAL_REPRESENTATION('',(#4077),#4081);
#4077 = LINE('',#4078,#4079);
#4078 = CARTESIAN_POINT('',(0.,76.2));
#4079 = VECTOR('',#4080,1.);
#4080 = DIRECTION('',(1.,0.));
#4081 = ( GEOMETRIC_REPRESENTATION_CONTEXT(2) 
PARAMETRIC_REPRESENTATION_CONTEXT() REPRESENTATION_CONTEXT('2D SPACE',''
  ) );
#4082 = ADVANCED_FACE('',(#4083),#3946,.T.);
#4083 = FACE_BOUND('',#4084,.T.);
#4084 = EDGE_LOOP('',(#4085,#4086,#4087,#4088));
#4085 = ORIENTED_EDGE('',*,*,#3932,.F.);
#4086 = ORIENTED_EDGE('',*,*,#3986,.T.);
#4087 = ORIENTED_EDGE('',*,*,#4035,.T.);
#4088 = ORIENTED_EDGE('',*,*,#4062,.F.);
#4089 = ( GEOMETRIC_REPRESENTATION_CONTEXT(3) 
GLOBAL_UNCERTAINTY_ASSIGNED_CONTEXT((#4093)) 
GLOBAL_UNIT_ASSIGNED_CONTEXT((#4090,#4091,#4092)) REPRESENTATION_CONTEXT
('Context #1','3D Context with UNIT and UNCERTAINTY') );
#4090 = ( LENGTH_UNIT() NAMED_UNIT(*) SI_UNIT(.MILLI.,.METRE.) );
#4091 = ( NAMED_UNIT(*) PLANE_ANGLE_UNIT() SI_UNIT($,.RADIAN.) );
#4092 = ( NAMED_UNIT(*) SI_UNIT($,.STERADIAN.) SOLID_ANGLE_UNIT() );
#4093 = UNCERTAINTY_MEASURE_WITH_UNIT(LENGTH_MEASURE(1.E-07),#4090,
  'distance_accuracy_value','confusion accuracy');
#4094 = CONTEXT_DEPENDENT_SHAPE_REPRESENTATION(#4095,#4097);
#4095 = ( REPRESENTATION_RELATIONSHIP('','',#3444,#10) 
REPRESENTATION_RELATIONSHIP_WITH_TRANSFORMATION(#4096) 
SHAPE_REPRESENTATION_RELATIONSHIP() );
#4096 = ITEM_DEFINED_TRANSFORMATION('','',#11,#63);
#4097 = PRODUCT_DEFINITION_SHAPE('Placement','Placement of an item',
  #4098);
#4098 = NEXT_ASSEMBLY_USAGE_OCCURRENCE('13','stabilizer:front_left','',
  #5,#3439,$);
#4099 = PRODUCT_RELATED_PRODUCT_CATEGORY('part',$,(#3441));
#4100 = SHAPE_DEFINITION_REPRESENTATION(#4101,#4107);
#4101 = PRODUCT_DEFINITION_SHAPE('','',#4102);
#4102 = PRODUCT_DEFINITION('design','',#4103,#4106);
#4103 = PRODUCT_DEFINITION_FORMATION('','',#4104);
#4104 = PRODUCT('stabilizer:front_right','stabilizer:front_right','',(
    #4105));
#4105 = PRODUCT_CONTEXT('',#2,'mechanical');
#4106 = PRODUCT_DEFINITION_CONTEXT('part definition',#2,'design');
#4107 = ADVANCED_BREP_SHAPE_REPRESENTATION('',(#11,#4108),#4752);
#4108 = MANIFOLD_SOLID_BREP('',#4109);
#4109 = CLOSED_SHELL('',(#4110,#4230,#4306,#4461,#4510,#4537,#4544,#4620
    ,#4669,#4718,#4745));
#4110 = ADVANCED_FACE('',(#4111),#4125,.F.);
#4111 = FACE_BOUND('',#4112,.F.);
#4112 = EDGE_LOOP('',(#4113,#4148,#4176,#4204));
#4113 = ORIENTED_EDGE('',*,*,#4114,.F.);
#4114 = EDGE_CURVE('',#4115,#4117,#4119,.T.);
#4115 = VERTEX_POINT('',#4116);
#4116 = CARTESIAN_POINT('',(-101.6,-101.6,0.));
#4117 = VERTEX_POINT('',#4118);
#4118 = CARTESIAN_POINT('',(-101.6,-101.6,12.7));
#4119 = SURFACE_CURVE('',#4120,(#4124,#4136),.PCURVE_S1.);
#4120 = LINE('',#4121,#4122);
#4121 = CARTESIAN_POINT('',(-101.6,-101.6,0.));
#4122 = VECTOR('',#4123,1.);
#4123 = DIRECTION('',(0.,0.,1.));
#4124 = PCURVE('',#4125,#4130);
#4125 = PLANE('',#4126);
#4126 = AXIS2_PLACEMENT_3D('',#4127,#4128,#4129);
#4127 = CARTESIAN_POINT('',(-101.6,-101.6,0.));
#4128 = DIRECTION('',(1.,0.,0.));
#4129 = DIRECTION('',(0.,0.,1.));
#4130 = DEFINITIONAL_REPRESENTATION('',(#4131),#4135);
#4131 = LINE('',#4132,#4133);
#4132 = CARTESIAN_POINT('',(0.,0.));
#4133 = VECTOR('',#4134,1.);
#4134 = DIRECTION('',(1.,0.));
#4135 = ( GEOMETRIC_REPRESENTATION_CONTEXT(2) 
PARAMETRIC_REPRESENTATION_CONTEXT() REPRESENTATION_CONTEXT('2D SPACE',''
  ) );
#4136 = PCURVE('',#4137,#4142);
#4137 = PLANE('',#4138);
#4138 = AXIS2_PLACEMENT_3D('',#4139,#4140,#4141);
#4139 = CARTESIAN_POINT('',(-101.6,-101.6,0.));
#4140 = DIRECTION('',(0.,1.,0.));
#4141 = DIRECTION('',(0.,0.,1.));
#4142 = DEFINITIONAL_REPRESENTATION('',(#4143),#4147);
#4143 = LINE('',#4144,#4145);
#4144 = CARTESIAN_POINT('',(0.,0.));
#4145 = VECTOR('',#4146,1.);
#4146 = DIRECTION('',(1.,0.));
#4147 = ( GEOMETRIC_REPRESENTATION_CONTEXT(2) 
PARAMETRIC_REPRESENTATION_CONTEXT() REPRESENTATION_CONTEXT('2D SPACE',''
  ) );
#4148 = ORIENTED_EDGE('',*,*,#4149,.T.);
#4149 = EDGE_CURVE('',#4115,#4150,#4152,.T.);
#4150 = VERTEX_POINT('',#4151);
#4151 = CARTESIAN_POINT('',(-101.6,101.6,0.));
#4152 = SURFACE_CURVE('',#4153,(#4157,#4164),.PCURVE_S1.);
#4153 = LINE('',#4154,#4155);
#4154 = CARTESIAN_POINT('',(-101.6,-101.6,0.));
#4155 = VECTOR('',#4156,1.);
#4156 = DIRECTION('',(0.,1.,0.));
#4157 = PCURVE('',#4125,#4158);
#4158 = DEFINITIONAL_REPRESENTATION('',(#4159),#4163);
#4159 = LINE('',#4160,#4161);
#4160 = CARTESIAN_POINT('',(0.,0.));
#4161 = VECTOR('',#4162,1.);
#4162 = DIRECTION('',(0.,-1.));
#4163 = ( GEOMETRIC_REPRESENTATION_CONTEXT(2) 
PARAMETRIC_REPRESENTATION_CONTEXT() REPRESENTATION_CONTEXT('2D SPACE',''
  ) );
#4164 = PCURVE('',#4165,#4170);
#4165 = PLANE('',#4166);
#4166 = AXIS2_PLACEMENT_3D('',#4167,#4168,#4169);
#4167 = CARTESIAN_POINT('',(-101.6,-101.6,0.));
#4168 = DIRECTION('',(0.,0.,1.));
#4169 = DIRECTION('',(1.,0.,0.));
#4170 = DEFINITIONAL_REPRESENTATION('',(#4171),#4175);
#4171 = LINE('',#4172,#4173);
#4172 = CARTESIAN_POINT('',(0.,0.));
#4173 = VECTOR('',#4174,1.);
#4174 = DIRECTION('',(0.,1.));
#4175 = ( GEOMETRIC_REPRESENTATION_CONTEXT(2) 
PARAMETRIC_REPRESENTATION_CONTEXT() REPRESENTATION_CONTEXT('2D SPACE',''
  ) );
#4176 = ORIENTED_EDGE('',*,*,#4177,.T.);
#4177 = EDGE_CURVE('',#4150,#4178,#4180,.T.);
#4178 = VERTEX_POINT('',#4179);
#4179 = CARTESIAN_POINT('',(-101.6,101.6,12.7));
#4180 = SURFACE_CURVE('',#4181,(#4185,#4192),.PCURVE_S1.);
#4181 = LINE('',#4182,#4183);
#4182 = CARTESIAN_POINT('',(-101.6,101.6,0.));
#4183 = VECTOR('',#4184,1.);
#4184 = DIRECTION('',(0.,0.,1.));
#4185 = PCURVE('',#4125,#4186);
#4186 = DEFINITIONAL_REPRESENTATION('',(#4187),#4191);
#4187 = LINE('',#4188,#4189);
#4188 = CARTESIAN_POINT('',(0.,-203.2));
#4189 = VECTOR('',#4190,1.);
#4190 = DIRECTION('',(1.,0.));
#4191 = ( GEOMETRIC_REPRESENTATION_CONTEXT(2) 
PARAMETRIC_REPRESENTATION_CONTEXT() REPRESENTATION_CONTEXT('2D SPACE',''
  ) );
#4192 = PCURVE('',#4193,#4198);
#4193 = PLANE('',#4194);
#4194 = AXIS2_PLACEMENT_3D('',#4195,#4196,#4197);
#4195 = CARTESIAN_POINT('',(-101.6,101.6,0.));
#4196 = DIRECTION('',(0.,1.,0.));
#4197 = DIRECTION('',(0.,0.,1.));
#4198 = DEFINITIONAL_REPRESENTATION('',(#4199),#4203);
#4199 = LINE('',#4200,#4201);
#4200 = CARTESIAN_POINT('',(0.,0.));
#4201 = VECTOR('',#4202,1.);
#4202 = DIRECTION('',(1.,0.));
#4203 = ( GEOMETRIC_REPRESENTATION_CONTEXT(2) 
PARAMETRIC_REPRESENTATION_CONTEXT() REPRESENTATION_CONTEXT('2D SPACE',''
  ) );
#4204 = ORIENTED_EDGE('',*,*,#4205,.F.);
#4205 = EDGE_CURVE('',#4117,#4178,#4206,.T.);
#4206 = SURFACE_CURVE('',#4207,(#4211,#4218),.PCURVE_S1.);
#4207 = LINE('',#4208,#4209);
#4208 = CARTESIAN_POINT('',(-101.6,-101.6,12.7));
#4209 = VECTOR('',#4210,1.);
#4210 = DIRECTION('',(0.,1.,0.));
#4211 = PCURVE('',#4125,#4212);
#4212 = DEFINITIONAL_REPRESENTATION('',(#4213),#4217);
#4213 = LINE('',#4214,#4215);
#4214 = CARTESIAN_POINT('',(12.7,0.));
#4215 = VECTOR('',#4216,1.);
#4216 = DIRECTION('',(0.,-1.));
#4217 = ( GEOMETRIC_REPRESENTATION_CONTEXT(2) 
PARAMETRIC_REPRESENTATION_CONTEXT() REPRESENTATION_CONTEXT('2D SPACE',''
  ) );
#4218 = PCURVE('',#4219,#4224);
#4219 = PLANE('',#4220);
#4220 = AXIS2_PLACEMENT_3D('',#4221,#4222,#4223);
#4221 = CARTESIAN_POINT('',(-101.6,-101.6,12.7));
#4222 = DIRECTION('',(0.,0.,1.));
#4223 = DIRECTION('',(1.,0.,0.));
#4224 = DEFINITIONAL_REPRESENTATION('',(#4225),#4229);
#4225 = LINE('',#4226,#4227);
#4226 = CARTESIAN_POINT('',(0.,0.));
#4227 = VECTOR('',#4228,1.);
#4228 = DIRECTION('',(0.,1.));
#4229 = ( GEOMETRIC_REPRESENTATION_CONTEXT(2) 
PARAMETRIC_REPRESENTATION_CONTEXT() REPRESENTATION_CONTEXT('2D SPACE',''
  ) );
#4230 = ADVANCED_FACE('',(#4231),#4137,.F.);
#4231 = FACE_BOUND('',#4232,.F.);
#4232 = EDGE_LOOP('',(#4233,#4256,#4257,#4280));
#4233 = ORIENTED_EDGE('',*,*,#4234,.F.);
#4234 = EDGE_CURVE('',#4115,#4235,#4237,.T.);
#4235 = VERTEX_POINT('',#4236);
#4236 = CARTESIAN_POINT('',(101.6,-101.6,0.));
#4237 = SURFACE_CURVE('',#4238,(#4242,#4249),.PCURVE_S1.);
#4238 = LINE('',#4239,#4240);
#4239 = CARTESIAN_POINT('',(-101.6,-101.6,0.));
#4240 = VECTOR('',#4241,1.);
#4241 = DIRECTION('',(1.,0.,0.));
#4242 = PCURVE('',#4137,#4243);
#4243 = DEFINITIONAL_REPRESENTATION('',(#4244),#4248);
#4244 = LINE('',#4245,#4246);
#4245 = CARTESIAN_POINT('',(0.,0.));
#4246 = VECTOR('',#4247,1.);
#4247 = DIRECTION('',(0.,1.));
#4248 = ( GEOMETRIC_REPRESENTATION_CONTEXT(2) 
PARAMETRIC_REPRESENTATION_CONTEXT() REPRESENTATION_CONTEXT('2D SPACE',''
  ) );
#4249 = PCURVE('',#4165,#4250);
#4250 = DEFINITIONAL_REPRESENTATION('',(#4251),#4255);
#4251 = LINE('',#4252,#4253);
#4252 = CARTESIAN_POINT('',(0.,0.));
#4253 = VECTOR('',#4254,1.);
#4254 = DIRECTION('',(1.,0.));
#4255 = ( GEOMETRIC_REPRESENTATION_CONTEXT(2) 
PARAMETRIC_REPRESENTATION_CONTEXT() REPRESENTATION_CONTEXT('2D SPACE',''
  ) );
#4256 = ORIENTED_EDGE('',*,*,#4114,.T.);
#4257 = ORIENTED_EDGE('',*,*,#4258,.T.);
#4258 = EDGE_CURVE('',#4117,#4259,#4261,.T.);
#4259 = VERTEX_POINT('',#4260);
#4260 = CARTESIAN_POINT('',(101.6,-101.6,12.7));
#4261 = SURFACE_CURVE('',#4262,(#4266,#4273),.PCURVE_S1.);
#4262 = LINE('',#4263,#4264);
#4263 = CARTESIAN_POINT('',(-101.6,-101.6,12.7));
#4264 = VECTOR('',#4265,1.);
#4265 = DIRECTION('',(1.,0.,0.));
#4266 = PCURVE('',#4137,#4267);
#4267 = DEFINITIONAL_REPRESENTATION('',(#4268),#4272);
#4268 = LINE('',#4269,#4270);
#4269 = CARTESIAN_POINT('',(12.7,0.));
#4270 = VECTOR('',#4271,1.);
#4271 = DIRECTION('',(0.,1.));
#4272 = ( GEOMETRIC_REPRESENTATION_CONTEXT(2) 
PARAMETRIC_REPRESENTATION_CONTEXT() REPRESENTATION_CONTEXT('2D SPACE',''
  ) );
#4273 = PCURVE('',#4219,#4274);
#4274 = DEFINITIONAL_REPRESENTATION('',(#4275),#4279);
#4275 = LINE('',#4276,#4277);
#4276 = CARTESIAN_POINT('',(0.,0.));
#4277 = VECTOR('',#4278,1.);
#4278 = DIRECTION('',(1.,0.));
#4279 = ( GEOMETRIC_REPRESENTATION_CONTEXT(2) 
PARAMETRIC_REPRESENTATION_CONTEXT() REPRESENTATION_CONTEXT('2D SPACE',''
  ) );
#4280 = ORIENTED_EDGE('',*,*,#4281,.F.);
#4281 = EDGE_CURVE('',#4235,#4259,#4282,.T.);
#4282 = SURFACE_CURVE('',#4283,(#4287,#4294),.PCURVE_S1.);
#4283 = LINE('',#4284,#4285);
#4284 = CARTESIAN_POINT('',(101.6,-101.6,0.));
#4285 = VECTOR('',#4286,1.);
#4286 = DIRECTION('',(0.,0.,1.));
#4287 = PCURVE('',#4137,#4288);
#4288 = DEFINITIONAL_REPRESENTATION('',(#4289),#4293);
#4289 = LINE('',#4290,#4291);
#4290 = CARTESIAN_POINT('',(0.,203.2));
#4291 = VECTOR('',#4292,1.);
#4292 = DIRECTION('',(1.,0.));
#4293 = ( GEOMETRIC_REPRESENTATION_CONTEXT(2) 
PARAMETRIC_REPRESENTATION_CONTEXT() REPRESENTATION_CONTEXT('2D SPACE',''
  ) );
#4294 = PCURVE('',#4295,#4300);
#4295 = PLANE('',#4296);
#4296 = AXIS2_PLACEMENT_3D('',#4297,#4298,#4299);
#4297 = CARTESIAN_POINT('',(101.6,-101.6,0.));
#4298 = DIRECTION('',(1.,0.,0.));
#4299 = DIRECTION('',(0.,0.,1.));
#4300 = DEFINITIONAL_REPRESENTATION('',(#4301),#4305);
#4301 = LINE('',#4302,#4303);
#4302 = CARTESIAN_POINT('',(0.,0.));
#4303 = VECTOR('',#4304,1.);
#4304 = DIRECTION('',(1.,0.));
#4305 = ( GEOMETRIC_REPRESENTATION_CONTEXT(2) 
PARAMETRIC_REPRESENTATION_CONTEXT() REPRESENTATION_CONTEXT('2D SPACE',''
  ) );
#4306 = ADVANCED_FACE('',(#4307,#4355),#4219,.T.);
#4307 = FACE_BOUND('',#4308,.T.);
#4308 = EDGE_LOOP('',(#4309,#4310,#4311,#4334));
#4309 = ORIENTED_EDGE('',*,*,#4205,.F.);
#4310 = ORIENTED_EDGE('',*,*,#4258,.T.);
#4311 = ORIENTED_EDGE('',*,*,#4312,.T.);
#4312 = EDGE_CURVE('',#4259,#4313,#4315,.T.);
#4313 = VERTEX_POINT('',#4314);
#4314 = CARTESIAN_POINT('',(101.6,101.6,12.7));
#4315 = SURFACE_CURVE('',#4316,(#4320,#4327),.PCURVE_S1.);
#4316 = LINE('',#4317,#4318);
#4317 = CARTESIAN_POINT('',(101.6,-101.6,12.7));
#4318 = VECTOR('',#4319,1.);
#4319 = DIRECTION('',(0.,1.,0.));
#4320 = PCURVE('',#4219,#4321);
#4321 = DEFINITIONAL_REPRESENTATION('',(#4322),#4326);
#4322 = LINE('',#4323,#4324);
#4323 = CARTESIAN_POINT('',(203.2,0.));
#4324 = VECTOR('',#4325,1.);
#4325 = DIRECTION('',(0.,1.));
#4326 = ( GEOMETRIC_REPRESENTATION_CONTEXT(2) 
PARAMETRIC_REPRESENTATION_CONTEXT() REPRESENTATION_CONTEXT('2D SPACE',''
  ) );
#4327 = PCURVE('',#4295,#4328);
#4328 = DEFINITIONAL_REPRESENTATION('',(#4329),#4333);
#4329 = LINE('',#4330,#4331);
#4330 = CARTESIAN_POINT('',(12.7,0.));
#4331 = VECTOR('',#4332,1.);
#4332 = DIRECTION('',(0.,-1.));
#4333 = ( GEOMETRIC_REPRESENTATION_CONTEXT(2) 
PARAMETRIC_REPRESENTATION_CONTEXT() REPRESENTATION_CONTEXT('2D SPACE',''
  ) );
#4334 = ORIENTED_EDGE('',*,*,#4335,.F.);
#4335 = EDGE_CURVE('',#4178,#4313,#4336,.T.);
#4336 = SURFACE_CURVE('',#4337,(#4341,#4348),.PCURVE_S1.);
#4337 = LINE('',#4338,#4339);
#4338 = CARTESIAN_POINT('',(-101.6,101.6,12.7));
#4339 = VECTOR('',#4340,1.);
#4340 = DIRECTION('',(1.,0.,0.));
#4341 = PCURVE('',#4219,#4342);
#4342 = DEFINITIONAL_REPRESENTATION('',(#4343),#4347);
#4343 = LINE('',#4344,#4345);
#4344 = CARTESIAN_POINT('',(0.,203.2));
#4345 = VECTOR('',#4346,1.);
#4346 = DIRECTION('',(1.,0.));
#4347 = ( GEOMETRIC_REPRESENTATION_CONTEXT(2) 
PARAMETRIC_REPRESENTATION_CONTEXT() REPRESENTATION_CONTEXT('2D SPACE',''
  ) );
#4348 = PCURVE('',#4193,#4349);
#4349 = DEFINITIONAL_REPRESENTATION('',(#4350),#4354);
#4350 = LINE('',#4351,#4352);
#4351 = CARTESIAN_POINT('',(12.7,0.));
#4352 = VECTOR('',#4353,1.);
#4353 = DIRECTION('',(0.,1.));
#4354 = ( GEOMETRIC_REPRESENTATION_CONTEXT(2) 
PARAMETRIC_REPRESENTATION_CONTEXT() REPRESENTATION_CONTEXT('2D SPACE',''
  ) );
#4355 = FACE_BOUND('',#4356,.T.);
#4356 = EDGE_LOOP('',(#4357,#4385,#4411,#4437));
#4357 = ORIENTED_EDGE('',*,*,#4358,.F.);
#4358 = EDGE_CURVE('',#4359,#4361,#4363,.T.);
#4359 = VERTEX_POINT('',#4360);
#4360 = CARTESIAN_POINT('',(-38.1,38.1,12.7));
#4361 = VERTEX_POINT('',#4362);
#4362 = CARTESIAN_POINT('',(-38.1,-38.1,12.7));
#4363 = SURFACE_CURVE('',#4364,(#4368,#4374),.PCURVE_S1.);
#4364 = LINE('',#4365,#4366);
#4365 = CARTESIAN_POINT('',(-38.1,-69.85,12.7));
#4366 = VECTOR('',#4367,1.);
#4367 = DIRECTION('',(0.,-1.,0.));
#4368 = PCURVE('',#4219,#4369);
#4369 = DEFINITIONAL_REPRESENTATION('',(#4370),#4373);
#4370 = B_SPLINE_CURVE_WITH_KNOTS('',1,(#4371,#4372),.UNSPECIFIED.,.F.,
  .F.,(2,2),(-107.95,-31.75),.PIECEWISE_BEZIER_KNOTS.);
#4371 = CARTESIAN_POINT('',(63.5,139.7));
#4372 = CARTESIAN_POINT('',(63.5,63.5));
#4373 = ( GEOMETRIC_REPRESENTATION_CONTEXT(2) 
PARAMETRIC_REPRESENTATION_CONTEXT() REPRESENTATION_CONTEXT('2D SPACE',''
  ) );
#4374 = PCURVE('',#4375,#4380);
#4375 = PLANE('',#4376);
#4376 = AXIS2_PLACEMENT_3D('',#4377,#4378,#4379);
#4377 = CARTESIAN_POINT('',(-38.1,-38.1,0.));
#4378 = DIRECTION('',(1.,0.,0.));
#4379 = DIRECTION('',(0.,0.,1.));
#4380 = DEFINITIONAL_REPRESENTATION('',(#4381),#4384);
#4381 = B_SPLINE_CURVE_WITH_KNOTS('',1,(#4382,#4383),.UNSPECIFIED.,.F.,
  .F.,(2,2),(-107.95,-31.75),.PIECEWISE_BEZIER_KNOTS.);
#4382 = CARTESIAN_POINT('',(12.7,-76.2));
#4383 = CARTESIAN_POINT('',(12.7,0.));
#4384 = ( GEOMETRIC_REPRESENTATION_CONTEXT(2) 
PARAMETRIC_REPRESENTATION_CONTEXT() REPRESENTATION_CONTEXT('2D SPACE',''
  ) );
#4385 = ORIENTED_EDGE('',*,*,#4386,.T.);
#4386 = EDGE_CURVE('',#4359,#4387,#4389,.T.);
#4387 = VERTEX_POINT('',#4388);
#4388 = CARTESIAN_POINT('',(38.1,38.1,12.7));
#4389 = SURFACE_CURVE('',#4390,(#4394,#4400),.PCURVE_S1.);
#4390 = LINE('',#4391,#4392);
#4391 = CARTESIAN_POINT('',(-69.85,38.1,12.7));
#4392 = VECTOR('',#4393,1.);
#4393 = DIRECTION('',(1.,0.,0.));
#4394 = PCURVE('',#4219,#4395);
#4395 = DEFINITIONAL_REPRESENTATION('',(#4396),#4399);
#4396 = B_SPLINE_CURVE_WITH_KNOTS('',1,(#4397,#4398),.UNSPECIFIED.,.F.,
  .F.,(2,2),(31.75,107.95),.PIECEWISE_BEZIER_KNOTS.);
#4397 = CARTESIAN_POINT('',(63.5,139.7));
#4398 = CARTESIAN_POINT('',(139.7,139.7));
#4399 = ( GEOMETRIC_REPRESENTATION_CONTEXT(2) 
PARAMETRIC_REPRESENTATION_CONTEXT() REPRESENTATION_CONTEXT('2D SPACE',''
  ) );
#4400 = PCURVE('',#4401,#4406);
#4401 = PLANE('',#4402);
#4402 = AXIS2_PLACEMENT_3D('',#4403,#4404,#4405);
#4403 = CARTESIAN_POINT('',(-38.1,38.1,0.));
#4404 = DIRECTION('',(0.,1.,0.));
#4405 = DIRECTION('',(0.,0.,1.));
#4406 = DEFINITIONAL_REPRESENTATION('',(#4407),#4410);
#4407 = B_SPLINE_CURVE_WITH_KNOTS('',1,(#4408,#4409),.UNSPECIFIED.,.F.,
  .F.,(2,2),(31.75,107.95),.PIECEWISE_BEZIER_KNOTS.);
#4408 = CARTESIAN_POINT('',(12.7,0.));
#4409 = CARTESIAN_POINT('',(12.7,76.2));
#4410 = ( GEOMETRIC_REPRESENTATION_CONTEXT(2) 
PARAMETRIC_REPRESENTATION_CONTEXT() REPRESENTATION_CONTEXT('2D SPACE',''
  ) );
#4411 = ORIENTED_EDGE('',*,*,#4412,.T.);
#4412 = EDGE_CURVE('',#4387,#4413,#4415,.T.);
#4413 = VERTEX_POINT('',#4414);
#4414 = CARTESIAN_POINT('',(38.1,-38.1,12.7));
#4415 = SURFACE_CURVE('',#4416,(#4420,#4426),.PCURVE_S1.);
#4416 = LINE('',#4417,#4418);
#4417 = CARTESIAN_POINT('',(38.1,-69.85,12.7));
#4418 = VECTOR('',#4419,1.);
#4419 = DIRECTION('',(0.,-1.,0.));
#4420 = PCURVE('',#4219,#4421);
#4421 = DEFINITIONAL_REPRESENTATION('',(#4422),#4425);
#4422 = B_SPLINE_CURVE_WITH_KNOTS('',1,(#4423,#4424),.UNSPECIFIED.,.F.,
  .F.,(2,2),(-107.95,-31.75),.PIECEWISE_BEZIER_KNOTS.);
#4423 = CARTESIAN_POINT('',(139.7,139.7));
#4424 = CARTESIAN_POINT('',(139.7,63.5));
#4425 = ( GEOMETRIC_REPRESENTATION_CONTEXT(2) 
PARAMETRIC_REPRESENTATION_CONTEXT() REPRESENTATION_CONTEXT('2D SPACE',''
  ) );
#4426 = PCURVE('',#4427,#4432);
#4427 = PLANE('',#4428);
#4428 = AXIS2_PLACEMENT_3D('',#4429,#4430,#4431);
#4429 = CARTESIAN_POINT('',(38.1,-38.1,0.));
#4430 = DIRECTION('',(1.,0.,0.));
#4431 = DIRECTION('',(0.,0.,1.));
#4432 = DEFINITIONAL_REPRESENTATION('',(#4433),#4436);
#4433 = B_SPLINE_CURVE_WITH_KNOTS('',1,(#4434,#4435),.UNSPECIFIED.,.F.,
  .F.,(2,2),(-107.95,-31.75),.PIECEWISE_BEZIER_KNOTS.);
#4434 = CARTESIAN_POINT('',(12.7,-76.2));
#4435 = CARTESIAN_POINT('',(12.7,0.));
#4436 = ( GEOMETRIC_REPRESENTATION_CONTEXT(2) 
PARAMETRIC_REPRESENTATION_CONTEXT() REPRESENTATION_CONTEXT('2D SPACE',''
  ) );
#4437 = ORIENTED_EDGE('',*,*,#4438,.F.);
#4438 = EDGE_CURVE('',#4361,#4413,#4439,.T.);
#4439 = SURFACE_CURVE('',#4440,(#4444,#4450),.PCURVE_S1.);
#4440 = LINE('',#4441,#4442);
#4441 = CARTESIAN_POINT('',(-69.85,-38.1,12.7));
#4442 = VECTOR('',#4443,1.);
#4443 = DIRECTION('',(1.,0.,0.));
#4444 = PCURVE('',#4219,#4445);
#4445 = DEFINITIONAL_REPRESENTATION('',(#4446),#4449);
#4446 = B_SPLINE_CURVE_WITH_KNOTS('',1,(#4447,#4448),.UNSPECIFIED.,.F.,
  .F.,(2,2),(31.75,107.95),.PIECEWISE_BEZIER_KNOTS.);
#4447 = CARTESIAN_POINT('',(63.5,63.5));
#4448 = CARTESIAN_POINT('',(139.7,63.5));
#4449 = ( GEOMETRIC_REPRESENTATION_CONTEXT(2) 
PARAMETRIC_REPRESENTATION_CONTEXT() REPRESENTATION_CONTEXT('2D SPACE',''
  ) );
#4450 = PCURVE('',#4451,#4456);
#4451 = PLANE('',#4452);
#4452 = AXIS2_PLACEMENT_3D('',#4453,#4454,#4455);
#4453 = CARTESIAN_POINT('',(-38.1,-38.1,0.));
#4454 = DIRECTION('',(0.,1.,0.));
#4455 = DIRECTION('',(0.,0.,1.));
#4456 = DEFINITIONAL_REPRESENTATION('',(#4457),#4460);
#4457 = B_SPLINE_CURVE_WITH_KNOTS('',1,(#4458,#4459),.UNSPECIFIED.,.F.,
  .F.,(2,2),(31.75,107.95),.PIECEWISE_BEZIER_KNOTS.);
#4458 = CARTESIAN_POINT('',(12.7,0.));
#4459 = CARTESIAN_POINT('',(12.7,76.2));
#4460 = ( GEOMETRIC_REPRESENTATION_CONTEXT(2) 
PARAMETRIC_REPRESENTATION_CONTEXT() REPRESENTATION_CONTEXT('2D SPACE',''
  ) );
#4461 = ADVANCED_FACE('',(#4462),#4193,.T.);
#4462 = FACE_BOUND('',#4463,.T.);
#4463 = EDGE_LOOP('',(#4464,#4487,#4488,#4489));
#4464 = ORIENTED_EDGE('',*,*,#4465,.F.);
#4465 = EDGE_CURVE('',#4150,#4466,#4468,.T.);
#4466 = VERTEX_POINT('',#4467);
#4467 = CARTESIAN_POINT('',(101.6,101.6,0.));
#4468 = SURFACE_CURVE('',#4469,(#4473,#4480),.PCURVE_S1.);
#4469 = LINE('',#4470,#4471);
#4470 = CARTESIAN_POINT('',(-101.6,101.6,0.));
#4471 = VECTOR('',#4472,1.);
#4472 = DIRECTION('',(1.,0.,0.));
#4473 = PCURVE('',#4193,#4474);
#4474 = DEFINITIONAL_REPRESENTATION('',(#4475),#4479);
#4475 = LINE('',#4476,#4477);
#4476 = CARTESIAN_POINT('',(0.,0.));
#4477 = VECTOR('',#4478,1.);
#4478 = DIRECTION('',(0.,1.));
#4479 = ( GEOMETRIC_REPRESENTATION_CONTEXT(2) 
PARAMETRIC_REPRESENTATION_CONTEXT() REPRESENTATION_CONTEXT('2D SPACE',''
  ) );
#4480 = PCURVE('',#4165,#4481);
#4481 = DEFINITIONAL_REPRESENTATION('',(#4482),#4486);
#4482 = LINE('',#4483,#4484);
#4483 = CARTESIAN_POINT('',(0.,203.2));
#4484 = VECTOR('',#4485,1.);
#4485 = DIRECTION('',(1.,0.));
#4486 = ( GEOMETRIC_REPRESENTATION_CONTEXT(2) 
PARAMETRIC_REPRESENTATION_CONTEXT() REPRESENTATION_CONTEXT('2D SPACE',''
  ) );
#4487 = ORIENTED_EDGE('',*,*,#4177,.T.);
#4488 = ORIENTED_EDGE('',*,*,#4335,.T.);
#4489 = ORIENTED_EDGE('',*,*,#4490,.F.);
#4490 = EDGE_CURVE('',#4466,#4313,#4491,.T.);
#4491 = SURFACE_CURVE('',#4492,(#4496,#4503),.PCURVE_S1.);
#4492 = LINE('',#4493,#4494);
#4493 = CARTESIAN_POINT('',(101.6,101.6,0.));
#4494 = VECTOR('',#4495,1.);
#4495 = DIRECTION('',(0.,0.,1.));
#4496 = PCURVE('',#4193,#4497);
#4497 = DEFINITIONAL_REPRESENTATION('',(#4498),#4502);
#4498 = LINE('',#4499,#4500);
#4499 = CARTESIAN_POINT('',(0.,203.2));
#4500 = VECTOR('',#4501,1.);
#4501 = DIRECTION('',(1.,0.));
#4502 = ( GEOMETRIC_REPRESENTATION_CONTEXT(2) 
PARAMETRIC_REPRESENTATION_CONTEXT() REPRESENTATION_CONTEXT('2D SPACE',''
  ) );
#4503 = PCURVE('',#4295,#4504);
#4504 = DEFINITIONAL_REPRESENTATION('',(#4505),#4509);
#4505 = LINE('',#4506,#4507);
#4506 = CARTESIAN_POINT('',(0.,-203.2));
#4507 = VECTOR('',#4508,1.);
#4508 = DIRECTION('',(1.,0.));
#4509 = ( GEOMETRIC_REPRESENTATION_CONTEXT(2) 
PARAMETRIC_REPRESENTATION_CONTEXT() REPRESENTATION_CONTEXT('2D SPACE',''
  ) );
#4510 = ADVANCED_FACE('',(#4511),#4165,.F.);
#4511 = FACE_BOUND('',#4512,.F.);
#4512 = EDGE_LOOP('',(#4513,#4514,#4515,#4536));
#4513 = ORIENTED_EDGE('',*,*,#4149,.F.);
#4514 = ORIENTED_EDGE('',*,*,#4234,.T.);
#4515 = ORIENTED_EDGE('',*,*,#4516,.T.);
#4516 = EDGE_CURVE('',#4235,#4466,#4517,.T.);
#4517 = SURFACE_CURVE('',#4518,(#4522,#4529),.PCURVE_S1.);
#4518 = LINE('',#4519,#4520);
#4519 = CARTESIAN_POINT('',(101.6,-101.6,0.));
#4520 = VECTOR('',#4521,1.);
#4521 = DIRECTION('',(0.,1.,0.));
#4522 = PCURVE('',#4165,#4523);
#4523 = DEFINITIONAL_REPRESENTATION('',(#4524),#4528);
#4524 = LINE('',#4525,#4526);
#4525 = CARTESIAN_POINT('',(203.2,0.));
#4526 = VECTOR('',#4527,1.);
#4527 = DIRECTION('',(0.,1.));
#4528 = ( GEOMETRIC_REPRESENTATION_CONTEXT(2) 
PARAMETRIC_REPRESENTATION_CONTEXT() REPRESENTATION_CONTEXT('2D SPACE',''
  ) );
#4529 = PCURVE('',#4295,#4530);
#4530 = DEFINITIONAL_REPRESENTATION('',(#4531),#4535);
#4531 = LINE('',#4532,#4533);
#4532 = CARTESIAN_POINT('',(0.,0.));
#4533 = VECTOR('',#4534,1.);
#4534 = DIRECTION('',(0.,-1.));
#4535 = ( GEOMETRIC_REPRESENTATION_CONTEXT(2) 
PARAMETRIC_REPRESENTATION_CONTEXT() REPRESENTATION_CONTEXT('2D SPACE',''
  ) );
#4536 = ORIENTED_EDGE('',*,*,#4465,.F.);
#4537 = ADVANCED_FACE('',(#4538),#4295,.T.);
#4538 = FACE_BOUND('',#4539,.T.);
#4539 = EDGE_LOOP('',(#4540,#4541,#4542,#4543));
#4540 = ORIENTED_EDGE('',*,*,#4281,.F.);
#4541 = ORIENTED_EDGE('',*,*,#4516,.T.);
#4542 = ORIENTED_EDGE('',*,*,#4490,.T.);
#4543 = ORIENTED_EDGE('',*,*,#4312,.F.);
#4544 = ADVANCED_FACE('',(#4545),#4375,.F.);
#4545 = FACE_BOUND('',#4546,.F.);
#4546 = EDGE_LOOP('',(#4547,#4570,#4571,#4594));
#4547 = ORIENTED_EDGE('',*,*,#4548,.F.);
#4548 = EDGE_CURVE('',#4361,#4549,#4551,.T.);
#4549 = VERTEX_POINT('',#4550);
#4550 = CARTESIAN_POINT('',(-38.1,-38.1,726.44));
#4551 = SURFACE_CURVE('',#4552,(#4556,#4563),.PCURVE_S1.);
#4552 = LINE('',#4553,#4554);
#4553 = CARTESIAN_POINT('',(-38.1,-38.1,0.));
#4554 = VECTOR('',#4555,1.);
#4555 = DIRECTION('',(0.,0.,1.));
#4556 = PCURVE('',#4375,#4557);
#4557 = DEFINITIONAL_REPRESENTATION('',(#4558),#4562);
#4558 = LINE('',#4559,#4560);
#4559 = CARTESIAN_POINT('',(0.,0.));
#4560 = VECTOR('',#4561,1.);
#4561 = DIRECTION('',(1.,0.));
#4562 = ( GEOMETRIC_REPRESENTATION_CONTEXT(2) 
PARAMETRIC_REPRESENTATION_CONTEXT() REPRESENTATION_CONTEXT('2D SPACE',''
  ) );
#4563 = PCURVE('',#4451,#4564);
#4564 = DEFINITIONAL_REPRESENTATION('',(#4565),#4569);
#4565 = LINE('',#4566,#4567);
#4566 = CARTESIAN_POINT('',(0.,0.));
#4567 = VECTOR('',#4568,1.);
#4568 = DIRECTION('',(1.,0.));
#4569 = ( GEOMETRIC_REPRESENTATION_CONTEXT(2) 
PARAMETRIC_REPRESENTATION_CONTEXT() REPRESENTATION_CONTEXT('2D SPACE',''
  ) );
#4570 = ORIENTED_EDGE('',*,*,#4358,.F.);
#4571 = ORIENTED_EDGE('',*,*,#4572,.T.);
#4572 = EDGE_CURVE('',#4359,#4573,#4575,.T.);
#4573 = VERTEX_POINT('',#4574);
#4574 = CARTESIAN_POINT('',(-38.1,38.1,726.44));
#4575 = SURFACE_CURVE('',#4576,(#4580,#4587),.PCURVE_S1.);
#4576 = LINE('',#4577,#4578);
#4577 = CARTESIAN_POINT('',(-38.1,38.1,0.));
#4578 = VECTOR('',#4579,1.);
#4579 = DIRECTION('',(0.,0.,1.));
#4580 = PCURVE('',#4375,#4581);
#4581 = DEFINITIONAL_REPRESENTATION('',(#4582),#4586);
#4582 = LINE('',#4583,#4584);
#4583 = CARTESIAN_POINT('',(0.,-76.2));
#4584 = VECTOR('',#4585,1.);
#4585 = DIRECTION('',(1.,0.));
#4586 = ( GEOMETRIC_REPRESENTATION_CONTEXT(2) 
PARAMETRIC_REPRESENTATION_CONTEXT() REPRESENTATION_CONTEXT('2D SPACE',''
  ) );
#4587 = PCURVE('',#4401,#4588);
#4588 = DEFINITIONAL_REPRESENTATION('',(#4589),#4593);
#4589 = LINE('',#4590,#4591);
#4590 = CARTESIAN_POINT('',(0.,0.));
#4591 = VECTOR('',#4592,1.);
#4592 = DIRECTION('',(1.,0.));
#4593 = ( GEOMETRIC_REPRESENTATION_CONTEXT(2) 
PARAMETRIC_REPRESENTATION_CONTEXT() REPRESENTATION_CONTEXT('2D SPACE',''
  ) );
#4594 = ORIENTED_EDGE('',*,*,#4595,.F.);
#4595 = EDGE_CURVE('',#4549,#4573,#4596,.T.);
#4596 = SURFACE_CURVE('',#4597,(#4601,#4608),.PCURVE_S1.);
#4597 = LINE('',#4598,#4599);
#4598 = CARTESIAN_POINT('',(-38.1,-38.1,726.44));
#4599 = VECTOR('',#4600,1.);
#4600 = DIRECTION('',(0.,1.,0.));
#4601 = PCURVE('',#4375,#4602);
#4602 = DEFINITIONAL_REPRESENTATION('',(#4603),#4607);
#4603 = LINE('',#4604,#4605);
#4604 = CARTESIAN_POINT('',(726.44,0.));
#4605 = VECTOR('',#4606,1.);
#4606 = DIRECTION('',(0.,-1.));
#4607 = ( GEOMETRIC_REPRESENTATION_CONTEXT(2) 
PARAMETRIC_REPRESENTATION_CONTEXT() REPRESENTATION_CONTEXT('2D SPACE',''
  ) );
#4608 = PCURVE('',#4609,#4614);
#4609 = PLANE('',#4610);
#4610 = AXIS2_PLACEMENT_3D('',#4611,#4612,#4613);
#4611 = CARTESIAN_POINT('',(-38.1,-38.1,726.44));
#4612 = DIRECTION('',(0.,0.,1.));
#4613 = DIRECTION('',(1.,0.,0.));
#4614 = DEFINITIONAL_REPRESENTATION('',(#4615),#4619);
#4615 = LINE('',#4616,#4617);
#4616 = CARTESIAN_POINT('',(0.,0.));
#4617 = VECTOR('',#4618,1.);
#4618 = DIRECTION('',(0.,1.));
#4619 = ( GEOMETRIC_REPRESENTATION_CONTEXT(2) 
PARAMETRIC_REPRESENTATION_CONTEXT() REPRESENTATION_CONTEXT('2D SPACE',''
  ) );
#4620 = ADVANCED_FACE('',(#4621),#4451,.F.);
#4621 = FACE_BOUND('',#4622,.F.);
#4622 = EDGE_LOOP('',(#4623,#4646,#4647,#4648));
#4623 = ORIENTED_EDGE('',*,*,#4624,.F.);
#4624 = EDGE_CURVE('',#4413,#4625,#4627,.T.);
#4625 = VERTEX_POINT('',#4626);
#4626 = CARTESIAN_POINT('',(38.1,-38.1,726.44));
#4627 = SURFACE_CURVE('',#4628,(#4632,#4639),.PCURVE_S1.);
#4628 = LINE('',#4629,#4630);
#4629 = CARTESIAN_POINT('',(38.1,-38.1,0.));
#4630 = VECTOR('',#4631,1.);
#4631 = DIRECTION('',(0.,0.,1.));
#4632 = PCURVE('',#4451,#4633);
#4633 = DEFINITIONAL_REPRESENTATION('',(#4634),#4638);
#4634 = LINE('',#4635,#4636);
#4635 = CARTESIAN_POINT('',(0.,76.2));
#4636 = VECTOR('',#4637,1.);
#4637 = DIRECTION('',(1.,0.));
#4638 = ( GEOMETRIC_REPRESENTATION_CONTEXT(2) 
PARAMETRIC_REPRESENTATION_CONTEXT() REPRESENTATION_CONTEXT('2D SPACE',''
  ) );
#4639 = PCURVE('',#4427,#4640);
#4640 = DEFINITIONAL_REPRESENTATION('',(#4641),#4645);
#4641 = LINE('',#4642,#4643);
#4642 = CARTESIAN_POINT('',(0.,0.));
#4643 = VECTOR('',#4644,1.);
#4644 = DIRECTION('',(1.,0.));
#4645 = ( GEOMETRIC_REPRESENTATION_CONTEXT(2) 
PARAMETRIC_REPRESENTATION_CONTEXT() REPRESENTATION_CONTEXT('2D SPACE',''
  ) );
#4646 = ORIENTED_EDGE('',*,*,#4438,.F.);
#4647 = ORIENTED_EDGE('',*,*,#4548,.T.);
#4648 = ORIENTED_EDGE('',*,*,#4649,.T.);
#4649 = EDGE_CURVE('',#4549,#4625,#4650,.T.);
#4650 = SURFACE_CURVE('',#4651,(#4655,#4662),.PCURVE_S1.);
#4651 = LINE('',#4652,#4653);
#4652 = CARTESIAN_POINT('',(-38.1,-38.1,726.44));
#4653 = VECTOR('',#4654,1.);
#4654 = DIRECTION('',(1.,0.,0.));
#4655 = PCURVE('',#4451,#4656);
#4656 = DEFINITIONAL_REPRESENTATION('',(#4657),#4661);
#4657 = LINE('',#4658,#4659);
#4658 = CARTESIAN_POINT('',(726.44,0.));
#4659 = VECTOR('',#4660,1.);
#4660 = DIRECTION('',(0.,1.));
#4661 = ( GEOMETRIC_REPRESENTATION_CONTEXT(2) 
PARAMETRIC_REPRESENTATION_CONTEXT() REPRESENTATION_CONTEXT('2D SPACE',''
  ) );
#4662 = PCURVE('',#4609,#4663);
#4663 = DEFINITIONAL_REPRESENTATION('',(#4664),#4668);
#4664 = LINE('',#4665,#4666);
#4665 = CARTESIAN_POINT('',(0.,0.));
#4666 = VECTOR('',#4667,1.);
#4667 = DIRECTION('',(1.,0.));
#4668 = ( GEOMETRIC_REPRESENTATION_CONTEXT(2) 
PARAMETRIC_REPRESENTATION_CONTEXT() REPRESENTATION_CONTEXT('2D SPACE',''
  ) );
#4669 = ADVANCED_FACE('',(#4670),#4427,.T.);
#4670 = FACE_BOUND('',#4671,.T.);
#4671 = EDGE_LOOP('',(#4672,#4673,#4674,#4697));
#4672 = ORIENTED_EDGE('',*,*,#4624,.F.);
#4673 = ORIENTED_EDGE('',*,*,#4412,.F.);
#4674 = ORIENTED_EDGE('',*,*,#4675,.T.);
#4675 = EDGE_CURVE('',#4387,#4676,#4678,.T.);
#4676 = VERTEX_POINT('',#4677);
#4677 = CARTESIAN_POINT('',(38.1,38.1,726.44));
#4678 = SURFACE_CURVE('',#4679,(#4683,#4690),.PCURVE_S1.);
#4679 = LINE('',#4680,#4681);
#4680 = CARTESIAN_POINT('',(38.1,38.1,0.));
#4681 = VECTOR('',#4682,1.);
#4682 = DIRECTION('',(0.,0.,1.));
#4683 = PCURVE('',#4427,#4684);
#4684 = DEFINITIONAL_REPRESENTATION('',(#4685),#4689);
#4685 = LINE('',#4686,#4687);
#4686 = CARTESIAN_POINT('',(0.,-76.2));
#4687 = VECTOR('',#4688,1.);
#4688 = DIRECTION('',(1.,0.));
#4689 = ( GEOMETRIC_REPRESENTATION_CONTEXT(2) 
PARAMETRIC_REPRESENTATION_CONTEXT() REPRESENTATION_CONTEXT('2D SPACE',''
  ) );
#4690 = PCURVE('',#4401,#4691);
#4691 = DEFINITIONAL_REPRESENTATION('',(#4692),#4696);
#4692 = LINE('',#4693,#4694);
#4693 = CARTESIAN_POINT('',(0.,76.2));
#4694 = VECTOR('',#4695,1.);
#4695 = DIRECTION('',(1.,0.));
#4696 = ( GEOMETRIC_REPRESENTATION_CONTEXT(2) 
PARAMETRIC_REPRESENTATION_CONTEXT() REPRESENTATION_CONTEXT('2D SPACE',''
  ) );
#4697 = ORIENTED_EDGE('',*,*,#4698,.F.);
#4698 = EDGE_CURVE('',#4625,#4676,#4699,.T.);
#4699 = SURFACE_CURVE('',#4700,(#4704,#4711),.PCURVE_S1.);
#4700 = LINE('',#4701,#4702);
#4701 = CARTESIAN_POINT('',(38.1,-38.1,726.44));
#4702 = VECTOR('',#4703,1.);
#4703 = DIRECTION('',(0.,1.,0.));
#4704 = PCURVE('',#4427,#4705);
#4705 = DEFINITIONAL_REPRESENTATION('',(#4706),#4710);
#4706 = LINE('',#4707,#4708);
#4707 = CARTESIAN_POINT('',(726.44,0.));
#4708 = VECTOR('',#4709,1.);
#4709 = DIRECTION('',(0.,-1.));
#4710 = ( GEOMETRIC_REPRESENTATION_CONTEXT(2) 
PARAMETRIC_REPRESENTATION_CONTEXT() REPRESENTATION_CONTEXT('2D SPACE',''
  ) );
#4711 = PCURVE('',#4609,#4712);
#4712 = DEFINITIONAL_REPRESENTATION('',(#4713),#4717);
#4713 = LINE('',#4714,#4715);
#4714 = CARTESIAN_POINT('',(76.2,0.));
#4715 = VECTOR('',#4716,1.);
#4716 = DIRECTION('',(0.,1.));
#4717 = ( GEOMETRIC_REPRESENTATION_CONTEXT(2) 
PARAMETRIC_REPRESENTATION_CONTEXT() REPRESENTATION_CONTEXT('2D SPACE',''
  ) );
#4718 = ADVANCED_FACE('',(#4719),#4401,.T.);
#4719 = FACE_BOUND('',#4720,.T.);
#4720 = EDGE_LOOP('',(#4721,#4722,#4723,#4724));
#4721 = ORIENTED_EDGE('',*,*,#4675,.F.);
#4722 = ORIENTED_EDGE('',*,*,#4386,.F.);
#4723 = ORIENTED_EDGE('',*,*,#4572,.T.);
#4724 = ORIENTED_EDGE('',*,*,#4725,.T.);
#4725 = EDGE_CURVE('',#4573,#4676,#4726,.T.);
#4726 = SURFACE_CURVE('',#4727,(#4731,#4738),.PCURVE_S1.);
#4727 = LINE('',#4728,#4729);
#4728 = CARTESIAN_POINT('',(-38.1,38.1,726.44));
#4729 = VECTOR('',#4730,1.);
#4730 = DIRECTION('',(1.,0.,0.));
#4731 = PCURVE('',#4401,#4732);
#4732 = DEFINITIONAL_REPRESENTATION('',(#4733),#4737);
#4733 = LINE('',#4734,#4735);
#4734 = CARTESIAN_POINT('',(726.44,0.));
#4735 = VECTOR('',#4736,1.);
#4736 = DIRECTION('',(0.,1.));
#4737 = ( GEOMETRIC_REPRESENTATION_CONTEXT(2) 
PARAMETRIC_REPRESENTATION_CONTEXT() REPRESENTATION_CONTEXT('2D SPACE',''
  ) );
#4738 = PCURVE('',#4609,#4739);
#4739 = DEFINITIONAL_REPRESENTATION('',(#4740),#4744);
#4740 = LINE('',#4741,#4742);
#4741 = CARTESIAN_POINT('',(0.,76.2));
#4742 = VECTOR('',#4743,1.);
#4743 = DIRECTION('',(1.,0.));
#4744 = ( GEOMETRIC_REPRESENTATION_CONTEXT(2) 
PARAMETRIC_REPRESENTATION_CONTEXT() REPRESENTATION_CONTEXT('2D SPACE',''
  ) );
#4745 = ADVANCED_FACE('',(#4746),#4609,.T.);
#4746 = FACE_BOUND('',#4747,.T.);
#4747 = EDGE_LOOP('',(#4748,#4749,#4750,#4751));
#4748 = ORIENTED_EDGE('',*,*,#4595,.F.);
#4749 = ORIENTED_EDGE('',*,*,#4649,.T.);
#4750 = ORIENTED_EDGE('',*,*,#4698,.T.);
#4751 = ORIENTED_EDGE('',*,*,#4725,.F.);
#4752 = ( GEOMETRIC_REPRESENTATION_CONTEXT(3) 
GLOBAL_UNCERTAINTY_ASSIGNED_CONTEXT((#4756)) 
GLOBAL_UNIT_ASSIGNED_CONTEXT((#4753,#4754,#4755)) REPRESENTATION_CONTEXT
('Context #1','3D Context with UNIT and UNCERTAINTY') );
#4753 = ( LENGTH_UNIT() NAMED_UNIT(*) SI_UNIT(.MILLI.,.METRE.) );
#4754 = ( NAMED_UNIT(*) PLANE_ANGLE_UNIT() SI_UNIT($,.RADIAN.) );
#4755 = ( NAMED_UNIT(*) SI_UNIT($,.STERADIAN.) SOLID_ANGLE_UNIT() );
#4756 = UNCERTAINTY_MEASURE_WITH_UNIT(LENGTH_MEASURE(1.E-07),#4753,
  'distance_accuracy_value','confusion accuracy');
#4757 = CONTEXT_DEPENDENT_SHAPE_REPRESENTATION(#4758,#4760);
#4758 = ( REPRESENTATION_RELATIONSHIP('','',#4107,#10) 
REPRESENTATION_RELATIONSHIP_WITH_TRANSFORMATION(#4759) 
SHAPE_REPRESENTATION_RELATIONSHIP() );
#4759 = ITEM_DEFINED_TRANSFORMATION('','',#11,#67);
#4760 = PRODUCT_DEFINITION_SHAPE('Placement','Placement of an item',
  #4761);
#4761 = NEXT_ASSEMBLY_USAGE_OCCURRENCE('14','stabilizer:front_right','',
  #5,#4102,$);
#4762 = PRODUCT_RELATED_PRODUCT_CATEGORY('part',$,(#4104));
#4763 = SHAPE_DEFINITION_REPRESENTATION(#4764,#4770);
#4764 = PRODUCT_DEFINITION_SHAPE('','',#4765);
#4765 = PRODUCT_DEFINITION('design','',#4766,#4769);
#4766 = PRODUCT_DEFINITION_FORMATION('','',#4767);
#4767 = PRODUCT('stabilizer:rear_left','stabilizer:rear_left','',(#4768)
  );
#4768 = PRODUCT_CONTEXT('',#2,'mechanical');
#4769 = PRODUCT_DEFINITION_CONTEXT('part definition',#2,'design');
#4770 = ADVANCED_BREP_SHAPE_REPRESENTATION('',(#11,#4771),#5415);
#4771 = MANIFOLD_SOLID_BREP('',#4772);
#4772 = CLOSED_SHELL('',(#4773,#4893,#4969,#5124,#5173,#5200,#5207,#5283
    ,#5332,#5381,#5408));
#4773 = ADVANCED_FACE('',(#4774),#4788,.F.);
#4774 = FACE_BOUND('',#4775,.F.);
#4775 = EDGE_LOOP('',(#4776,#4811,#4839,#4867));
#4776 = ORIENTED_EDGE('',*,*,#4777,.F.);
#4777 = EDGE_CURVE('',#4778,#4780,#4782,.T.);
#4778 = VERTEX_POINT('',#4779);
#4779 = CARTESIAN_POINT('',(-101.6,-101.6,0.));
#4780 = VERTEX_POINT('',#4781);
#4781 = CARTESIAN_POINT('',(-101.6,-101.6,12.7));
#4782 = SURFACE_CURVE('',#4783,(#4787,#4799),.PCURVE_S1.);
#4783 = LINE('',#4784,#4785);
#4784 = CARTESIAN_POINT('',(-101.6,-101.6,0.));
#4785 = VECTOR('',#4786,1.);
#4786 = DIRECTION('',(0.,0.,1.));
#4787 = PCURVE('',#4788,#4793);
#4788 = PLANE('',#4789);
#4789 = AXIS2_PLACEMENT_3D('',#4790,#4791,#4792);
#4790 = CARTESIAN_POINT('',(-101.6,-101.6,0.));
#4791 = DIRECTION('',(1.,0.,0.));
#4792 = DIRECTION('',(0.,0.,1.));
#4793 = DEFINITIONAL_REPRESENTATION('',(#4794),#4798);
#4794 = LINE('',#4795,#4796);
#4795 = CARTESIAN_POINT('',(0.,0.));
#4796 = VECTOR('',#4797,1.);
#4797 = DIRECTION('',(1.,0.));
#4798 = ( GEOMETRIC_REPRESENTATION_CONTEXT(2) 
PARAMETRIC_REPRESENTATION_CONTEXT() REPRESENTATION_CONTEXT('2D SPACE',''
  ) );
#4799 = PCURVE('',#4800,#4805);
#4800 = PLANE('',#4801);
#4801 = AXIS2_PLACEMENT_3D('',#4802,#4803,#4804);
#4802 = CARTESIAN_POINT('',(-101.6,-101.6,0.));
#4803 = DIRECTION('',(0.,1.,0.));
#4804 = DIRECTION('',(0.,0.,1.));
#4805 = DEFINITIONAL_REPRESENTATION('',(#4806),#4810);
#4806 = LINE('',#4807,#4808);
#4807 = CARTESIAN_POINT('',(0.,0.));
#4808 = VECTOR('',#4809,1.);
#4809 = DIRECTION('',(1.,0.));
#4810 = ( GEOMETRIC_REPRESENTATION_CONTEXT(2) 
PARAMETRIC_REPRESENTATION_CONTEXT() REPRESENTATION_CONTEXT('2D SPACE',''
  ) );
#4811 = ORIENTED_EDGE('',*,*,#4812,.T.);
#4812 = EDGE_CURVE('',#4778,#4813,#4815,.T.);
#4813 = VERTEX_POINT('',#4814);
#4814 = CARTESIAN_POINT('',(-101.6,101.6,0.));
#4815 = SURFACE_CURVE('',#4816,(#4820,#4827),.PCURVE_S1.);
#4816 = LINE('',#4817,#4818);
#4817 = CARTESIAN_POINT('',(-101.6,-101.6,0.));
#4818 = VECTOR('',#4819,1.);
#4819 = DIRECTION('',(0.,1.,0.));
#4820 = PCURVE('',#4788,#4821);
#4821 = DEFINITIONAL_REPRESENTATION('',(#4822),#4826);
#4822 = LINE('',#4823,#4824);
#4823 = CARTESIAN_POINT('',(0.,0.));
#4824 = VECTOR('',#4825,1.);
#4825 = DIRECTION('',(0.,-1.));
#4826 = ( GEOMETRIC_REPRESENTATION_CONTEXT(2) 
PARAMETRIC_REPRESENTATION_CONTEXT() REPRESENTATION_CONTEXT('2D SPACE',''
  ) );
#4827 = PCURVE('',#4828,#4833);
#4828 = PLANE('',#4829);
#4829 = AXIS2_PLACEMENT_3D('',#4830,#4831,#4832);
#4830 = CARTESIAN_POINT('',(-101.6,-101.6,0.));
#4831 = DIRECTION('',(0.,0.,1.));
#4832 = DIRECTION('',(1.,0.,0.));
#4833 = DEFINITIONAL_REPRESENTATION('',(#4834),#4838);
#4834 = LINE('',#4835,#4836);
#4835 = CARTESIAN_POINT('',(0.,0.));
#4836 = VECTOR('',#4837,1.);
#4837 = DIRECTION('',(0.,1.));
#4838 = ( GEOMETRIC_REPRESENTATION_CONTEXT(2) 
PARAMETRIC_REPRESENTATION_CONTEXT() REPRESENTATION_CONTEXT('2D SPACE',''
  ) );
#4839 = ORIENTED_EDGE('',*,*,#4840,.T.);
#4840 = EDGE_CURVE('',#4813,#4841,#4843,.T.);
#4841 = VERTEX_POINT('',#4842);
#4842 = CARTESIAN_POINT('',(-101.6,101.6,12.7));
#4843 = SURFACE_CURVE('',#4844,(#4848,#4855),.PCURVE_S1.);
#4844 = LINE('',#4845,#4846);
#4845 = CARTESIAN_POINT('',(-101.6,101.6,0.));
#4846 = VECTOR('',#4847,1.);
#4847 = DIRECTION('',(0.,0.,1.));
#4848 = PCURVE('',#4788,#4849);
#4849 = DEFINITIONAL_REPRESENTATION('',(#4850),#4854);
#4850 = LINE('',#4851,#4852);
#4851 = CARTESIAN_POINT('',(0.,-203.2));
#4852 = VECTOR('',#4853,1.);
#4853 = DIRECTION('',(1.,0.));
#4854 = ( GEOMETRIC_REPRESENTATION_CONTEXT(2) 
PARAMETRIC_REPRESENTATION_CONTEXT() REPRESENTATION_CONTEXT('2D SPACE',''
  ) );
#4855 = PCURVE('',#4856,#4861);
#4856 = PLANE('',#4857);
#4857 = AXIS2_PLACEMENT_3D('',#4858,#4859,#4860);
#4858 = CARTESIAN_POINT('',(-101.6,101.6,0.));
#4859 = DIRECTION('',(0.,1.,0.));
#4860 = DIRECTION('',(0.,0.,1.));
#4861 = DEFINITIONAL_REPRESENTATION('',(#4862),#4866);
#4862 = LINE('',#4863,#4864);
#4863 = CARTESIAN_POINT('',(0.,0.));
#4864 = VECTOR('',#4865,1.);
#4865 = DIRECTION('',(1.,0.));
#4866 = ( GEOMETRIC_REPRESENTATION_CONTEXT(2) 
PARAMETRIC_REPRESENTATION_CONTEXT() REPRESENTATION_CONTEXT('2D SPACE',''
  ) );
#4867 = ORIENTED_EDGE('',*,*,#4868,.F.);
#4868 = EDGE_CURVE('',#4780,#4841,#4869,.T.);
#4869 = SURFACE_CURVE('',#4870,(#4874,#4881),.PCURVE_S1.);
#4870 = LINE('',#4871,#4872);
#4871 = CARTESIAN_POINT('',(-101.6,-101.6,12.7));
#4872 = VECTOR('',#4873,1.);
#4873 = DIRECTION('',(0.,1.,0.));
#4874 = PCURVE('',#4788,#4875);
#4875 = DEFINITIONAL_REPRESENTATION('',(#4876),#4880);
#4876 = LINE('',#4877,#4878);
#4877 = CARTESIAN_POINT('',(12.7,0.));
#4878 = VECTOR('',#4879,1.);
#4879 = DIRECTION('',(0.,-1.));
#4880 = ( GEOMETRIC_REPRESENTATION_CONTEXT(2) 
PARAMETRIC_REPRESENTATION_CONTEXT() REPRESENTATION_CONTEXT('2D SPACE',''
  ) );
#4881 = PCURVE('',#4882,#4887);
#4882 = PLANE('',#4883);
#4883 = AXIS2_PLACEMENT_3D('',#4884,#4885,#4886);
#4884 = CARTESIAN_POINT('',(-101.6,-101.6,12.7));
#4885 = DIRECTION('',(0.,0.,1.));
#4886 = DIRECTION('',(1.,0.,0.));
#4887 = DEFINITIONAL_REPRESENTATION('',(#4888),#4892);
#4888 = LINE('',#4889,#4890);
#4889 = CARTESIAN_POINT('',(0.,0.));
#4890 = VECTOR('',#4891,1.);
#4891 = DIRECTION('',(0.,1.));
#4892 = ( GEOMETRIC_REPRESENTATION_CONTEXT(2) 
PARAMETRIC_REPRESENTATION_CONTEXT() REPRESENTATION_CONTEXT('2D SPACE',''
  ) );
#4893 = ADVANCED_FACE('',(#4894),#4800,.F.);
#4894 = FACE_BOUND('',#4895,.F.);
#4895 = EDGE_LOOP('',(#4896,#4919,#4920,#4943));
#4896 = ORIENTED_EDGE('',*,*,#4897,.F.);
#4897 = EDGE_CURVE('',#4778,#4898,#4900,.T.);
#4898 = VERTEX_POINT('',#4899);
#4899 = CARTESIAN_POINT('',(101.6,-101.6,0.));
#4900 = SURFACE_CURVE('',#4901,(#4905,#4912),.PCURVE_S1.);
#4901 = LINE('',#4902,#4903);
#4902 = CARTESIAN_POINT('',(-101.6,-101.6,0.));
#4903 = VECTOR('',#4904,1.);
#4904 = DIRECTION('',(1.,0.,0.));
#4905 = PCURVE('',#4800,#4906);
#4906 = DEFINITIONAL_REPRESENTATION('',(#4907),#4911);
#4907 = LINE('',#4908,#4909);
#4908 = CARTESIAN_POINT('',(0.,0.));
#4909 = VECTOR('',#4910,1.);
#4910 = DIRECTION('',(0.,1.));
#4911 = ( GEOMETRIC_REPRESENTATION_CONTEXT(2) 
PARAMETRIC_REPRESENTATION_CONTEXT() REPRESENTATION_CONTEXT('2D SPACE',''
  ) );
#4912 = PCURVE('',#4828,#4913);
#4913 = DEFINITIONAL_REPRESENTATION('',(#4914),#4918);
#4914 = LINE('',#4915,#4916);
#4915 = CARTESIAN_POINT('',(0.,0.));
#4916 = VECTOR('',#4917,1.);
#4917 = DIRECTION('',(1.,0.));
#4918 = ( GEOMETRIC_REPRESENTATION_CONTEXT(2) 
PARAMETRIC_REPRESENTATION_CONTEXT() REPRESENTATION_CONTEXT('2D SPACE',''
  ) );
#4919 = ORIENTED_EDGE('',*,*,#4777,.T.);
#4920 = ORIENTED_EDGE('',*,*,#4921,.T.);
#4921 = EDGE_CURVE('',#4780,#4922,#4924,.T.);
#4922 = VERTEX_POINT('',#4923);
#4923 = CARTESIAN_POINT('',(101.6,-101.6,12.7));
#4924 = SURFACE_CURVE('',#4925,(#4929,#4936),.PCURVE_S1.);
#4925 = LINE('',#4926,#4927);
#4926 = CARTESIAN_POINT('',(-101.6,-101.6,12.7));
#4927 = VECTOR('',#4928,1.);
#4928 = DIRECTION('',(1.,0.,0.));
#4929 = PCURVE('',#4800,#4930);
#4930 = DEFINITIONAL_REPRESENTATION('',(#4931),#4935);
#4931 = LINE('',#4932,#4933);
#4932 = CARTESIAN_POINT('',(12.7,0.));
#4933 = VECTOR('',#4934,1.);
#4934 = DIRECTION('',(0.,1.));
#4935 = ( GEOMETRIC_REPRESENTATION_CONTEXT(2) 
PARAMETRIC_REPRESENTATION_CONTEXT() REPRESENTATION_CONTEXT('2D SPACE',''
  ) );
#4936 = PCURVE('',#4882,#4937);
#4937 = DEFINITIONAL_REPRESENTATION('',(#4938),#4942);
#4938 = LINE('',#4939,#4940);
#4939 = CARTESIAN_POINT('',(0.,0.));
#4940 = VECTOR('',#4941,1.);
#4941 = DIRECTION('',(1.,0.));
#4942 = ( GEOMETRIC_REPRESENTATION_CONTEXT(2) 
PARAMETRIC_REPRESENTATION_CONTEXT() REPRESENTATION_CONTEXT('2D SPACE',''
  ) );
#4943 = ORIENTED_EDGE('',*,*,#4944,.F.);
#4944 = EDGE_CURVE('',#4898,#4922,#4945,.T.);
#4945 = SURFACE_CURVE('',#4946,(#4950,#4957),.PCURVE_S1.);
#4946 = LINE('',#4947,#4948);
#4947 = CARTESIAN_POINT('',(101.6,-101.6,0.));
#4948 = VECTOR('',#4949,1.);
#4949 = DIRECTION('',(0.,0.,1.));
#4950 = PCURVE('',#4800,#4951);
#4951 = DEFINITIONAL_REPRESENTATION('',(#4952),#4956);
#4952 = LINE('',#4953,#4954);
#4953 = CARTESIAN_POINT('',(0.,203.2));
#4954 = VECTOR('',#4955,1.);
#4955 = DIRECTION('',(1.,0.));
#4956 = ( GEOMETRIC_REPRESENTATION_CONTEXT(2) 
PARAMETRIC_REPRESENTATION_CONTEXT() REPRESENTATION_CONTEXT('2D SPACE',''
  ) );
#4957 = PCURVE('',#4958,#4963);
#4958 = PLANE('',#4959);
#4959 = AXIS2_PLACEMENT_3D('',#4960,#4961,#4962);
#4960 = CARTESIAN_POINT('',(101.6,-101.6,0.));
#4961 = DIRECTION('',(1.,0.,0.));
#4962 = DIRECTION('',(0.,0.,1.));
#4963 = DEFINITIONAL_REPRESENTATION('',(#4964),#4968);
#4964 = LINE('',#4965,#4966);
#4965 = CARTESIAN_POINT('',(0.,0.));
#4966 = VECTOR('',#4967,1.);
#4967 = DIRECTION('',(1.,0.));
#4968 = ( GEOMETRIC_REPRESENTATION_CONTEXT(2) 
PARAMETRIC_REPRESENTATION_CONTEXT() REPRESENTATION_CONTEXT('2D SPACE',''
  ) );
#4969 = ADVANCED_FACE('',(#4970,#5018),#4882,.T.);
#4970 = FACE_BOUND('',#4971,.T.);
#4971 = EDGE_LOOP('',(#4972,#4973,#4974,#4997));
#4972 = ORIENTED_EDGE('',*,*,#4868,.F.);
#4973 = ORIENTED_EDGE('',*,*,#4921,.T.);
#4974 = ORIENTED_EDGE('',*,*,#4975,.T.);
#4975 = EDGE_CURVE('',#4922,#4976,#4978,.T.);
#4976 = VERTEX_POINT('',#4977);
#4977 = CARTESIAN_POINT('',(101.6,101.6,12.7));
#4978 = SURFACE_CURVE('',#4979,(#4983,#4990),.PCURVE_S1.);
#4979 = LINE('',#4980,#4981);
#4980 = CARTESIAN_POINT('',(101.6,-101.6,12.7));
#4981 = VECTOR('',#4982,1.);
#4982 = DIRECTION('',(0.,1.,0.));
#4983 = PCURVE('',#4882,#4984);
#4984 = DEFINITIONAL_REPRESENTATION('',(#4985),#4989);
#4985 = LINE('',#4986,#4987);
#4986 = CARTESIAN_POINT('',(203.2,0.));
#4987 = VECTOR('',#4988,1.);
#4988 = DIRECTION('',(0.,1.));
#4989 = ( GEOMETRIC_REPRESENTATION_CONTEXT(2) 
PARAMETRIC_REPRESENTATION_CONTEXT() REPRESENTATION_CONTEXT('2D SPACE',''
  ) );
#4990 = PCURVE('',#4958,#4991);
#4991 = DEFINITIONAL_REPRESENTATION('',(#4992),#4996);
#4992 = LINE('',#4993,#4994);
#4993 = CARTESIAN_POINT('',(12.7,0.));
#4994 = VECTOR('',#4995,1.);
#4995 = DIRECTION('',(0.,-1.));
#4996 = ( GEOMETRIC_REPRESENTATION_CONTEXT(2) 
PARAMETRIC_REPRESENTATION_CONTEXT() REPRESENTATION_CONTEXT('2D SPACE',''
  ) );
#4997 = ORIENTED_EDGE('',*,*,#4998,.F.);
#4998 = EDGE_CURVE('',#4841,#4976,#4999,.T.);
#4999 = SURFACE_CURVE('',#5000,(#5004,#5011),.PCURVE_S1.);
#5000 = LINE('',#5001,#5002);
#5001 = CARTESIAN_POINT('',(-101.6,101.6,12.7));
#5002 = VECTOR('',#5003,1.);
#5003 = DIRECTION('',(1.,0.,0.));
#5004 = PCURVE('',#4882,#5005);
#5005 = DEFINITIONAL_REPRESENTATION('',(#5006),#5010);
#5006 = LINE('',#5007,#5008);
#5007 = CARTESIAN_POINT('',(0.,203.2));
#5008 = VECTOR('',#5009,1.);
#5009 = DIRECTION('',(1.,0.));
#5010 = ( GEOMETRIC_REPRESENTATION_CONTEXT(2) 
PARAMETRIC_REPRESENTATION_CONTEXT() REPRESENTATION_CONTEXT('2D SPACE',''
  ) );
#5011 = PCURVE('',#4856,#5012);
#5012 = DEFINITIONAL_REPRESENTATION('',(#5013),#5017);
#5013 = LINE('',#5014,#5015);
#5014 = CARTESIAN_POINT('',(12.7,0.));
#5015 = VECTOR('',#5016,1.);
#5016 = DIRECTION('',(0.,1.));
#5017 = ( GEOMETRIC_REPRESENTATION_CONTEXT(2) 
PARAMETRIC_REPRESENTATION_CONTEXT() REPRESENTATION_CONTEXT('2D SPACE',''
  ) );
#5018 = FACE_BOUND('',#5019,.T.);
#5019 = EDGE_LOOP('',(#5020,#5048,#5074,#5100));
#5020 = ORIENTED_EDGE('',*,*,#5021,.F.);
#5021 = EDGE_CURVE('',#5022,#5024,#5026,.T.);
#5022 = VERTEX_POINT('',#5023);
#5023 = CARTESIAN_POINT('',(-38.1,38.1,12.7));
#5024 = VERTEX_POINT('',#5025);
#5025 = CARTESIAN_POINT('',(-38.1,-38.1,12.7));
#5026 = SURFACE_CURVE('',#5027,(#5031,#5037),.PCURVE_S1.);
#5027 = LINE('',#5028,#5029);
#5028 = CARTESIAN_POINT('',(-38.1,-69.85,12.7));
#5029 = VECTOR('',#5030,1.);
#5030 = DIRECTION('',(0.,-1.,0.));
#5031 = PCURVE('',#4882,#5032);
#5032 = DEFINITIONAL_REPRESENTATION('',(#5033),#5036);
#5033 = B_SPLINE_CURVE_WITH_KNOTS('',1,(#5034,#5035),.UNSPECIFIED.,.F.,
  .F.,(2,2),(-107.95,-31.75),.PIECEWISE_BEZIER_KNOTS.);
#5034 = CARTESIAN_POINT('',(63.5,139.7));
#5035 = CARTESIAN_POINT('',(63.5,63.5));
#5036 = ( GEOMETRIC_REPRESENTATION_CONTEXT(2) 
PARAMETRIC_REPRESENTATION_CONTEXT() REPRESENTATION_CONTEXT('2D SPACE',''
  ) );
#5037 = PCURVE('',#5038,#5043);
#5038 = PLANE('',#5039);
#5039 = AXIS2_PLACEMENT_3D('',#5040,#5041,#5042);
#5040 = CARTESIAN_POINT('',(-38.1,-38.1,0.));
#5041 = DIRECTION('',(1.,0.,0.));
#5042 = DIRECTION('',(0.,0.,1.));
#5043 = DEFINITIONAL_REPRESENTATION('',(#5044),#5047);
#5044 = B_SPLINE_CURVE_WITH_KNOTS('',1,(#5045,#5046),.UNSPECIFIED.,.F.,
  .F.,(2,2),(-107.95,-31.75),.PIECEWISE_BEZIER_KNOTS.);
#5045 = CARTESIAN_POINT('',(12.7,-76.2));
#5046 = CARTESIAN_POINT('',(12.7,0.));
#5047 = ( GEOMETRIC_REPRESENTATION_CONTEXT(2) 
PARAMETRIC_REPRESENTATION_CONTEXT() REPRESENTATION_CONTEXT('2D SPACE',''
  ) );
#5048 = ORIENTED_EDGE('',*,*,#5049,.T.);
#5049 = EDGE_CURVE('',#5022,#5050,#5052,.T.);
#5050 = VERTEX_POINT('',#5051);
#5051 = CARTESIAN_POINT('',(38.1,38.1,12.7));
#5052 = SURFACE_CURVE('',#5053,(#5057,#5063),.PCURVE_S1.);
#5053 = LINE('',#5054,#5055);
#5054 = CARTESIAN_POINT('',(-69.85,38.1,12.7));
#5055 = VECTOR('',#5056,1.);
#5056 = DIRECTION('',(1.,0.,0.));
#5057 = PCURVE('',#4882,#5058);
#5058 = DEFINITIONAL_REPRESENTATION('',(#5059),#5062);
#5059 = B_SPLINE_CURVE_WITH_KNOTS('',1,(#5060,#5061),.UNSPECIFIED.,.F.,
  .F.,(2,2),(31.75,107.95),.PIECEWISE_BEZIER_KNOTS.);
#5060 = CARTESIAN_POINT('',(63.5,139.7));
#5061 = CARTESIAN_POINT('',(139.7,139.7));
#5062 = ( GEOMETRIC_REPRESENTATION_CONTEXT(2) 
PARAMETRIC_REPRESENTATION_CONTEXT() REPRESENTATION_CONTEXT('2D SPACE',''
  ) );
#5063 = PCURVE('',#5064,#5069);
#5064 = PLANE('',#5065);
#5065 = AXIS2_PLACEMENT_3D('',#5066,#5067,#5068);
#5066 = CARTESIAN_POINT('',(-38.1,38.1,0.));
#5067 = DIRECTION('',(0.,1.,0.));
#5068 = DIRECTION('',(0.,0.,1.));
#5069 = DEFINITIONAL_REPRESENTATION('',(#5070),#5073);
#5070 = B_SPLINE_CURVE_WITH_KNOTS('',1,(#5071,#5072),.UNSPECIFIED.,.F.,
  .F.,(2,2),(31.75,107.95),.PIECEWISE_BEZIER_KNOTS.);
#5071 = CARTESIAN_POINT('',(12.7,0.));
#5072 = CARTESIAN_POINT('',(12.7,76.2));
#5073 = ( GEOMETRIC_REPRESENTATION_CONTEXT(2) 
PARAMETRIC_REPRESENTATION_CONTEXT() REPRESENTATION_CONTEXT('2D SPACE',''
  ) );
#5074 = ORIENTED_EDGE('',*,*,#5075,.T.);
#5075 = EDGE_CURVE('',#5050,#5076,#5078,.T.);
#5076 = VERTEX_POINT('',#5077);
#5077 = CARTESIAN_POINT('',(38.1,-38.1,12.7));
#5078 = SURFACE_CURVE('',#5079,(#5083,#5089),.PCURVE_S1.);
#5079 = LINE('',#5080,#5081);
#5080 = CARTESIAN_POINT('',(38.1,-69.85,12.7));
#5081 = VECTOR('',#5082,1.);
#5082 = DIRECTION('',(0.,-1.,0.));
#5083 = PCURVE('',#4882,#5084);
#5084 = DEFINITIONAL_REPRESENTATION('',(#5085),#5088);
#5085 = B_SPLINE_CURVE_WITH_KNOTS('',1,(#5086,#5087),.UNSPECIFIED.,.F.,
  .F.,(2,2),(-107.95,-31.75),.PIECEWISE_BEZIER_KNOTS.);
#5086 = CARTESIAN_POINT('',(139.7,139.7));
#5087 = CARTESIAN_POINT('',(139.7,63.5));
#5088 = ( GEOMETRIC_REPRESENTATION_CONTEXT(2) 
PARAMETRIC_REPRESENTATION_CONTEXT() REPRESENTATION_CONTEXT('2D SPACE',''
  ) );
#5089 = PCURVE('',#5090,#5095);
#5090 = PLANE('',#5091);
#5091 = AXIS2_PLACEMENT_3D('',#5092,#5093,#5094);
#5092 = CARTESIAN_POINT('',(38.1,-38.1,0.));
#5093 = DIRECTION('',(1.,0.,0.));
#5094 = DIRECTION('',(0.,0.,1.));
#5095 = DEFINITIONAL_REPRESENTATION('',(#5096),#5099);
#5096 = B_SPLINE_CURVE_WITH_KNOTS('',1,(#5097,#5098),.UNSPECIFIED.,.F.,
  .F.,(2,2),(-107.95,-31.75),.PIECEWISE_BEZIER_KNOTS.);
#5097 = CARTESIAN_POINT('',(12.7,-76.2));
#5098 = CARTESIAN_POINT('',(12.7,0.));
#5099 = ( GEOMETRIC_REPRESENTATION_CONTEXT(2) 
PARAMETRIC_REPRESENTATION_CONTEXT() REPRESENTATION_CONTEXT('2D SPACE',''
  ) );
#5100 = ORIENTED_EDGE('',*,*,#5101,.F.);
#5101 = EDGE_CURVE('',#5024,#5076,#5102,.T.);
#5102 = SURFACE_CURVE('',#5103,(#5107,#5113),.PCURVE_S1.);
#5103 = LINE('',#5104,#5105);
#5104 = CARTESIAN_POINT('',(-69.85,-38.1,12.7));
#5105 = VECTOR('',#5106,1.);
#5106 = DIRECTION('',(1.,0.,0.));
#5107 = PCURVE('',#4882,#5108);
#5108 = DEFINITIONAL_REPRESENTATION('',(#5109),#5112);
#5109 = B_SPLINE_CURVE_WITH_KNOTS('',1,(#5110,#5111),.UNSPECIFIED.,.F.,
  .F.,(2,2),(31.75,107.95),.PIECEWISE_BEZIER_KNOTS.);
#5110 = CARTESIAN_POINT('',(63.5,63.5));
#5111 = CARTESIAN_POINT('',(139.7,63.5));
#5112 = ( GEOMETRIC_REPRESENTATION_CONTEXT(2) 
PARAMETRIC_REPRESENTATION_CONTEXT() REPRESENTATION_CONTEXT('2D SPACE',''
  ) );
#5113 = PCURVE('',#5114,#5119);
#5114 = PLANE('',#5115);
#5115 = AXIS2_PLACEMENT_3D('',#5116,#5117,#5118);
#5116 = CARTESIAN_POINT('',(-38.1,-38.1,0.));
#5117 = DIRECTION('',(0.,1.,0.));
#5118 = DIRECTION('',(0.,0.,1.));
#5119 = DEFINITIONAL_REPRESENTATION('',(#5120),#5123);
#5120 = B_SPLINE_CURVE_WITH_KNOTS('',1,(#5121,#5122),.UNSPECIFIED.,.F.,
  .F.,(2,2),(31.75,107.95),.PIECEWISE_BEZIER_KNOTS.);
#5121 = CARTESIAN_POINT('',(12.7,0.));
#5122 = CARTESIAN_POINT('',(12.7,76.2));
#5123 = ( GEOMETRIC_REPRESENTATION_CONTEXT(2) 
PARAMETRIC_REPRESENTATION_CONTEXT() REPRESENTATION_CONTEXT('2D SPACE',''
  ) );
#5124 = ADVANCED_FACE('',(#5125),#4856,.T.);
#5125 = FACE_BOUND('',#5126,.T.);
#5126 = EDGE_LOOP('',(#5127,#5150,#5151,#5152));
#5127 = ORIENTED_EDGE('',*,*,#5128,.F.);
#5128 = EDGE_CURVE('',#4813,#5129,#5131,.T.);
#5129 = VERTEX_POINT('',#5130);
#5130 = CARTESIAN_POINT('',(101.6,101.6,0.));
#5131 = SURFACE_CURVE('',#5132,(#5136,#5143),.PCURVE_S1.);
#5132 = LINE('',#5133,#5134);
#5133 = CARTESIAN_POINT('',(-101.6,101.6,0.));
#5134 = VECTOR('',#5135,1.);
#5135 = DIRECTION('',(1.,0.,0.));
#5136 = PCURVE('',#4856,#5137);
#5137 = DEFINITIONAL_REPRESENTATION('',(#5138),#5142);
#5138 = LINE('',#5139,#5140);
#5139 = CARTESIAN_POINT('',(0.,0.));
#5140 = VECTOR('',#5141,1.);
#5141 = DIRECTION('',(0.,1.));
#5142 = ( GEOMETRIC_REPRESENTATION_CONTEXT(2) 
PARAMETRIC_REPRESENTATION_CONTEXT() REPRESENTATION_CONTEXT('2D SPACE',''
  ) );
#5143 = PCURVE('',#4828,#5144);
#5144 = DEFINITIONAL_REPRESENTATION('',(#5145),#5149);
#5145 = LINE('',#5146,#5147);
#5146 = CARTESIAN_POINT('',(0.,203.2));
#5147 = VECTOR('',#5148,1.);
#5148 = DIRECTION('',(1.,0.));
#5149 = ( GEOMETRIC_REPRESENTATION_CONTEXT(2) 
PARAMETRIC_REPRESENTATION_CONTEXT() REPRESENTATION_CONTEXT('2D SPACE',''
  ) );
#5150 = ORIENTED_EDGE('',*,*,#4840,.T.);
#5151 = ORIENTED_EDGE('',*,*,#4998,.T.);
#5152 = ORIENTED_EDGE('',*,*,#5153,.F.);
#5153 = EDGE_CURVE('',#5129,#4976,#5154,.T.);
#5154 = SURFACE_CURVE('',#5155,(#5159,#5166),.PCURVE_S1.);
#5155 = LINE('',#5156,#5157);
#5156 = CARTESIAN_POINT('',(101.6,101.6,0.));
#5157 = VECTOR('',#5158,1.);
#5158 = DIRECTION('',(0.,0.,1.));
#5159 = PCURVE('',#4856,#5160);
#5160 = DEFINITIONAL_REPRESENTATION('',(#5161),#5165);
#5161 = LINE('',#5162,#5163);
#5162 = CARTESIAN_POINT('',(0.,203.2));
#5163 = VECTOR('',#5164,1.);
#5164 = DIRECTION('',(1.,0.));
#5165 = ( GEOMETRIC_REPRESENTATION_CONTEXT(2) 
PARAMETRIC_REPRESENTATION_CONTEXT() REPRESENTATION_CONTEXT('2D SPACE',''
  ) );
#5166 = PCURVE('',#4958,#5167);
#5167 = DEFINITIONAL_REPRESENTATION('',(#5168),#5172);
#5168 = LINE('',#5169,#5170);
#5169 = CARTESIAN_POINT('',(0.,-203.2));
#5170 = VECTOR('',#5171,1.);
#5171 = DIRECTION('',(1.,0.));
#5172 = ( GEOMETRIC_REPRESENTATION_CONTEXT(2) 
PARAMETRIC_REPRESENTATION_CONTEXT() REPRESENTATION_CONTEXT('2D SPACE',''
  ) );
#5173 = ADVANCED_FACE('',(#5174),#4828,.F.);
#5174 = FACE_BOUND('',#5175,.F.);
#5175 = EDGE_LOOP('',(#5176,#5177,#5178,#5199));
#5176 = ORIENTED_EDGE('',*,*,#4812,.F.);
#5177 = ORIENTED_EDGE('',*,*,#4897,.T.);
#5178 = ORIENTED_EDGE('',*,*,#5179,.T.);
#5179 = EDGE_CURVE('',#4898,#5129,#5180,.T.);
#5180 = SURFACE_CURVE('',#5181,(#5185,#5192),.PCURVE_S1.);
#5181 = LINE('',#5182,#5183);
#5182 = CARTESIAN_POINT('',(101.6,-101.6,0.));
#5183 = VECTOR('',#5184,1.);
#5184 = DIRECTION('',(0.,1.,0.));
#5185 = PCURVE('',#4828,#5186);
#5186 = DEFINITIONAL_REPRESENTATION('',(#5187),#5191);
#5187 = LINE('',#5188,#5189);
#5188 = CARTESIAN_POINT('',(203.2,0.));
#5189 = VECTOR('',#5190,1.);
#5190 = DIRECTION('',(0.,1.));
#5191 = ( GEOMETRIC_REPRESENTATION_CONTEXT(2) 
PARAMETRIC_REPRESENTATION_CONTEXT() REPRESENTATION_CONTEXT('2D SPACE',''
  ) );
#5192 = PCURVE('',#4958,#5193);
#5193 = DEFINITIONAL_REPRESENTATION('',(#5194),#5198);
#5194 = LINE('',#5195,#5196);
#5195 = CARTESIAN_POINT('',(0.,0.));
#5196 = VECTOR('',#5197,1.);
#5197 = DIRECTION('',(0.,-1.));
#5198 = ( GEOMETRIC_REPRESENTATION_CONTEXT(2) 
PARAMETRIC_REPRESENTATION_CONTEXT() REPRESENTATION_CONTEXT('2D SPACE',''
  ) );
#5199 = ORIENTED_EDGE('',*,*,#5128,.F.);
#5200 = ADVANCED_FACE('',(#5201),#4958,.T.);
#5201 = FACE_BOUND('',#5202,.T.);
#5202 = EDGE_LOOP('',(#5203,#5204,#5205,#5206));
#5203 = ORIENTED_EDGE('',*,*,#4944,.F.);
#5204 = ORIENTED_EDGE('',*,*,#5179,.T.);
#5205 = ORIENTED_EDGE('',*,*,#5153,.T.);
#5206 = ORIENTED_EDGE('',*,*,#4975,.F.);
#5207 = ADVANCED_FACE('',(#5208),#5038,.F.);
#5208 = FACE_BOUND('',#5209,.F.);
#5209 = EDGE_LOOP('',(#5210,#5233,#5234,#5257));
#5210 = ORIENTED_EDGE('',*,*,#5211,.F.);
#5211 = EDGE_CURVE('',#5024,#5212,#5214,.T.);
#5212 = VERTEX_POINT('',#5213);
#5213 = CARTESIAN_POINT('',(-38.1,-38.1,726.44));
#5214 = SURFACE_CURVE('',#5215,(#5219,#5226),.PCURVE_S1.);
#5215 = LINE('',#5216,#5217);
#5216 = CARTESIAN_POINT('',(-38.1,-38.1,0.));
#5217 = VECTOR('',#5218,1.);
#5218 = DIRECTION('',(0.,0.,1.));
#5219 = PCURVE('',#5038,#5220);
#5220 = DEFINITIONAL_REPRESENTATION('',(#5221),#5225);
#5221 = LINE('',#5222,#5223);
#5222 = CARTESIAN_POINT('',(0.,0.));
#5223 = VECTOR('',#5224,1.);
#5224 = DIRECTION('',(1.,0.));
#5225 = ( GEOMETRIC_REPRESENTATION_CONTEXT(2) 
PARAMETRIC_REPRESENTATION_CONTEXT() REPRESENTATION_CONTEXT('2D SPACE',''
  ) );
#5226 = PCURVE('',#5114,#5227);
#5227 = DEFINITIONAL_REPRESENTATION('',(#5228),#5232);
#5228 = LINE('',#5229,#5230);
#5229 = CARTESIAN_POINT('',(0.,0.));
#5230 = VECTOR('',#5231,1.);
#5231 = DIRECTION('',(1.,0.));
#5232 = ( GEOMETRIC_REPRESENTATION_CONTEXT(2) 
PARAMETRIC_REPRESENTATION_CONTEXT() REPRESENTATION_CONTEXT('2D SPACE',''
  ) );
#5233 = ORIENTED_EDGE('',*,*,#5021,.F.);
#5234 = ORIENTED_EDGE('',*,*,#5235,.T.);
#5235 = EDGE_CURVE('',#5022,#5236,#5238,.T.);
#5236 = VERTEX_POINT('',#5237);
#5237 = CARTESIAN_POINT('',(-38.1,38.1,726.44));
#5238 = SURFACE_CURVE('',#5239,(#5243,#5250),.PCURVE_S1.);
#5239 = LINE('',#5240,#5241);
#5240 = CARTESIAN_POINT('',(-38.1,38.1,0.));
#5241 = VECTOR('',#5242,1.);
#5242 = DIRECTION('',(0.,0.,1.));
#5243 = PCURVE('',#5038,#5244);
#5244 = DEFINITIONAL_REPRESENTATION('',(#5245),#5249);
#5245 = LINE('',#5246,#5247);
#5246 = CARTESIAN_POINT('',(0.,-76.2));
#5247 = VECTOR('',#5248,1.);
#5248 = DIRECTION('',(1.,0.));
#5249 = ( GEOMETRIC_REPRESENTATION_CONTEXT(2) 
PARAMETRIC_REPRESENTATION_CONTEXT() REPRESENTATION_CONTEXT('2D SPACE',''
  ) );
#5250 = PCURVE('',#5064,#5251);
#5251 = DEFINITIONAL_REPRESENTATION('',(#5252),#5256);
#5252 = LINE('',#5253,#5254);
#5253 = CARTESIAN_POINT('',(0.,0.));
#5254 = VECTOR('',#5255,1.);
#5255 = DIRECTION('',(1.,0.));
#5256 = ( GEOMETRIC_REPRESENTATION_CONTEXT(2) 
PARAMETRIC_REPRESENTATION_CONTEXT() REPRESENTATION_CONTEXT('2D SPACE',''
  ) );
#5257 = ORIENTED_EDGE('',*,*,#5258,.F.);
#5258 = EDGE_CURVE('',#5212,#5236,#5259,.T.);
#5259 = SURFACE_CURVE('',#5260,(#5264,#5271),.PCURVE_S1.);
#5260 = LINE('',#5261,#5262);
#5261 = CARTESIAN_POINT('',(-38.1,-38.1,726.44));
#5262 = VECTOR('',#5263,1.);
#5263 = DIRECTION('',(0.,1.,0.));
#5264 = PCURVE('',#5038,#5265);
#5265 = DEFINITIONAL_REPRESENTATION('',(#5266),#5270);
#5266 = LINE('',#5267,#5268);
#5267 = CARTESIAN_POINT('',(726.44,0.));
#5268 = VECTOR('',#5269,1.);
#5269 = DIRECTION('',(0.,-1.));
#5270 = ( GEOMETRIC_REPRESENTATION_CONTEXT(2) 
PARAMETRIC_REPRESENTATION_CONTEXT() REPRESENTATION_CONTEXT('2D SPACE',''
  ) );
#5271 = PCURVE('',#5272,#5277);
#5272 = PLANE('',#5273);
#5273 = AXIS2_PLACEMENT_3D('',#5274,#5275,#5276);
#5274 = CARTESIAN_POINT('',(-38.1,-38.1,726.44));
#5275 = DIRECTION('',(0.,0.,1.));
#5276 = DIRECTION('',(1.,0.,0.));
#5277 = DEFINITIONAL_REPRESENTATION('',(#5278),#5282);
#5278 = LINE('',#5279,#5280);
#5279 = CARTESIAN_POINT('',(0.,0.));
#5280 = VECTOR('',#5281,1.);
#5281 = DIRECTION('',(0.,1.));
#5282 = ( GEOMETRIC_REPRESENTATION_CONTEXT(2) 
PARAMETRIC_REPRESENTATION_CONTEXT() REPRESENTATION_CONTEXT('2D SPACE',''
  ) );
#5283 = ADVANCED_FACE('',(#5284),#5114,.F.);
#5284 = FACE_BOUND('',#5285,.F.);
#5285 = EDGE_LOOP('',(#5286,#5309,#5310,#5311));
#5286 = ORIENTED_EDGE('',*,*,#5287,.F.);
#5287 = EDGE_CURVE('',#5076,#5288,#5290,.T.);
#5288 = VERTEX_POINT('',#5289);
#5289 = CARTESIAN_POINT('',(38.1,-38.1,726.44));
#5290 = SURFACE_CURVE('',#5291,(#5295,#5302),.PCURVE_S1.);
#5291 = LINE('',#5292,#5293);
#5292 = CARTESIAN_POINT('',(38.1,-38.1,0.));
#5293 = VECTOR('',#5294,1.);
#5294 = DIRECTION('',(0.,0.,1.));
#5295 = PCURVE('',#5114,#5296);
#5296 = DEFINITIONAL_REPRESENTATION('',(#5297),#5301);
#5297 = LINE('',#5298,#5299);
#5298 = CARTESIAN_POINT('',(0.,76.2));
#5299 = VECTOR('',#5300,1.);
#5300 = DIRECTION('',(1.,0.));
#5301 = ( GEOMETRIC_REPRESENTATION_CONTEXT(2) 
PARAMETRIC_REPRESENTATION_CONTEXT() REPRESENTATION_CONTEXT('2D SPACE',''
  ) );
#5302 = PCURVE('',#5090,#5303);
#5303 = DEFINITIONAL_REPRESENTATION('',(#5304),#5308);
#5304 = LINE('',#5305,#5306);
#5305 = CARTESIAN_POINT('',(0.,0.));
#5306 = VECTOR('',#5307,1.);
#5307 = DIRECTION('',(1.,0.));
#5308 = ( GEOMETRIC_REPRESENTATION_CONTEXT(2) 
PARAMETRIC_REPRESENTATION_CONTEXT() REPRESENTATION_CONTEXT('2D SPACE',''
  ) );
#5309 = ORIENTED_EDGE('',*,*,#5101,.F.);
#5310 = ORIENTED_EDGE('',*,*,#5211,.T.);
#5311 = ORIENTED_EDGE('',*,*,#5312,.T.);
#5312 = EDGE_CURVE('',#5212,#5288,#5313,.T.);
#5313 = SURFACE_CURVE('',#5314,(#5318,#5325),.PCURVE_S1.);
#5314 = LINE('',#5315,#5316);
#5315 = CARTESIAN_POINT('',(-38.1,-38.1,726.44));
#5316 = VECTOR('',#5317,1.);
#5317 = DIRECTION('',(1.,0.,0.));
#5318 = PCURVE('',#5114,#5319);
#5319 = DEFINITIONAL_REPRESENTATION('',(#5320),#5324);
#5320 = LINE('',#5321,#5322);
#5321 = CARTESIAN_POINT('',(726.44,0.));
#5322 = VECTOR('',#5323,1.);
#5323 = DIRECTION('',(0.,1.));
#5324 = ( GEOMETRIC_REPRESENTATION_CONTEXT(2) 
PARAMETRIC_REPRESENTATION_CONTEXT() REPRESENTATION_CONTEXT('2D SPACE',''
  ) );
#5325 = PCURVE('',#5272,#5326);
#5326 = DEFINITIONAL_REPRESENTATION('',(#5327),#5331);
#5327 = LINE('',#5328,#5329);
#5328 = CARTESIAN_POINT('',(0.,0.));
#5329 = VECTOR('',#5330,1.);
#5330 = DIRECTION('',(1.,0.));
#5331 = ( GEOMETRIC_REPRESENTATION_CONTEXT(2) 
PARAMETRIC_REPRESENTATION_CONTEXT() REPRESENTATION_CONTEXT('2D SPACE',''
  ) );
#5332 = ADVANCED_FACE('',(#5333),#5090,.T.);
#5333 = FACE_BOUND('',#5334,.T.);
#5334 = EDGE_LOOP('',(#5335,#5336,#5337,#5360));
#5335 = ORIENTED_EDGE('',*,*,#5287,.F.);
#5336 = ORIENTED_EDGE('',*,*,#5075,.F.);
#5337 = ORIENTED_EDGE('',*,*,#5338,.T.);
#5338 = EDGE_CURVE('',#5050,#5339,#5341,.T.);
#5339 = VERTEX_POINT('',#5340);
#5340 = CARTESIAN_POINT('',(38.1,38.1,726.44));
#5341 = SURFACE_CURVE('',#5342,(#5346,#5353),.PCURVE_S1.);
#5342 = LINE('',#5343,#5344);
#5343 = CARTESIAN_POINT('',(38.1,38.1,0.));
#5344 = VECTOR('',#5345,1.);
#5345 = DIRECTION('',(0.,0.,1.));
#5346 = PCURVE('',#5090,#5347);
#5347 = DEFINITIONAL_REPRESENTATION('',(#5348),#5352);
#5348 = LINE('',#5349,#5350);
#5349 = CARTESIAN_POINT('',(0.,-76.2));
#5350 = VECTOR('',#5351,1.);
#5351 = DIRECTION('',(1.,0.));
#5352 = ( GEOMETRIC_REPRESENTATION_CONTEXT(2) 
PARAMETRIC_REPRESENTATION_CONTEXT() REPRESENTATION_CONTEXT('2D SPACE',''
  ) );
#5353 = PCURVE('',#5064,#5354);
#5354 = DEFINITIONAL_REPRESENTATION('',(#5355),#5359);
#5355 = LINE('',#5356,#5357);
#5356 = CARTESIAN_POINT('',(0.,76.2));
#5357 = VECTOR('',#5358,1.);
#5358 = DIRECTION('',(1.,0.));
#5359 = ( GEOMETRIC_REPRESENTATION_CONTEXT(2) 
PARAMETRIC_REPRESENTATION_CONTEXT() REPRESENTATION_CONTEXT('2D SPACE',''
  ) );
#5360 = ORIENTED_EDGE('',*,*,#5361,.F.);
#5361 = EDGE_CURVE('',#5288,#5339,#5362,.T.);
#5362 = SURFACE_CURVE('',#5363,(#5367,#5374),.PCURVE_S1.);
#5363 = LINE('',#5364,#5365);
#5364 = CARTESIAN_POINT('',(38.1,-38.1,726.44));
#5365 = VECTOR('',#5366,1.);
#5366 = DIRECTION('',(0.,1.,0.));
#5367 = PCURVE('',#5090,#5368);
#5368 = DEFINITIONAL_REPRESENTATION('',(#5369),#5373);
#5369 = LINE('',#5370,#5371);
#5370 = CARTESIAN_POINT('',(726.44,0.));
#5371 = VECTOR('',#5372,1.);
#5372 = DIRECTION('',(0.,-1.));
#5373 = ( GEOMETRIC_REPRESENTATION_CONTEXT(2) 
PARAMETRIC_REPRESENTATION_CONTEXT() REPRESENTATION_CONTEXT('2D SPACE',''
  ) );
#5374 = PCURVE('',#5272,#5375);
#5375 = DEFINITIONAL_REPRESENTATION('',(#5376),#5380);
#5376 = LINE('',#5377,#5378);
#5377 = CARTESIAN_POINT('',(76.2,0.));
#5378 = VECTOR('',#5379,1.);
#5379 = DIRECTION('',(0.,1.));
#5380 = ( GEOMETRIC_REPRESENTATION_CONTEXT(2) 
PARAMETRIC_REPRESENTATION_CONTEXT() REPRESENTATION_CONTEXT('2D SPACE',''
  ) );
#5381 = ADVANCED_FACE('',(#5382),#5064,.T.);
#5382 = FACE_BOUND('',#5383,.T.);
#5383 = EDGE_LOOP('',(#5384,#5385,#5386,#5387));
#5384 = ORIENTED_EDGE('',*,*,#5338,.F.);
#5385 = ORIENTED_EDGE('',*,*,#5049,.F.);
#5386 = ORIENTED_EDGE('',*,*,#5235,.T.);
#5387 = ORIENTED_EDGE('',*,*,#5388,.T.);
#5388 = EDGE_CURVE('',#5236,#5339,#5389,.T.);
#5389 = SURFACE_CURVE('',#5390,(#5394,#5401),.PCURVE_S1.);
#5390 = LINE('',#5391,#5392);
#5391 = CARTESIAN_POINT('',(-38.1,38.1,726.44));
#5392 = VECTOR('',#5393,1.);
#5393 = DIRECTION('',(1.,0.,0.));
#5394 = PCURVE('',#5064,#5395);
#5395 = DEFINITIONAL_REPRESENTATION('',(#5396),#5400);
#5396 = LINE('',#5397,#5398);
#5397 = CARTESIAN_POINT('',(726.44,0.));
#5398 = VECTOR('',#5399,1.);
#5399 = DIRECTION('',(0.,1.));
#5400 = ( GEOMETRIC_REPRESENTATION_CONTEXT(2) 
PARAMETRIC_REPRESENTATION_CONTEXT() REPRESENTATION_CONTEXT('2D SPACE',''
  ) );
#5401 = PCURVE('',#5272,#5402);
#5402 = DEFINITIONAL_REPRESENTATION('',(#5403),#5407);
#5403 = LINE('',#5404,#5405);
#5404 = CARTESIAN_POINT('',(0.,76.2));
#5405 = VECTOR('',#5406,1.);
#5406 = DIRECTION('',(1.,0.));
#5407 = ( GEOMETRIC_REPRESENTATION_CONTEXT(2) 
PARAMETRIC_REPRESENTATION_CONTEXT() REPRESENTATION_CONTEXT('2D SPACE',''
  ) );
#5408 = ADVANCED_FACE('',(#5409),#5272,.T.);
#5409 = FACE_BOUND('',#5410,.T.);
#5410 = EDGE_LOOP('',(#5411,#5412,#5413,#5414));
#5411 = ORIENTED_EDGE('',*,*,#5258,.F.);
#5412 = ORIENTED_EDGE('',*,*,#5312,.T.);
#5413 = ORIENTED_EDGE('',*,*,#5361,.T.);
#5414 = ORIENTED_EDGE('',*,*,#5388,.F.);
#5415 = ( GEOMETRIC_REPRESENTATION_CONTEXT(3) 
GLOBAL_UNCERTAINTY_ASSIGNED_CONTEXT((#5419)) 
GLOBAL_UNIT_ASSIGNED_CONTEXT((#5416,#5417,#5418)) REPRESENTATION_CONTEXT
('Context #1','3D Context with UNIT and UNCERTAINTY') );
#5416 = ( LENGTH_UNIT() NAMED_UNIT(*) SI_UNIT(.MILLI.,.METRE.) );
#5417 = ( NAMED_UNIT(*) PLANE_ANGLE_UNIT() SI_UNIT($,.RADIAN.) );
#5418 = ( NAMED_UNIT(*) SI_UNIT($,.STERADIAN.) SOLID_ANGLE_UNIT() );
#5419 = UNCERTAINTY_MEASURE_WITH_UNIT(LENGTH_MEASURE(1.E-07),#5416,
  'distance_accuracy_value','confusion accuracy');
#5420 = CONTEXT_DEPENDENT_SHAPE_REPRESENTATION(#5421,#5423);
#5421 = ( REPRESENTATION_RELATIONSHIP('','',#4770,#10) 
REPRESENTATION_RELATIONSHIP_WITH_TRANSFORMATION(#5422) 
SHAPE_REPRESENTATION_RELATIONSHIP() );
#5422 = ITEM_DEFINED_TRANSFORMATION('','',#11,#71);
#5423 = PRODUCT_DEFINITION_SHAPE('Placement','Placement of an item',
  #5424);
#5424 = NEXT_ASSEMBLY_USAGE_OCCURRENCE('15','stabilizer:rear_left','',#5
  ,#4765,$);
#5425 = PRODUCT_RELATED_PRODUCT_CATEGORY('part',$,(#4767));
#5426 = SHAPE_DEFINITION_REPRESENTATION(#5427,#5433);
#5427 = PRODUCT_DEFINITION_SHAPE('','',#5428);
#5428 = PRODUCT_DEFINITION('design','',#5429,#5432);
#5429 = PRODUCT_DEFINITION_FORMATION('','',#5430);
#5430 = PRODUCT('stabilizer:rear_right','stabilizer:rear_right','',(
    #5431));
#5431 = PRODUCT_CONTEXT('',#2,'mechanical');
#5432 = PRODUCT_DEFINITION_CONTEXT('part definition',#2,'design');
#5433 = ADVANCED_BREP_SHAPE_REPRESENTATION('',(#11,#5434),#6078);
#5434 = MANIFOLD_SOLID_BREP('',#5435);
#5435 = CLOSED_SHELL('',(#5436,#5556,#5632,#5787,#5836,#5863,#5870,#5946
    ,#5995,#6044,#6071));
#5436 = ADVANCED_FACE('',(#5437),#5451,.F.);
#5437 = FACE_BOUND('',#5438,.F.);
#5438 = EDGE_LOOP('',(#5439,#5474,#5502,#5530));
#5439 = ORIENTED_EDGE('',*,*,#5440,.F.);
#5440 = EDGE_CURVE('',#5441,#5443,#5445,.T.);
#5441 = VERTEX_POINT('',#5442);
#5442 = CARTESIAN_POINT('',(-101.6,-101.6,0.));
#5443 = VERTEX_POINT('',#5444);
#5444 = CARTESIAN_POINT('',(-101.6,-101.6,12.7));
#5445 = SURFACE_CURVE('',#5446,(#5450,#5462),.PCURVE_S1.);
#5446 = LINE('',#5447,#5448);
#5447 = CARTESIAN_POINT('',(-101.6,-101.6,0.));
#5448 = VECTOR('',#5449,1.);
#5449 = DIRECTION('',(0.,0.,1.));
#5450 = PCURVE('',#5451,#5456);
#5451 = PLANE('',#5452);
#5452 = AXIS2_PLACEMENT_3D('',#5453,#5454,#5455);
#5453 = CARTESIAN_POINT('',(-101.6,-101.6,0.));
#5454 = DIRECTION('',(1.,0.,0.));
#5455 = DIRECTION('',(0.,0.,1.));
#5456 = DEFINITIONAL_REPRESENTATION('',(#5457),#5461);
#5457 = LINE('',#5458,#5459);
#5458 = CARTESIAN_POINT('',(0.,0.));
#5459 = VECTOR('',#5460,1.);
#5460 = DIRECTION('',(1.,0.));
#5461 = ( GEOMETRIC_REPRESENTATION_CONTEXT(2) 
PARAMETRIC_REPRESENTATION_CONTEXT() REPRESENTATION_CONTEXT('2D SPACE',''
  ) );
#5462 = PCURVE('',#5463,#5468);
#5463 = PLANE('',#5464);
#5464 = AXIS2_PLACEMENT_3D('',#5465,#5466,#5467);
#5465 = CARTESIAN_POINT('',(-101.6,-101.6,0.));
#5466 = DIRECTION('',(0.,1.,0.));
#5467 = DIRECTION('',(0.,0.,1.));
#5468 = DEFINITIONAL_REPRESENTATION('',(#5469),#5473);
#5469 = LINE('',#5470,#5471);
#5470 = CARTESIAN_POINT('',(0.,0.));
#5471 = VECTOR('',#5472,1.);
#5472 = DIRECTION('',(1.,0.));
#5473 = ( GEOMETRIC_REPRESENTATION_CONTEXT(2) 
PARAMETRIC_REPRESENTATION_CONTEXT() REPRESENTATION_CONTEXT('2D SPACE',''
  ) );
#5474 = ORIENTED_EDGE('',*,*,#5475,.T.);
#5475 = EDGE_CURVE('',#5441,#5476,#5478,.T.);
#5476 = VERTEX_POINT('',#5477);
#5477 = CARTESIAN_POINT('',(-101.6,101.6,0.));
#5478 = SURFACE_CURVE('',#5479,(#5483,#5490),.PCURVE_S1.);
#5479 = LINE('',#5480,#5481);
#5480 = CARTESIAN_POINT('',(-101.6,-101.6,0.));
#5481 = VECTOR('',#5482,1.);
#5482 = DIRECTION('',(0.,1.,0.));
#5483 = PCURVE('',#5451,#5484);
#5484 = DEFINITIONAL_REPRESENTATION('',(#5485),#5489);
#5485 = LINE('',#5486,#5487);
#5486 = CARTESIAN_POINT('',(0.,0.));
#5487 = VECTOR('',#5488,1.);
#5488 = DIRECTION('',(0.,-1.));
#5489 = ( GEOMETRIC_REPRESENTATION_CONTEXT(2) 
PARAMETRIC_REPRESENTATION_CONTEXT() REPRESENTATION_CONTEXT('2D SPACE',''
  ) );
#5490 = PCURVE('',#5491,#5496);
#5491 = PLANE('',#5492);
#5492 = AXIS2_PLACEMENT_3D('',#5493,#5494,#5495);
#5493 = CARTESIAN_POINT('',(-101.6,-101.6,0.));
#5494 = DIRECTION('',(0.,0.,1.));
#5495 = DIRECTION('',(1.,0.,0.));
#5496 = DEFINITIONAL_REPRESENTATION('',(#5497),#5501);
#5497 = LINE('',#5498,#5499);
#5498 = CARTESIAN_POINT('',(0.,0.));
#5499 = VECTOR('',#5500,1.);
#5500 = DIRECTION('',(0.,1.));
#5501 = ( GEOMETRIC_REPRESENTATION_CONTEXT(2) 
PARAMETRIC_REPRESENTATION_CONTEXT() REPRESENTATION_CONTEXT('2D SPACE',''
  ) );
#5502 = ORIENTED_EDGE('',*,*,#5503,.T.);
#5503 = EDGE_CURVE('',#5476,#5504,#5506,.T.);
#5504 = VERTEX_POINT('',#5505);
#5505 = CARTESIAN_POINT('',(-101.6,101.6,12.7));
#5506 = SURFACE_CURVE('',#5507,(#5511,#5518),.PCURVE_S1.);
#5507 = LINE('',#5508,#5509);
#5508 = CARTESIAN_POINT('',(-101.6,101.6,0.));
#5509 = VECTOR('',#5510,1.);
#5510 = DIRECTION('',(0.,0.,1.));
#5511 = PCURVE('',#5451,#5512);
#5512 = DEFINITIONAL_REPRESENTATION('',(#5513),#5517);
#5513 = LINE('',#5514,#5515);
#5514 = CARTESIAN_POINT('',(0.,-203.2));
#5515 = VECTOR('',#5516,1.);
#5516 = DIRECTION('',(1.,0.));
#5517 = ( GEOMETRIC_REPRESENTATION_CONTEXT(2) 
PARAMETRIC_REPRESENTATION_CONTEXT() REPRESENTATION_CONTEXT('2D SPACE',''
  ) );
#5518 = PCURVE('',#5519,#5524);
#5519 = PLANE('',#5520);
#5520 = AXIS2_PLACEMENT_3D('',#5521,#5522,#5523);
#5521 = CARTESIAN_POINT('',(-101.6,101.6,0.));
#5522 = DIRECTION('',(0.,1.,0.));
#5523 = DIRECTION('',(0.,0.,1.));
#5524 = DEFINITIONAL_REPRESENTATION('',(#5525),#5529);
#5525 = LINE('',#5526,#5527);
#5526 = CARTESIAN_POINT('',(0.,0.));
#5527 = VECTOR('',#5528,1.);
#5528 = DIRECTION('',(1.,0.));
#5529 = ( GEOMETRIC_REPRESENTATION_CONTEXT(2) 
PARAMETRIC_REPRESENTATION_CONTEXT() REPRESENTATION_CONTEXT('2D SPACE',''
  ) );
#5530 = ORIENTED_EDGE('',*,*,#5531,.F.);
#5531 = EDGE_CURVE('',#5443,#5504,#5532,.T.);
#5532 = SURFACE_CURVE('',#5533,(#5537,#5544),.PCURVE_S1.);
#5533 = LINE('',#5534,#5535);
#5534 = CARTESIAN_POINT('',(-101.6,-101.6,12.7));
#5535 = VECTOR('',#5536,1.);
#5536 = DIRECTION('',(0.,1.,0.));
#5537 = PCURVE('',#5451,#5538);
#5538 = DEFINITIONAL_REPRESENTATION('',(#5539),#5543);
#5539 = LINE('',#5540,#5541);
#5540 = CARTESIAN_POINT('',(12.7,0.));
#5541 = VECTOR('',#5542,1.);
#5542 = DIRECTION('',(0.,-1.));
#5543 = ( GEOMETRIC_REPRESENTATION_CONTEXT(2) 
PARAMETRIC_REPRESENTATION_CONTEXT() REPRESENTATION_CONTEXT('2D SPACE',''
  ) );
#5544 = PCURVE('',#5545,#5550);
#5545 = PLANE('',#5546);
#5546 = AXIS2_PLACEMENT_3D('',#5547,#5548,#5549);
#5547 = CARTESIAN_POINT('',(-101.6,-101.6,12.7));
#5548 = DIRECTION('',(0.,0.,1.));
#5549 = DIRECTION('',(1.,0.,0.));
#5550 = DEFINITIONAL_REPRESENTATION('',(#5551),#5555);
#5551 = LINE('',#5552,#5553);
#5552 = CARTESIAN_POINT('',(0.,0.));
#5553 = VECTOR('',#5554,1.);
#5554 = DIRECTION('',(0.,1.));
#5555 = ( GEOMETRIC_REPRESENTATION_CONTEXT(2) 
PARAMETRIC_REPRESENTATION_CONTEXT() REPRESENTATION_CONTEXT('2D SPACE',''
  ) );
#5556 = ADVANCED_FACE('',(#5557),#5463,.F.);
#5557 = FACE_BOUND('',#5558,.F.);
#5558 = EDGE_LOOP('',(#5559,#5582,#5583,#5606));
#5559 = ORIENTED_EDGE('',*,*,#5560,.F.);
#5560 = EDGE_CURVE('',#5441,#5561,#5563,.T.);
#5561 = VERTEX_POINT('',#5562);
#5562 = CARTESIAN_POINT('',(101.6,-101.6,0.));
#5563 = SURFACE_CURVE('',#5564,(#5568,#5575),.PCURVE_S1.);
#5564 = LINE('',#5565,#5566);
#5565 = CARTESIAN_POINT('',(-101.6,-101.6,0.));
#5566 = VECTOR('',#5567,1.);
#5567 = DIRECTION('',(1.,0.,0.));
#5568 = PCURVE('',#5463,#5569);
#5569 = DEFINITIONAL_REPRESENTATION('',(#5570),#5574);
#5570 = LINE('',#5571,#5572);
#5571 = CARTESIAN_POINT('',(0.,0.));
#5572 = VECTOR('',#5573,1.);
#5573 = DIRECTION('',(0.,1.));
#5574 = ( GEOMETRIC_REPRESENTATION_CONTEXT(2) 
PARAMETRIC_REPRESENTATION_CONTEXT() REPRESENTATION_CONTEXT('2D SPACE',''
  ) );
#5575 = PCURVE('',#5491,#5576);
#5576 = DEFINITIONAL_REPRESENTATION('',(#5577),#5581);
#5577 = LINE('',#5578,#5579);
#5578 = CARTESIAN_POINT('',(0.,0.));
#5579 = VECTOR('',#5580,1.);
#5580 = DIRECTION('',(1.,0.));
#5581 = ( GEOMETRIC_REPRESENTATION_CONTEXT(2) 
PARAMETRIC_REPRESENTATION_CONTEXT() REPRESENTATION_CONTEXT('2D SPACE',''
  ) );
#5582 = ORIENTED_EDGE('',*,*,#5440,.T.);
#5583 = ORIENTED_EDGE('',*,*,#5584,.T.);
#5584 = EDGE_CURVE('',#5443,#5585,#5587,.T.);
#5585 = VERTEX_POINT('',#5586);
#5586 = CARTESIAN_POINT('',(101.6,-101.6,12.7));
#5587 = SURFACE_CURVE('',#5588,(#5592,#5599),.PCURVE_S1.);
#5588 = LINE('',#5589,#5590);
#5589 = CARTESIAN_POINT('',(-101.6,-101.6,12.7));
#5590 = VECTOR('',#5591,1.);
#5591 = DIRECTION('',(1.,0.,0.));
#5592 = PCURVE('',#5463,#5593);
#5593 = DEFINITIONAL_REPRESENTATION('',(#5594),#5598);
#5594 = LINE('',#5595,#5596);
#5595 = CARTESIAN_POINT('',(12.7,0.));
#5596 = VECTOR('',#5597,1.);
#5597 = DIRECTION('',(0.,1.));
#5598 = ( GEOMETRIC_REPRESENTATION_CONTEXT(2) 
PARAMETRIC_REPRESENTATION_CONTEXT() REPRESENTATION_CONTEXT('2D SPACE',''
  ) );
#5599 = PCURVE('',#5545,#5600);
#5600 = DEFINITIONAL_REPRESENTATION('',(#5601),#5605);
#5601 = LINE('',#5602,#5603);
#5602 = CARTESIAN_POINT('',(0.,0.));
#5603 = VECTOR('',#5604,1.);
#5604 = DIRECTION('',(1.,0.));
#5605 = ( GEOMETRIC_REPRESENTATION_CONTEXT(2) 
PARAMETRIC_REPRESENTATION_CONTEXT() REPRESENTATION_CONTEXT('2D SPACE',''
  ) );
#5606 = ORIENTED_EDGE('',*,*,#5607,.F.);
#5607 = EDGE_CURVE('',#5561,#5585,#5608,.T.);
#5608 = SURFACE_CURVE('',#5609,(#5613,#5620),.PCURVE_S1.);
#5609 = LINE('',#5610,#5611);
#5610 = CARTESIAN_POINT('',(101.6,-101.6,0.));
#5611 = VECTOR('',#5612,1.);
#5612 = DIRECTION('',(0.,0.,1.));
#5613 = PCURVE('',#5463,#5614);
#5614 = DEFINITIONAL_REPRESENTATION('',(#5615),#5619);
#5615 = LINE('',#5616,#5617);
#5616 = CARTESIAN_POINT('',(0.,203.2));
#5617 = VECTOR('',#5618,1.);
#5618 = DIRECTION('',(1.,0.));
#5619 = ( GEOMETRIC_REPRESENTATION_CONTEXT(2) 
PARAMETRIC_REPRESENTATION_CONTEXT() REPRESENTATION_CONTEXT('2D SPACE',''
  ) );
#5620 = PCURVE('',#5621,#5626);
#5621 = PLANE('',#5622);
#5622 = AXIS2_PLACEMENT_3D('',#5623,#5624,#5625);
#5623 = CARTESIAN_POINT('',(101.6,-101.6,0.));
#5624 = DIRECTION('',(1.,0.,0.));
#5625 = DIRECTION('',(0.,0.,1.));
#5626 = DEFINITIONAL_REPRESENTATION('',(#5627),#5631);
#5627 = LINE('',#5628,#5629);
#5628 = CARTESIAN_POINT('',(0.,0.));
#5629 = VECTOR('',#5630,1.);
#5630 = DIRECTION('',(1.,0.));
#5631 = ( GEOMETRIC_REPRESENTATION_CONTEXT(2) 
PARAMETRIC_REPRESENTATION_CONTEXT() REPRESENTATION_CONTEXT('2D SPACE',''
  ) );
#5632 = ADVANCED_FACE('',(#5633,#5681),#5545,.T.);
#5633 = FACE_BOUND('',#5634,.T.);
#5634 = EDGE_LOOP('',(#5635,#5636,#5637,#5660));
#5635 = ORIENTED_EDGE('',*,*,#5531,.F.);
#5636 = ORIENTED_EDGE('',*,*,#5584,.T.);
#5637 = ORIENTED_EDGE('',*,*,#5638,.T.);
#5638 = EDGE_CURVE('',#5585,#5639,#5641,.T.);
#5639 = VERTEX_POINT('',#5640);
#5640 = CARTESIAN_POINT('',(101.6,101.6,12.7));
#5641 = SURFACE_CURVE('',#5642,(#5646,#5653),.PCURVE_S1.);
#5642 = LINE('',#5643,#5644);
#5643 = CARTESIAN_POINT('',(101.6,-101.6,12.7));
#5644 = VECTOR('',#5645,1.);
#5645 = DIRECTION('',(0.,1.,0.));
#5646 = PCURVE('',#5545,#5647);
#5647 = DEFINITIONAL_REPRESENTATION('',(#5648),#5652);
#5648 = LINE('',#5649,#5650);
#5649 = CARTESIAN_POINT('',(203.2,0.));
#5650 = VECTOR('',#5651,1.);
#5651 = DIRECTION('',(0.,1.));
#5652 = ( GEOMETRIC_REPRESENTATION_CONTEXT(2) 
PARAMETRIC_REPRESENTATION_CONTEXT() REPRESENTATION_CONTEXT('2D SPACE',''
  ) );
#5653 = PCURVE('',#5621,#5654);
#5654 = DEFINITIONAL_REPRESENTATION('',(#5655),#5659);
#5655 = LINE('',#5656,#5657);
#5656 = CARTESIAN_POINT('',(12.7,0.));
#5657 = VECTOR('',#5658,1.);
#5658 = DIRECTION('',(0.,-1.));
#5659 = ( GEOMETRIC_REPRESENTATION_CONTEXT(2) 
PARAMETRIC_REPRESENTATION_CONTEXT() REPRESENTATION_CONTEXT('2D SPACE',''
  ) );
#5660 = ORIENTED_EDGE('',*,*,#5661,.F.);
#5661 = EDGE_CURVE('',#5504,#5639,#5662,.T.);
#5662 = SURFACE_CURVE('',#5663,(#5667,#5674),.PCURVE_S1.);
#5663 = LINE('',#5664,#5665);
#5664 = CARTESIAN_POINT('',(-101.6,101.6,12.7));
#5665 = VECTOR('',#5666,1.);
#5666 = DIRECTION('',(1.,0.,0.));
#5667 = PCURVE('',#5545,#5668);
#5668 = DEFINITIONAL_REPRESENTATION('',(#5669),#5673);
#5669 = LINE('',#5670,#5671);
#5670 = CARTESIAN_POINT('',(0.,203.2));
#5671 = VECTOR('',#5672,1.);
#5672 = DIRECTION('',(1.,0.));
#5673 = ( GEOMETRIC_REPRESENTATION_CONTEXT(2) 
PARAMETRIC_REPRESENTATION_CONTEXT() REPRESENTATION_CONTEXT('2D SPACE',''
  ) );
#5674 = PCURVE('',#5519,#5675);
#5675 = DEFINITIONAL_REPRESENTATION('',(#5676),#5680);
#5676 = LINE('',#5677,#5678);
#5677 = CARTESIAN_POINT('',(12.7,0.));
#5678 = VECTOR('',#5679,1.);
#5679 = DIRECTION('',(0.,1.));
#5680 = ( GEOMETRIC_REPRESENTATION_CONTEXT(2) 
PARAMETRIC_REPRESENTATION_CONTEXT() REPRESENTATION_CONTEXT('2D SPACE',''
  ) );
#5681 = FACE_BOUND('',#5682,.T.);
#5682 = EDGE_LOOP('',(#5683,#5711,#5737,#5763));
#5683 = ORIENTED_EDGE('',*,*,#5684,.F.);
#5684 = EDGE_CURVE('',#5685,#5687,#5689,.T.);
#5685 = VERTEX_POINT('',#5686);
#5686 = CARTESIAN_POINT('',(-38.1,38.1,12.7));
#5687 = VERTEX_POINT('',#5688);
#5688 = CARTESIAN_POINT('',(-38.1,-38.1,12.7));
#5689 = SURFACE_CURVE('',#5690,(#5694,#5700),.PCURVE_S1.);
#5690 = LINE('',#5691,#5692);
#5691 = CARTESIAN_POINT('',(-38.1,-69.85,12.7));
#5692 = VECTOR('',#5693,1.);
#5693 = DIRECTION('',(0.,-1.,0.));
#5694 = PCURVE('',#5545,#5695);
#5695 = DEFINITIONAL_REPRESENTATION('',(#5696),#5699);
#5696 = B_SPLINE_CURVE_WITH_KNOTS('',1,(#5697,#5698),.UNSPECIFIED.,.F.,
  .F.,(2,2),(-107.95,-31.75),.PIECEWISE_BEZIER_KNOTS.);
#5697 = CARTESIAN_POINT('',(63.5,139.7));
#5698 = CARTESIAN_POINT('',(63.5,63.5));
#5699 = ( GEOMETRIC_REPRESENTATION_CONTEXT(2) 
PARAMETRIC_REPRESENTATION_CONTEXT() REPRESENTATION_CONTEXT('2D SPACE',''
  ) );
#5700 = PCURVE('',#5701,#5706);
#5701 = PLANE('',#5702);
#5702 = AXIS2_PLACEMENT_3D('',#5703,#5704,#5705);
#5703 = CARTESIAN_POINT('',(-38.1,-38.1,0.));
#5704 = DIRECTION('',(1.,0.,0.));
#5705 = DIRECTION('',(0.,0.,1.));
#5706 = DEFINITIONAL_REPRESENTATION('',(#5707),#5710);
#5707 = B_SPLINE_CURVE_WITH_KNOTS('',1,(#5708,#5709),.UNSPECIFIED.,.F.,
  .F.,(2,2),(-107.95,-31.75),.PIECEWISE_BEZIER_KNOTS.);
#5708 = CARTESIAN_POINT('',(12.7,-76.2));
#5709 = CARTESIAN_POINT('',(12.7,0.));
#5710 = ( GEOMETRIC_REPRESENTATION_CONTEXT(2) 
PARAMETRIC_REPRESENTATION_CONTEXT() REPRESENTATION_CONTEXT('2D SPACE',''
  ) );
#5711 = ORIENTED_EDGE('',*,*,#5712,.T.);
#5712 = EDGE_CURVE('',#5685,#5713,#5715,.T.);
#5713 = VERTEX_POINT('',#5714);
#5714 = CARTESIAN_POINT('',(38.1,38.1,12.7));
#5715 = SURFACE_CURVE('',#5716,(#5720,#5726),.PCURVE_S1.);
#5716 = LINE('',#5717,#5718);
#5717 = CARTESIAN_POINT('',(-69.85,38.1,12.7));
#5718 = VECTOR('',#5719,1.);
#5719 = DIRECTION('',(1.,0.,0.));
#5720 = PCURVE('',#5545,#5721);
#5721 = DEFINITIONAL_REPRESENTATION('',(#5722),#5725);
#5722 = B_SPLINE_CURVE_WITH_KNOTS('',1,(#5723,#5724),.UNSPECIFIED.,.F.,
  .F.,(2,2),(31.75,107.95),.PIECEWISE_BEZIER_KNOTS.);
#5723 = CARTESIAN_POINT('',(63.5,139.7));
#5724 = CARTESIAN_POINT('',(139.7,139.7));
#5725 = ( GEOMETRIC_REPRESENTATION_CONTEXT(2) 
PARAMETRIC_REPRESENTATION_CONTEXT() REPRESENTATION_CONTEXT('2D SPACE',''
  ) );
#5726 = PCURVE('',#5727,#5732);
#5727 = PLANE('',#5728);
#5728 = AXIS2_PLACEMENT_3D('',#5729,#5730,#5731);
#5729 = CARTESIAN_POINT('',(-38.1,38.1,0.));
#5730 = DIRECTION('',(0.,1.,0.));
#5731 = DIRECTION('',(0.,0.,1.));
#5732 = DEFINITIONAL_REPRESENTATION('',(#5733),#5736);
#5733 = B_SPLINE_CURVE_WITH_KNOTS('',1,(#5734,#5735),.UNSPECIFIED.,.F.,
  .F.,(2,2),(31.75,107.95),.PIECEWISE_BEZIER_KNOTS.);
#5734 = CARTESIAN_POINT('',(12.7,0.));
#5735 = CARTESIAN_POINT('',(12.7,76.2));
#5736 = ( GEOMETRIC_REPRESENTATION_CONTEXT(2) 
PARAMETRIC_REPRESENTATION_CONTEXT() REPRESENTATION_CONTEXT('2D SPACE',''
  ) );
#5737 = ORIENTED_EDGE('',*,*,#5738,.T.);
#5738 = EDGE_CURVE('',#5713,#5739,#5741,.T.);
#5739 = VERTEX_POINT('',#5740);
#5740 = CARTESIAN_POINT('',(38.1,-38.1,12.7));
#5741 = SURFACE_CURVE('',#5742,(#5746,#5752),.PCURVE_S1.);
#5742 = LINE('',#5743,#5744);
#5743 = CARTESIAN_POINT('',(38.1,-69.85,12.7));
#5744 = VECTOR('',#5745,1.);
#5745 = DIRECTION('',(0.,-1.,0.));
#5746 = PCURVE('',#5545,#5747);
#5747 = DEFINITIONAL_REPRESENTATION('',(#5748),#5751);
#5748 = B_SPLINE_CURVE_WITH_KNOTS('',1,(#5749,#5750),.UNSPECIFIED.,.F.,
  .F.,(2,2),(-107.95,-31.75),.PIECEWISE_BEZIER_KNOTS.);
#5749 = CARTESIAN_POINT('',(139.7,139.7));
#5750 = CARTESIAN_POINT('',(139.7,63.5));
#5751 = ( GEOMETRIC_REPRESENTATION_CONTEXT(2) 
PARAMETRIC_REPRESENTATION_CONTEXT() REPRESENTATION_CONTEXT('2D SPACE',''
  ) );
#5752 = PCURVE('',#5753,#5758);
#5753 = PLANE('',#5754);
#5754 = AXIS2_PLACEMENT_3D('',#5755,#5756,#5757);
#5755 = CARTESIAN_POINT('',(38.1,-38.1,0.));
#5756 = DIRECTION('',(1.,0.,0.));
#5757 = DIRECTION('',(0.,0.,1.));
#5758 = DEFINITIONAL_REPRESENTATION('',(#5759),#5762);
#5759 = B_SPLINE_CURVE_WITH_KNOTS('',1,(#5760,#5761),.UNSPECIFIED.,.F.,
  .F.,(2,2),(-107.95,-31.75),.PIECEWISE_BEZIER_KNOTS.);
#5760 = CARTESIAN_POINT('',(12.7,-76.2));
#5761 = CARTESIAN_POINT('',(12.7,0.));
#5762 = ( GEOMETRIC_REPRESENTATION_CONTEXT(2) 
PARAMETRIC_REPRESENTATION_CONTEXT() REPRESENTATION_CONTEXT('2D SPACE',''
  ) );
#5763 = ORIENTED_EDGE('',*,*,#5764,.F.);
#5764 = EDGE_CURVE('',#5687,#5739,#5765,.T.);
#5765 = SURFACE_CURVE('',#5766,(#5770,#5776),.PCURVE_S1.);
#5766 = LINE('',#5767,#5768);
#5767 = CARTESIAN_POINT('',(-69.85,-38.1,12.7));
#5768 = VECTOR('',#5769,1.);
#5769 = DIRECTION('',(1.,0.,0.));
#5770 = PCURVE('',#5545,#5771);
#5771 = DEFINITIONAL_REPRESENTATION('',(#5772),#5775);
#5772 = B_SPLINE_CURVE_WITH_KNOTS('',1,(#5773,#5774),.UNSPECIFIED.,.F.,
  .F.,(2,2),(31.75,107.95),.PIECEWISE_BEZIER_KNOTS.);
#5773 = CARTESIAN_POINT('',(63.5,63.5));
#5774 = CARTESIAN_POINT('',(139.7,63.5));
#5775 = ( GEOMETRIC_REPRESENTATION_CONTEXT(2) 
PARAMETRIC_REPRESENTATION_CONTEXT() REPRESENTATION_CONTEXT('2D SPACE',''
  ) );
#5776 = PCURVE('',#5777,#5782);
#5777 = PLANE('',#5778);
#5778 = AXIS2_PLACEMENT_3D('',#5779,#5780,#5781);
#5779 = CARTESIAN_POINT('',(-38.1,-38.1,0.));
#5780 = DIRECTION('',(0.,1.,0.));
#5781 = DIRECTION('',(0.,0.,1.));
#5782 = DEFINITIONAL_REPRESENTATION('',(#5783),#5786);
#5783 = B_SPLINE_CURVE_WITH_KNOTS('',1,(#5784,#5785),.UNSPECIFIED.,.F.,
  .F.,(2,2),(31.75,107.95),.PIECEWISE_BEZIER_KNOTS.);
#5784 = CARTESIAN_POINT('',(12.7,0.));
#5785 = CARTESIAN_POINT('',(12.7,76.2));
#5786 = ( GEOMETRIC_REPRESENTATION_CONTEXT(2) 
PARAMETRIC_REPRESENTATION_CONTEXT() REPRESENTATION_CONTEXT('2D SPACE',''
  ) );
#5787 = ADVANCED_FACE('',(#5788),#5519,.T.);
#5788 = FACE_BOUND('',#5789,.T.);
#5789 = EDGE_LOOP('',(#5790,#5813,#5814,#5815));
#5790 = ORIENTED_EDGE('',*,*,#5791,.F.);
#5791 = EDGE_CURVE('',#5476,#5792,#5794,.T.);
#5792 = VERTEX_POINT('',#5793);
#5793 = CARTESIAN_POINT('',(101.6,101.6,0.));
#5794 = SURFACE_CURVE('',#5795,(#5799,#5806),.PCURVE_S1.);
#5795 = LINE('',#5796,#5797);
#5796 = CARTESIAN_POINT('',(-101.6,101.6,0.));
#5797 = VECTOR('',#5798,1.);
#5798 = DIRECTION('',(1.,0.,0.));
#5799 = PCURVE('',#5519,#5800);
#5800 = DEFINITIONAL_REPRESENTATION('',(#5801),#5805);
#5801 = LINE('',#5802,#5803);
#5802 = CARTESIAN_POINT('',(0.,0.));
#5803 = VECTOR('',#5804,1.);
#5804 = DIRECTION('',(0.,1.));
#5805 = ( GEOMETRIC_REPRESENTATION_CONTEXT(2) 
PARAMETRIC_REPRESENTATION_CONTEXT() REPRESENTATION_CONTEXT('2D SPACE',''
  ) );
#5806 = PCURVE('',#5491,#5807);
#5807 = DEFINITIONAL_REPRESENTATION('',(#5808),#5812);
#5808 = LINE('',#5809,#5810);
#5809 = CARTESIAN_POINT('',(0.,203.2));
#5810 = VECTOR('',#5811,1.);
#5811 = DIRECTION('',(1.,0.));
#5812 = ( GEOMETRIC_REPRESENTATION_CONTEXT(2) 
PARAMETRIC_REPRESENTATION_CONTEXT() REPRESENTATION_CONTEXT('2D SPACE',''
  ) );
#5813 = ORIENTED_EDGE('',*,*,#5503,.T.);
#5814 = ORIENTED_EDGE('',*,*,#5661,.T.);
#5815 = ORIENTED_EDGE('',*,*,#5816,.F.);
#5816 = EDGE_CURVE('',#5792,#5639,#5817,.T.);
#5817 = SURFACE_CURVE('',#5818,(#5822,#5829),.PCURVE_S1.);
#5818 = LINE('',#5819,#5820);
#5819 = CARTESIAN_POINT('',(101.6,101.6,0.));
#5820 = VECTOR('',#5821,1.);
#5821 = DIRECTION('',(0.,0.,1.));
#5822 = PCURVE('',#5519,#5823);
#5823 = DEFINITIONAL_REPRESENTATION('',(#5824),#5828);
#5824 = LINE('',#5825,#5826);
#5825 = CARTESIAN_POINT('',(0.,203.2));
#5826 = VECTOR('',#5827,1.);
#5827 = DIRECTION('',(1.,0.));
#5828 = ( GEOMETRIC_REPRESENTATION_CONTEXT(2) 
PARAMETRIC_REPRESENTATION_CONTEXT() REPRESENTATION_CONTEXT('2D SPACE',''
  ) );
#5829 = PCURVE('',#5621,#5830);
#5830 = DEFINITIONAL_REPRESENTATION('',(#5831),#5835);
#5831 = LINE('',#5832,#5833);
#5832 = CARTESIAN_POINT('',(0.,-203.2));
#5833 = VECTOR('',#5834,1.);
#5834 = DIRECTION('',(1.,0.));
#5835 = ( GEOMETRIC_REPRESENTATION_CONTEXT(2) 
PARAMETRIC_REPRESENTATION_CONTEXT() REPRESENTATION_CONTEXT('2D SPACE',''
  ) );
#5836 = ADVANCED_FACE('',(#5837),#5491,.F.);
#5837 = FACE_BOUND('',#5838,.F.);
#5838 = EDGE_LOOP('',(#5839,#5840,#5841,#5862));
#5839 = ORIENTED_EDGE('',*,*,#5475,.F.);
#5840 = ORIENTED_EDGE('',*,*,#5560,.T.);
#5841 = ORIENTED_EDGE('',*,*,#5842,.T.);
#5842 = EDGE_CURVE('',#5561,#5792,#5843,.T.);
#5843 = SURFACE_CURVE('',#5844,(#5848,#5855),.PCURVE_S1.);
#5844 = LINE('',#5845,#5846);
#5845 = CARTESIAN_POINT('',(101.6,-101.6,0.));
#5846 = VECTOR('',#5847,1.);
#5847 = DIRECTION('',(0.,1.,0.));
#5848 = PCURVE('',#5491,#5849);
#5849 = DEFINITIONAL_REPRESENTATION('',(#5850),#5854);
#5850 = LINE('',#5851,#5852);
#5851 = CARTESIAN_POINT('',(203.2,0.));
#5852 = VECTOR('',#5853,1.);
#5853 = DIRECTION('',(0.,1.));
#5854 = ( GEOMETRIC_REPRESENTATION_CONTEXT(2) 
PARAMETRIC_REPRESENTATION_CONTEXT() REPRESENTATION_CONTEXT('2D SPACE',''
  ) );
#5855 = PCURVE('',#5621,#5856);
#5856 = DEFINITIONAL_REPRESENTATION('',(#5857),#5861);
#5857 = LINE('',#5858,#5859);
#5858 = CARTESIAN_POINT('',(0.,0.));
#5859 = VECTOR('',#5860,1.);
#5860 = DIRECTION('',(0.,-1.));
#5861 = ( GEOMETRIC_REPRESENTATION_CONTEXT(2) 
PARAMETRIC_REPRESENTATION_CONTEXT() REPRESENTATION_CONTEXT('2D SPACE',''
  ) );
#5862 = ORIENTED_EDGE('',*,*,#5791,.F.);
#5863 = ADVANCED_FACE('',(#5864),#5621,.T.);
#5864 = FACE_BOUND('',#5865,.T.);
#5865 = EDGE_LOOP('',(#5866,#5867,#5868,#5869));
#5866 = ORIENTED_EDGE('',*,*,#5607,.F.);
#5867 = ORIENTED_EDGE('',*,*,#5842,.T.);
#5868 = ORIENTED_EDGE('',*,*,#5816,.T.);
#5869 = ORIENTED_EDGE('',*,*,#5638,.F.);
#5870 = ADVANCED_FACE('',(#5871),#5701,.F.);
#5871 = FACE_BOUND('',#5872,.F.);
#5872 = EDGE_LOOP('',(#5873,#5896,#5897,#5920));
#5873 = ORIENTED_EDGE('',*,*,#5874,.F.);
#5874 = EDGE_CURVE('',#5687,#5875,#5877,.T.);
#5875 = VERTEX_POINT('',#5876);
#5876 = CARTESIAN_POINT('',(-38.1,-38.1,726.44));
#5877 = SURFACE_CURVE('',#5878,(#5882,#5889),.PCURVE_S1.);
#5878 = LINE('',#5879,#5880);
#5879 = CARTESIAN_POINT('',(-38.1,-38.1,0.));
#5880 = VECTOR('',#5881,1.);
#5881 = DIRECTION('',(0.,0.,1.));
#5882 = PCURVE('',#5701,#5883);
#5883 = DEFINITIONAL_REPRESENTATION('',(#5884),#5888);
#5884 = LINE('',#5885,#5886);
#5885 = CARTESIAN_POINT('',(0.,0.));
#5886 = VECTOR('',#5887,1.);
#5887 = DIRECTION('',(1.,0.));
#5888 = ( GEOMETRIC_REPRESENTATION_CONTEXT(2) 
PARAMETRIC_REPRESENTATION_CONTEXT() REPRESENTATION_CONTEXT('2D SPACE',''
  ) );
#5889 = PCURVE('',#5777,#5890);
#5890 = DEFINITIONAL_REPRESENTATION('',(#5891),#5895);
#5891 = LINE('',#5892,#5893);
#5892 = CARTESIAN_POINT('',(0.,0.));
#5893 = VECTOR('',#5894,1.);
#5894 = DIRECTION('',(1.,0.));
#5895 = ( GEOMETRIC_REPRESENTATION_CONTEXT(2) 
PARAMETRIC_REPRESENTATION_CONTEXT() REPRESENTATION_CONTEXT('2D SPACE',''
  ) );
#5896 = ORIENTED_EDGE('',*,*,#5684,.F.);
#5897 = ORIENTED_EDGE('',*,*,#5898,.T.);
#5898 = EDGE_CURVE('',#5685,#5899,#5901,.T.);
#5899 = VERTEX_POINT('',#5900);
#5900 = CARTESIAN_POINT('',(-38.1,38.1,726.44));
#5901 = SURFACE_CURVE('',#5902,(#5906,#5913),.PCURVE_S1.);
#5902 = LINE('',#5903,#5904);
#5903 = CARTESIAN_POINT('',(-38.1,38.1,0.));
#5904 = VECTOR('',#5905,1.);
#5905 = DIRECTION('',(0.,0.,1.));
#5906 = PCURVE('',#5701,#5907);
#5907 = DEFINITIONAL_REPRESENTATION('',(#5908),#5912);
#5908 = LINE('',#5909,#5910);
#5909 = CARTESIAN_POINT('',(0.,-76.2));
#5910 = VECTOR('',#5911,1.);
#5911 = DIRECTION('',(1.,0.));
#5912 = ( GEOMETRIC_REPRESENTATION_CONTEXT(2) 
PARAMETRIC_REPRESENTATION_CONTEXT() REPRESENTATION_CONTEXT('2D SPACE',''
  ) );
#5913 = PCURVE('',#5727,#5914);
#5914 = DEFINITIONAL_REPRESENTATION('',(#5915),#5919);
#5915 = LINE('',#5916,#5917);
#5916 = CARTESIAN_POINT('',(0.,0.));
#5917 = VECTOR('',#5918,1.);
#5918 = DIRECTION('',(1.,0.));
#5919 = ( GEOMETRIC_REPRESENTATION_CONTEXT(2) 
PARAMETRIC_REPRESENTATION_CONTEXT() REPRESENTATION_CONTEXT('2D SPACE',''
  ) );
#5920 = ORIENTED_EDGE('',*,*,#5921,.F.);
#5921 = EDGE_CURVE('',#5875,#5899,#5922,.T.);
#5922 = SURFACE_CURVE('',#5923,(#5927,#5934),.PCURVE_S1.);
#5923 = LINE('',#5924,#5925);
#5924 = CARTESIAN_POINT('',(-38.1,-38.1,726.44));
#5925 = VECTOR('',#5926,1.);
#5926 = DIRECTION('',(0.,1.,0.));
#5927 = PCURVE('',#5701,#5928);
#5928 = DEFINITIONAL_REPRESENTATION('',(#5929),#5933);
#5929 = LINE('',#5930,#5931);
#5930 = CARTESIAN_POINT('',(726.44,0.));
#5931 = VECTOR('',#5932,1.);
#5932 = DIRECTION('',(0.,-1.));
#5933 = ( GEOMETRIC_REPRESENTATION_CONTEXT(2) 
PARAMETRIC_REPRESENTATION_CONTEXT() REPRESENTATION_CONTEXT('2D SPACE',''
  ) );
#5934 = PCURVE('',#5935,#5940);
#5935 = PLANE('',#5936);
#5936 = AXIS2_PLACEMENT_3D('',#5937,#5938,#5939);
#5937 = CARTESIAN_POINT('',(-38.1,-38.1,726.44));
#5938 = DIRECTION('',(0.,0.,1.));
#5939 = DIRECTION('',(1.,0.,0.));
#5940 = DEFINITIONAL_REPRESENTATION('',(#5941),#5945);
#5941 = LINE('',#5942,#5943);
#5942 = CARTESIAN_POINT('',(0.,0.));
#5943 = VECTOR('',#5944,1.);
#5944 = DIRECTION('',(0.,1.));
#5945 = ( GEOMETRIC_REPRESENTATION_CONTEXT(2) 
PARAMETRIC_REPRESENTATION_CONTEXT() REPRESENTATION_CONTEXT('2D SPACE',''
  ) );
#5946 = ADVANCED_FACE('',(#5947),#5777,.F.);
#5947 = FACE_BOUND('',#5948,.F.);
#5948 = EDGE_LOOP('',(#5949,#5972,#5973,#5974));
#5949 = ORIENTED_EDGE('',*,*,#5950,.F.);
#5950 = EDGE_CURVE('',#5739,#5951,#5953,.T.);
#5951 = VERTEX_POINT('',#5952);
#5952 = CARTESIAN_POINT('',(38.1,-38.1,726.44));
#5953 = SURFACE_CURVE('',#5954,(#5958,#5965),.PCURVE_S1.);
#5954 = LINE('',#5955,#5956);
#5955 = CARTESIAN_POINT('',(38.1,-38.1,0.));
#5956 = VECTOR('',#5957,1.);
#5957 = DIRECTION('',(0.,0.,1.));
#5958 = PCURVE('',#5777,#5959);
#5959 = DEFINITIONAL_REPRESENTATION('',(#5960),#5964);
#5960 = LINE('',#5961,#5962);
#5961 = CARTESIAN_POINT('',(0.,76.2));
#5962 = VECTOR('',#5963,1.);
#5963 = DIRECTION('',(1.,0.));
#5964 = ( GEOMETRIC_REPRESENTATION_CONTEXT(2) 
PARAMETRIC_REPRESENTATION_CONTEXT() REPRESENTATION_CONTEXT('2D SPACE',''
  ) );
#5965 = PCURVE('',#5753,#5966);
#5966 = DEFINITIONAL_REPRESENTATION('',(#5967),#5971);
#5967 = LINE('',#5968,#5969);
#5968 = CARTESIAN_POINT('',(0.,0.));
#5969 = VECTOR('',#5970,1.);
#5970 = DIRECTION('',(1.,0.));
#5971 = ( GEOMETRIC_REPRESENTATION_CONTEXT(2) 
PARAMETRIC_REPRESENTATION_CONTEXT() REPRESENTATION_CONTEXT('2D SPACE',''
  ) );
#5972 = ORIENTED_EDGE('',*,*,#5764,.F.);
#5973 = ORIENTED_EDGE('',*,*,#5874,.T.);
#5974 = ORIENTED_EDGE('',*,*,#5975,.T.);
#5975 = EDGE_CURVE('',#5875,#5951,#5976,.T.);
#5976 = SURFACE_CURVE('',#5977,(#5981,#5988),.PCURVE_S1.);
#5977 = LINE('',#5978,#5979);
#5978 = CARTESIAN_POINT('',(-38.1,-38.1,726.44));
#5979 = VECTOR('',#5980,1.);
#5980 = DIRECTION('',(1.,0.,0.));
#5981 = PCURVE('',#5777,#5982);
#5982 = DEFINITIONAL_REPRESENTATION('',(#5983),#5987);
#5983 = LINE('',#5984,#5985);
#5984 = CARTESIAN_POINT('',(726.44,0.));
#5985 = VECTOR('',#5986,1.);
#5986 = DIRECTION('',(0.,1.));
#5987 = ( GEOMETRIC_REPRESENTATION_CONTEXT(2) 
PARAMETRIC_REPRESENTATION_CONTEXT() REPRESENTATION_CONTEXT('2D SPACE',''
  ) );
#5988 = PCURVE('',#5935,#5989);
#5989 = DEFINITIONAL_REPRESENTATION('',(#5990),#5994);
#5990 = LINE('',#5991,#5992);
#5991 = CARTESIAN_POINT('',(0.,0.));
#5992 = VECTOR('',#5993,1.);
#5993 = DIRECTION('',(1.,0.));
#5994 = ( GEOMETRIC_REPRESENTATION_CONTEXT(2) 
PARAMETRIC_REPRESENTATION_CONTEXT() REPRESENTATION_CONTEXT('2D SPACE',''
  ) );
#5995 = ADVANCED_FACE('',(#5996),#5753,.T.);
#5996 = FACE_BOUND('',#5997,.T.);
#5997 = EDGE_LOOP('',(#5998,#5999,#6000,#6023));
#5998 = ORIENTED_EDGE('',*,*,#5950,.F.);
#5999 = ORIENTED_EDGE('',*,*,#5738,.F.);
#6000 = ORIENTED_EDGE('',*,*,#6001,.T.);
#6001 = EDGE_CURVE('',#5713,#6002,#6004,.T.);
#6002 = VERTEX_POINT('',#6003);
#6003 = CARTESIAN_POINT('',(38.1,38.1,726.44));
#6004 = SURFACE_CURVE('',#6005,(#6009,#6016),.PCURVE_S1.);
#6005 = LINE('',#6006,#6007);
#6006 = CARTESIAN_POINT('',(38.1,38.1,0.));
#6007 = VECTOR('',#6008,1.);
#6008 = DIRECTION('',(0.,0.,1.));
#6009 = PCURVE('',#5753,#6010);
#6010 = DEFINITIONAL_REPRESENTATION('',(#6011),#6015);
#6011 = LINE('',#6012,#6013);
#6012 = CARTESIAN_POINT('',(0.,-76.2));
#6013 = VECTOR('',#6014,1.);
#6014 = DIRECTION('',(1.,0.));
#6015 = ( GEOMETRIC_REPRESENTATION_CONTEXT(2) 
PARAMETRIC_REPRESENTATION_CONTEXT() REPRESENTATION_CONTEXT('2D SPACE',''
  ) );
#6016 = PCURVE('',#5727,#6017);
#6017 = DEFINITIONAL_REPRESENTATION('',(#6018),#6022);
#6018 = LINE('',#6019,#6020);
#6019 = CARTESIAN_POINT('',(0.,76.2));
#6020 = VECTOR('',#6021,1.);
#6021 = DIRECTION('',(1.,0.));
#6022 = ( GEOMETRIC_REPRESENTATION_CONTEXT(2) 
PARAMETRIC_REPRESENTATION_CONTEXT() REPRESENTATION_CONTEXT('2D SPACE',''
  ) );
#6023 = ORIENTED_EDGE('',*,*,#6024,.F.);
#6024 = EDGE_CURVE('',#5951,#6002,#6025,.T.);
#6025 = SURFACE_CURVE('',#6026,(#6030,#6037),.PCURVE_S1.);
#6026 = LINE('',#6027,#6028);
#6027 = CARTESIAN_POINT('',(38.1,-38.1,726.44));
#6028 = VECTOR('',#6029,1.);
#6029 = DIRECTION('',(0.,1.,0.));
#6030 = PCURVE('',#5753,#6031);
#6031 = DEFINITIONAL_REPRESENTATION('',(#6032),#6036);
#6032 = LINE('',#6033,#6034);
#6033 = CARTESIAN_POINT('',(726.44,0.));
#6034 = VECTOR('',#6035,1.);
#6035 = DIRECTION('',(0.,-1.));
#6036 = ( GEOMETRIC_REPRESENTATION_CONTEXT(2) 
PARAMETRIC_REPRESENTATION_CONTEXT() REPRESENTATION_CONTEXT('2D SPACE',''
  ) );
#6037 = PCURVE('',#5935,#6038);
#6038 = DEFINITIONAL_REPRESENTATION('',(#6039),#6043);
#6039 = LINE('',#6040,#6041);
#6040 = CARTESIAN_POINT('',(76.2,0.));
#6041 = VECTOR('',#6042,1.);
#6042 = DIRECTION('',(0.,1.));
#6043 = ( GEOMETRIC_REPRESENTATION_CONTEXT(2) 
PARAMETRIC_REPRESENTATION_CONTEXT() REPRESENTATION_CONTEXT('2D SPACE',''
  ) );
#6044 = ADVANCED_FACE('',(#6045),#5727,.T.);
#6045 = FACE_BOUND('',#6046,.T.);
#6046 = EDGE_LOOP('',(#6047,#6048,#6049,#6050));
#6047 = ORIENTED_EDGE('',*,*,#6001,.F.);
#6048 = ORIENTED_EDGE('',*,*,#5712,.F.);
#6049 = ORIENTED_EDGE('',*,*,#5898,.T.);
#6050 = ORIENTED_EDGE('',*,*,#6051,.T.);
#6051 = EDGE_CURVE('',#5899,#6002,#6052,.T.);
#6052 = SURFACE_CURVE('',#6053,(#6057,#6064),.PCURVE_S1.);
#6053 = LINE('',#6054,#6055);
#6054 = CARTESIAN_POINT('',(-38.1,38.1,726.44));
#6055 = VECTOR('',#6056,1.);
#6056 = DIRECTION('',(1.,0.,0.));
#6057 = PCURVE('',#5727,#6058);
#6058 = DEFINITIONAL_REPRESENTATION('',(#6059),#6063);
#6059 = LINE('',#6060,#6061);
#6060 = CARTESIAN_POINT('',(726.44,0.));
#6061 = VECTOR('',#6062,1.);
#6062 = DIRECTION('',(0.,1.));
#6063 = ( GEOMETRIC_REPRESENTATION_CONTEXT(2) 
PARAMETRIC_REPRESENTATION_CONTEXT() REPRESENTATION_CONTEXT('2D SPACE',''
  ) );
#6064 = PCURVE('',#5935,#6065);
#6065 = DEFINITIONAL_REPRESENTATION('',(#6066),#6070);
#6066 = LINE('',#6067,#6068);
#6067 = CARTESIAN_POINT('',(0.,76.2));
#6068 = VECTOR('',#6069,1.);
#6069 = DIRECTION('',(1.,0.));
#6070 = ( GEOMETRIC_REPRESENTATION_CONTEXT(2) 
PARAMETRIC_REPRESENTATION_CONTEXT() REPRESENTATION_CONTEXT('2D SPACE',''
  ) );
#6071 = ADVANCED_FACE('',(#6072),#5935,.T.);
#6072 = FACE_BOUND('',#6073,.T.);
#6073 = EDGE_LOOP('',(#6074,#6075,#6076,#6077));
#6074 = ORIENTED_EDGE('',*,*,#5921,.F.);
#6075 = ORIENTED_EDGE('',*,*,#5975,.T.);
#6076 = ORIENTED_EDGE('',*,*,#6024,.T.);
#6077 = ORIENTED_EDGE('',*,*,#6051,.F.);
#6078 = ( GEOMETRIC_REPRESENTATION_CONTEXT(3) 
GLOBAL_UNCERTAINTY_ASSIGNED_CONTEXT((#6082)) 
GLOBAL_UNIT_ASSIGNED_CONTEXT((#6079,#6080,#6081)) REPRESENTATION_CONTEXT
('Context #1','3D Context with UNIT and UNCERTAINTY') );
#6079 = ( LENGTH_UNIT() NAMED_UNIT(*) SI_UNIT(.MILLI.,.METRE.) );
#6080 = ( NAMED_UNIT(*) PLANE_ANGLE_UNIT() SI_UNIT($,.RADIAN.) );
#6081 = ( NAMED_UNIT(*) SI_UNIT($,.STERADIAN.) SOLID_ANGLE_UNIT() );
#6082 = UNCERTAINTY_MEASURE_WITH_UNIT(LENGTH_MEASURE(1.E-07),#6079,
  'distance_accuracy_value','confusion accuracy');
#6083 = CONTEXT_DEPENDENT_SHAPE_REPRESENTATION(#6084,#6086);
#6084 = ( REPRESENTATION_RELATIONSHIP('','',#5433,#10) 
REPRESENTATION_RELATIONSHIP_WITH_TRANSFORMATION(#6085) 
SHAPE_REPRESENTATION_RELATIONSHIP() );
#6085 = ITEM_DEFINED_TRANSFORMATION('','',#11,#75);
#6086 = PRODUCT_DEFINITION_SHAPE('Placement','Placement of an item',
  #6087);
#6087 = NEXT_ASSEMBLY_USAGE_OCCURRENCE('16','stabilizer:rear_right','',
  #5,#5428,$);
#6088 = PRODUCT_RELATED_PRODUCT_CATEGORY('part',$,(#5430));
#6089 = SHAPE_DEFINITION_REPRESENTATION(#6090,#6096);
#6090 = PRODUCT_DEFINITION_SHAPE('','',#6091);
#6091 = PRODUCT_DEFINITION('design','',#6092,#6095);
#6092 = PRODUCT_DEFINITION_FORMATION('','',#6093);
#6093 = PRODUCT('turret_column','turret_column','',(#6094));
#6094 = PRODUCT_CONTEXT('',#2,'mechanical');
#6095 = PRODUCT_DEFINITION_CONTEXT('part definition',#2,'design');
#6096 = ADVANCED_BREP_SHAPE_REPRESENTATION('',(#11,#6097),#6427);
#6097 = MANIFOLD_SOLID_BREP('',#6098);
#6098 = CLOSED_SHELL('',(#6099,#6219,#6319,#6366,#6413,#6420));
#6099 = ADVANCED_FACE('',(#6100),#6114,.F.);
#6100 = FACE_BOUND('',#6101,.F.);
#6101 = EDGE_LOOP('',(#6102,#6137,#6165,#6193));
#6102 = ORIENTED_EDGE('',*,*,#6103,.F.);
#6103 = EDGE_CURVE('',#6104,#6106,#6108,.T.);
#6104 = VERTEX_POINT('',#6105);
#6105 = CARTESIAN_POINT('',(-203.2,-203.2,0.));
#6106 = VERTEX_POINT('',#6107);
#6107 = CARTESIAN_POINT('',(-203.2,-203.2,914.4));
#6108 = SURFACE_CURVE('',#6109,(#6113,#6125),.PCURVE_S1.);
#6109 = LINE('',#6110,#6111);
#6110 = CARTESIAN_POINT('',(-203.2,-203.2,0.));
#6111 = VECTOR('',#6112,1.);
#6112 = DIRECTION('',(0.,0.,1.));
#6113 = PCURVE('',#6114,#6119);
#6114 = PLANE('',#6115);
#6115 = AXIS2_PLACEMENT_3D('',#6116,#6117,#6118);
#6116 = CARTESIAN_POINT('',(-203.2,-203.2,0.));
#6117 = DIRECTION('',(1.,0.,0.));
#6118 = DIRECTION('',(0.,0.,1.));
#6119 = DEFINITIONAL_REPRESENTATION('',(#6120),#6124);
#6120 = LINE('',#6121,#6122);
#6121 = CARTESIAN_POINT('',(0.,0.));
#6122 = VECTOR('',#6123,1.);
#6123 = DIRECTION('',(1.,0.));
#6124 = ( GEOMETRIC_REPRESENTATION_CONTEXT(2) 
PARAMETRIC_REPRESENTATION_CONTEXT() REPRESENTATION_CONTEXT('2D SPACE',''
  ) );
#6125 = PCURVE('',#6126,#6131);
#6126 = PLANE('',#6127);
#6127 = AXIS2_PLACEMENT_3D('',#6128,#6129,#6130);
#6128 = CARTESIAN_POINT('',(-203.2,-203.2,0.));
#6129 = DIRECTION('',(0.,1.,0.));
#6130 = DIRECTION('',(0.,0.,1.));
#6131 = DEFINITIONAL_REPRESENTATION('',(#6132),#6136);
#6132 = LINE('',#6133,#6134);
#6133 = CARTESIAN_POINT('',(0.,0.));
#6134 = VECTOR('',#6135,1.);
#6135 = DIRECTION('',(1.,0.));
#6136 = ( GEOMETRIC_REPRESENTATION_CONTEXT(2) 
PARAMETRIC_REPRESENTATION_CONTEXT() REPRESENTATION_CONTEXT('2D SPACE',''
  ) );
#6137 = ORIENTED_EDGE('',*,*,#6138,.T.);
#6138 = EDGE_CURVE('',#6104,#6139,#6141,.T.);
#6139 = VERTEX_POINT('',#6140);
#6140 = CARTESIAN_POINT('',(-203.2,203.2,0.));
#6141 = SURFACE_CURVE('',#6142,(#6146,#6153),.PCURVE_S1.);
#6142 = LINE('',#6143,#6144);
#6143 = CARTESIAN_POINT('',(-203.2,-203.2,0.));
#6144 = VECTOR('',#6145,1.);
#6145 = DIRECTION('',(0.,1.,0.));
#6146 = PCURVE('',#6114,#6147);
#6147 = DEFINITIONAL_REPRESENTATION('',(#6148),#6152);
#6148 = LINE('',#6149,#6150);
#6149 = CARTESIAN_POINT('',(0.,0.));
#6150 = VECTOR('',#6151,1.);
#6151 = DIRECTION('',(0.,-1.));
#6152 = ( GEOMETRIC_REPRESENTATION_CONTEXT(2) 
PARAMETRIC_REPRESENTATION_CONTEXT() REPRESENTATION_CONTEXT('2D SPACE',''
  ) );
#6153 = PCURVE('',#6154,#6159);
#6154 = PLANE('',#6155);
#6155 = AXIS2_PLACEMENT_3D('',#6156,#6157,#6158);
#6156 = CARTESIAN_POINT('',(-203.2,-203.2,0.));
#6157 = DIRECTION('',(0.,0.,1.));
#6158 = DIRECTION('',(1.,0.,0.));
#6159 = DEFINITIONAL_REPRESENTATION('',(#6160),#6164);
#6160 = LINE('',#6161,#6162);
#6161 = CARTESIAN_POINT('',(0.,0.));
#6162 = VECTOR('',#6163,1.);
#6163 = DIRECTION('',(0.,1.));
#6164 = ( GEOMETRIC_REPRESENTATION_CONTEXT(2) 
PARAMETRIC_REPRESENTATION_CONTEXT() REPRESENTATION_CONTEXT('2D SPACE',''
  ) );
#6165 = ORIENTED_EDGE('',*,*,#6166,.T.);
#6166 = EDGE_CURVE('',#6139,#6167,#6169,.T.);
#6167 = VERTEX_POINT('',#6168);
#6168 = CARTESIAN_POINT('',(-203.2,203.2,914.4));
#6169 = SURFACE_CURVE('',#6170,(#6174,#6181),.PCURVE_S1.);
#6170 = LINE('',#6171,#6172);
#6171 = CARTESIAN_POINT('',(-203.2,203.2,0.));
#6172 = VECTOR('',#6173,1.);
#6173 = DIRECTION('',(0.,0.,1.));
#6174 = PCURVE('',#6114,#6175);
#6175 = DEFINITIONAL_REPRESENTATION('',(#6176),#6180);
#6176 = LINE('',#6177,#6178);
#6177 = CARTESIAN_POINT('',(0.,-406.4));
#6178 = VECTOR('',#6179,1.);
#6179 = DIRECTION('',(1.,0.));
#6180 = ( GEOMETRIC_REPRESENTATION_CONTEXT(2) 
PARAMETRIC_REPRESENTATION_CONTEXT() REPRESENTATION_CONTEXT('2D SPACE',''
  ) );
#6181 = PCURVE('',#6182,#6187);
#6182 = PLANE('',#6183);
#6183 = AXIS2_PLACEMENT_3D('',#6184,#6185,#6186);
#6184 = CARTESIAN_POINT('',(-203.2,203.2,0.));
#6185 = DIRECTION('',(0.,1.,0.));
#6186 = DIRECTION('',(0.,0.,1.));
#6187 = DEFINITIONAL_REPRESENTATION('',(#6188),#6192);
#6188 = LINE('',#6189,#6190);
#6189 = CARTESIAN_POINT('',(0.,0.));
#6190 = VECTOR('',#6191,1.);
#6191 = DIRECTION('',(1.,0.));
#6192 = ( GEOMETRIC_REPRESENTATION_CONTEXT(2) 
PARAMETRIC_REPRESENTATION_CONTEXT() REPRESENTATION_CONTEXT('2D SPACE',''
  ) );
#6193 = ORIENTED_EDGE('',*,*,#6194,.F.);
#6194 = EDGE_CURVE('',#6106,#6167,#6195,.T.);
#6195 = SURFACE_CURVE('',#6196,(#6200,#6207),.PCURVE_S1.);
#6196 = LINE('',#6197,#6198);
#6197 = CARTESIAN_POINT('',(-203.2,-203.2,914.4));
#6198 = VECTOR('',#6199,1.);
#6199 = DIRECTION('',(0.,1.,0.));
#6200 = PCURVE('',#6114,#6201);
#6201 = DEFINITIONAL_REPRESENTATION('',(#6202),#6206);
#6202 = LINE('',#6203,#6204);
#6203 = CARTESIAN_POINT('',(914.4,0.));
#6204 = VECTOR('',#6205,1.);
#6205 = DIRECTION('',(0.,-1.));
#6206 = ( GEOMETRIC_REPRESENTATION_CONTEXT(2) 
PARAMETRIC_REPRESENTATION_CONTEXT() REPRESENTATION_CONTEXT('2D SPACE',''
  ) );
#6207 = PCURVE('',#6208,#6213);
#6208 = PLANE('',#6209);
#6209 = AXIS2_PLACEMENT_3D('',#6210,#6211,#6212);
#6210 = CARTESIAN_POINT('',(-203.2,-203.2,914.4));
#6211 = DIRECTION('',(0.,0.,1.));
#6212 = DIRECTION('',(1.,0.,0.));
#6213 = DEFINITIONAL_REPRESENTATION('',(#6214),#6218);
#6214 = LINE('',#6215,#6216);
#6215 = CARTESIAN_POINT('',(0.,0.));
#6216 = VECTOR('',#6217,1.);
#6217 = DIRECTION('',(0.,1.));
#6218 = ( GEOMETRIC_REPRESENTATION_CONTEXT(2) 
PARAMETRIC_REPRESENTATION_CONTEXT() REPRESENTATION_CONTEXT('2D SPACE',''
  ) );
#6219 = ADVANCED_FACE('',(#6220),#6234,.T.);
#6220 = FACE_BOUND('',#6221,.T.);
#6221 = EDGE_LOOP('',(#6222,#6252,#6275,#6298));
#6222 = ORIENTED_EDGE('',*,*,#6223,.F.);
#6223 = EDGE_CURVE('',#6224,#6226,#6228,.T.);
#6224 = VERTEX_POINT('',#6225);
#6225 = CARTESIAN_POINT('',(203.2,-203.2,0.));
#6226 = VERTEX_POINT('',#6227);
#6227 = CARTESIAN_POINT('',(203.2,-203.2,914.4));
#6228 = SURFACE_CURVE('',#6229,(#6233,#6245),.PCURVE_S1.);
#6229 = LINE('',#6230,#6231);
#6230 = CARTESIAN_POINT('',(203.2,-203.2,0.));
#6231 = VECTOR('',#6232,1.);
#6232 = DIRECTION('',(0.,0.,1.));
#6233 = PCURVE('',#6234,#6239);
#6234 = PLANE('',#6235);
#6235 = AXIS2_PLACEMENT_3D('',#6236,#6237,#6238);
#6236 = CARTESIAN_POINT('',(203.2,-203.2,0.));
#6237 = DIRECTION('',(1.,0.,0.));
#6238 = DIRECTION('',(0.,0.,1.));
#6239 = DEFINITIONAL_REPRESENTATION('',(#6240),#6244);
#6240 = LINE('',#6241,#6242);
#6241 = CARTESIAN_POINT('',(0.,0.));
#6242 = VECTOR('',#6243,1.);
#6243 = DIRECTION('',(1.,0.));
#6244 = ( GEOMETRIC_REPRESENTATION_CONTEXT(2) 
PARAMETRIC_REPRESENTATION_CONTEXT() REPRESENTATION_CONTEXT('2D SPACE',''
  ) );
#6245 = PCURVE('',#6126,#6246);
#6246 = DEFINITIONAL_REPRESENTATION('',(#6247),#6251);
#6247 = LINE('',#6248,#6249);
#6248 = CARTESIAN_POINT('',(0.,406.4));
#6249 = VECTOR('',#6250,1.);
#6250 = DIRECTION('',(1.,0.));
#6251 = ( GEOMETRIC_REPRESENTATION_CONTEXT(2) 
PARAMETRIC_REPRESENTATION_CONTEXT() REPRESENTATION_CONTEXT('2D SPACE',''
  ) );
#6252 = ORIENTED_EDGE('',*,*,#6253,.T.);
#6253 = EDGE_CURVE('',#6224,#6254,#6256,.T.);
#6254 = VERTEX_POINT('',#6255);
#6255 = CARTESIAN_POINT('',(203.2,203.2,0.));
#6256 = SURFACE_CURVE('',#6257,(#6261,#6268),.PCURVE_S1.);
#6257 = LINE('',#6258,#6259);
#6258 = CARTESIAN_POINT('',(203.2,-203.2,0.));
#6259 = VECTOR('',#6260,1.);
#6260 = DIRECTION('',(0.,1.,0.));
#6261 = PCURVE('',#6234,#6262);
#6262 = DEFINITIONAL_REPRESENTATION('',(#6263),#6267);
#6263 = LINE('',#6264,#6265);
#6264 = CARTESIAN_POINT('',(0.,0.));
#6265 = VECTOR('',#6266,1.);
#6266 = DIRECTION('',(0.,-1.));
#6267 = ( GEOMETRIC_REPRESENTATION_CONTEXT(2) 
PARAMETRIC_REPRESENTATION_CONTEXT() REPRESENTATION_CONTEXT('2D SPACE',''
  ) );
#6268 = PCURVE('',#6154,#6269);
#6269 = DEFINITIONAL_REPRESENTATION('',(#6270),#6274);
#6270 = LINE('',#6271,#6272);
#6271 = CARTESIAN_POINT('',(406.4,0.));
#6272 = VECTOR('',#6273,1.);
#6273 = DIRECTION('',(0.,1.));
#6274 = ( GEOMETRIC_REPRESENTATION_CONTEXT(2) 
PARAMETRIC_REPRESENTATION_CONTEXT() REPRESENTATION_CONTEXT('2D SPACE',''
  ) );
#6275 = ORIENTED_EDGE('',*,*,#6276,.T.);
#6276 = EDGE_CURVE('',#6254,#6277,#6279,.T.);
#6277 = VERTEX_POINT('',#6278);
#6278 = CARTESIAN_POINT('',(203.2,203.2,914.4));
#6279 = SURFACE_CURVE('',#6280,(#6284,#6291),.PCURVE_S1.);
#6280 = LINE('',#6281,#6282);
#6281 = CARTESIAN_POINT('',(203.2,203.2,0.));
#6282 = VECTOR('',#6283,1.);
#6283 = DIRECTION('',(0.,0.,1.));
#6284 = PCURVE('',#6234,#6285);
#6285 = DEFINITIONAL_REPRESENTATION('',(#6286),#6290);
#6286 = LINE('',#6287,#6288);
#6287 = CARTESIAN_POINT('',(0.,-406.4));
#6288 = VECTOR('',#6289,1.);
#6289 = DIRECTION('',(1.,0.));
#6290 = ( GEOMETRIC_REPRESENTATION_CONTEXT(2) 
PARAMETRIC_REPRESENTATION_CONTEXT() REPRESENTATION_CONTEXT('2D SPACE',''
  ) );
#6291 = PCURVE('',#6182,#6292);
#6292 = DEFINITIONAL_REPRESENTATION('',(#6293),#6297);
#6293 = LINE('',#6294,#6295);
#6294 = CARTESIAN_POINT('',(0.,406.4));
#6295 = VECTOR('',#6296,1.);
#6296 = DIRECTION('',(1.,0.));
#6297 = ( GEOMETRIC_REPRESENTATION_CONTEXT(2) 
PARAMETRIC_REPRESENTATION_CONTEXT() REPRESENTATION_CONTEXT('2D SPACE',''
  ) );
#6298 = ORIENTED_EDGE('',*,*,#6299,.F.);
#6299 = EDGE_CURVE('',#6226,#6277,#6300,.T.);
#6300 = SURFACE_CURVE('',#6301,(#6305,#6312),.PCURVE_S1.);
#6301 = LINE('',#6302,#6303);
#6302 = CARTESIAN_POINT('',(203.2,-203.2,914.4));
#6303 = VECTOR('',#6304,1.);
#6304 = DIRECTION('',(0.,1.,0.));
#6305 = PCURVE('',#6234,#6306);
#6306 = DEFINITIONAL_REPRESENTATION('',(#6307),#6311);
#6307 = LINE('',#6308,#6309);
#6308 = CARTESIAN_POINT('',(914.4,0.));
#6309 = VECTOR('',#6310,1.);
#6310 = DIRECTION('',(0.,-1.));
#6311 = ( GEOMETRIC_REPRESENTATION_CONTEXT(2) 
PARAMETRIC_REPRESENTATION_CONTEXT() REPRESENTATION_CONTEXT('2D SPACE',''
  ) );
#6312 = PCURVE('',#6208,#6313);
#6313 = DEFINITIONAL_REPRESENTATION('',(#6314),#6318);
#6314 = LINE('',#6315,#6316);
#6315 = CARTESIAN_POINT('',(406.4,0.));
#6316 = VECTOR('',#6317,1.);
#6317 = DIRECTION('',(0.,1.));
#6318 = ( GEOMETRIC_REPRESENTATION_CONTEXT(2) 
PARAMETRIC_REPRESENTATION_CONTEXT() REPRESENTATION_CONTEXT('2D SPACE',''
  ) );
#6319 = ADVANCED_FACE('',(#6320),#6126,.F.);
#6320 = FACE_BOUND('',#6321,.F.);
#6321 = EDGE_LOOP('',(#6322,#6343,#6344,#6365));
#6322 = ORIENTED_EDGE('',*,*,#6323,.F.);
#6323 = EDGE_CURVE('',#6104,#6224,#6324,.T.);
#6324 = SURFACE_CURVE('',#6325,(#6329,#6336),.PCURVE_S1.);
#6325 = LINE('',#6326,#6327);
#6326 = CARTESIAN_POINT('',(-203.2,-203.2,0.));
#6327 = VECTOR('',#6328,1.);
#6328 = DIRECTION('',(1.,0.,0.));
#6329 = PCURVE('',#6126,#6330);
#6330 = DEFINITIONAL_REPRESENTATION('',(#6331),#6335);
#6331 = LINE('',#6332,#6333);
#6332 = CARTESIAN_POINT('',(0.,0.));
#6333 = VECTOR('',#6334,1.);
#6334 = DIRECTION('',(0.,1.));
#6335 = ( GEOMETRIC_REPRESENTATION_CONTEXT(2) 
PARAMETRIC_REPRESENTATION_CONTEXT() REPRESENTATION_CONTEXT('2D SPACE',''
  ) );
#6336 = PCURVE('',#6154,#6337);
#6337 = DEFINITIONAL_REPRESENTATION('',(#6338),#6342);
#6338 = LINE('',#6339,#6340);
#6339 = CARTESIAN_POINT('',(0.,0.));
#6340 = VECTOR('',#6341,1.);
#6341 = DIRECTION('',(1.,0.));
#6342 = ( GEOMETRIC_REPRESENTATION_CONTEXT(2) 
PARAMETRIC_REPRESENTATION_CONTEXT() REPRESENTATION_CONTEXT('2D SPACE',''
  ) );
#6343 = ORIENTED_EDGE('',*,*,#6103,.T.);
#6344 = ORIENTED_EDGE('',*,*,#6345,.T.);
#6345 = EDGE_CURVE('',#6106,#6226,#6346,.T.);
#6346 = SURFACE_CURVE('',#6347,(#6351,#6358),.PCURVE_S1.);
#6347 = LINE('',#6348,#6349);
#6348 = CARTESIAN_POINT('',(-203.2,-203.2,914.4));
#6349 = VECTOR('',#6350,1.);
#6350 = DIRECTION('',(1.,0.,0.));
#6351 = PCURVE('',#6126,#6352);
#6352 = DEFINITIONAL_REPRESENTATION('',(#6353),#6357);
#6353 = LINE('',#6354,#6355);
#6354 = CARTESIAN_POINT('',(914.4,0.));
#6355 = VECTOR('',#6356,1.);
#6356 = DIRECTION('',(0.,1.));
#6357 = ( GEOMETRIC_REPRESENTATION_CONTEXT(2) 
PARAMETRIC_REPRESENTATION_CONTEXT() REPRESENTATION_CONTEXT('2D SPACE',''
  ) );
#6358 = PCURVE('',#6208,#6359);
#6359 = DEFINITIONAL_REPRESENTATION('',(#6360),#6364);
#6360 = LINE('',#6361,#6362);
#6361 = CARTESIAN_POINT('',(0.,0.));
#6362 = VECTOR('',#6363,1.);
#6363 = DIRECTION('',(1.,0.));
#6364 = ( GEOMETRIC_REPRESENTATION_CONTEXT(2) 
PARAMETRIC_REPRESENTATION_CONTEXT() REPRESENTATION_CONTEXT('2D SPACE',''
  ) );
#6365 = ORIENTED_EDGE('',*,*,#6223,.F.);
#6366 = ADVANCED_FACE('',(#6367),#6182,.T.);
#6367 = FACE_BOUND('',#6368,.T.);
#6368 = EDGE_LOOP('',(#6369,#6390,#6391,#6412));
#6369 = ORIENTED_EDGE('',*,*,#6370,.F.);
#6370 = EDGE_CURVE('',#6139,#6254,#6371,.T.);
#6371 = SURFACE_CURVE('',#6372,(#6376,#6383),.PCURVE_S1.);
#6372 = LINE('',#6373,#6374);
#6373 = CARTESIAN_POINT('',(-203.2,203.2,0.));
#6374 = VECTOR('',#6375,1.);
#6375 = DIRECTION('',(1.,0.,0.));
#6376 = PCURVE('',#6182,#6377);
#6377 = DEFINITIONAL_REPRESENTATION('',(#6378),#6382);
#6378 = LINE('',#6379,#6380);
#6379 = CARTESIAN_POINT('',(0.,0.));
#6380 = VECTOR('',#6381,1.);
#6381 = DIRECTION('',(0.,1.));
#6382 = ( GEOMETRIC_REPRESENTATION_CONTEXT(2) 
PARAMETRIC_REPRESENTATION_CONTEXT() REPRESENTATION_CONTEXT('2D SPACE',''
  ) );
#6383 = PCURVE('',#6154,#6384);
#6384 = DEFINITIONAL_REPRESENTATION('',(#6385),#6389);
#6385 = LINE('',#6386,#6387);
#6386 = CARTESIAN_POINT('',(0.,406.4));
#6387 = VECTOR('',#6388,1.);
#6388 = DIRECTION('',(1.,0.));
#6389 = ( GEOMETRIC_REPRESENTATION_CONTEXT(2) 
PARAMETRIC_REPRESENTATION_CONTEXT() REPRESENTATION_CONTEXT('2D SPACE',''
  ) );
#6390 = ORIENTED_EDGE('',*,*,#6166,.T.);
#6391 = ORIENTED_EDGE('',*,*,#6392,.T.);
#6392 = EDGE_CURVE('',#6167,#6277,#6393,.T.);
#6393 = SURFACE_CURVE('',#6394,(#6398,#6405),.PCURVE_S1.);
#6394 = LINE('',#6395,#6396);
#6395 = CARTESIAN_POINT('',(-203.2,203.2,914.4));
#6396 = VECTOR('',#6397,1.);
#6397 = DIRECTION('',(1.,0.,0.));
#6398 = PCURVE('',#6182,#6399);
#6399 = DEFINITIONAL_REPRESENTATION('',(#6400),#6404);
#6400 = LINE('',#6401,#6402);
#6401 = CARTESIAN_POINT('',(914.4,0.));
#6402 = VECTOR('',#6403,1.);
#6403 = DIRECTION('',(0.,1.));
#6404 = ( GEOMETRIC_REPRESENTATION_CONTEXT(2) 
PARAMETRIC_REPRESENTATION_CONTEXT() REPRESENTATION_CONTEXT('2D SPACE',''
  ) );
#6405 = PCURVE('',#6208,#6406);
#6406 = DEFINITIONAL_REPRESENTATION('',(#6407),#6411);
#6407 = LINE('',#6408,#6409);
#6408 = CARTESIAN_POINT('',(0.,406.4));
#6409 = VECTOR('',#6410,1.);
#6410 = DIRECTION('',(1.,0.));
#6411 = ( GEOMETRIC_REPRESENTATION_CONTEXT(2) 
PARAMETRIC_REPRESENTATION_CONTEXT() REPRESENTATION_CONTEXT('2D SPACE',''
  ) );
#6412 = ORIENTED_EDGE('',*,*,#6276,.F.);
#6413 = ADVANCED_FACE('',(#6414),#6154,.F.);
#6414 = FACE_BOUND('',#6415,.F.);
#6415 = EDGE_LOOP('',(#6416,#6417,#6418,#6419));
#6416 = ORIENTED_EDGE('',*,*,#6138,.F.);
#6417 = ORIENTED_EDGE('',*,*,#6323,.T.);
#6418 = ORIENTED_EDGE('',*,*,#6253,.T.);
#6419 = ORIENTED_EDGE('',*,*,#6370,.F.);
#6420 = ADVANCED_FACE('',(#6421),#6208,.T.);
#6421 = FACE_BOUND('',#6422,.T.);
#6422 = EDGE_LOOP('',(#6423,#6424,#6425,#6426));
#6423 = ORIENTED_EDGE('',*,*,#6194,.F.);
#6424 = ORIENTED_EDGE('',*,*,#6345,.T.);
#6425 = ORIENTED_EDGE('',*,*,#6299,.T.);
#6426 = ORIENTED_EDGE('',*,*,#6392,.F.);
#6427 = ( GEOMETRIC_REPRESENTATION_CONTEXT(3) 
GLOBAL_UNCERTAINTY_ASSIGNED_CONTEXT((#6431)) 
GLOBAL_UNIT_ASSIGNED_CONTEXT((#6428,#6429,#6430)) REPRESENTATION_CONTEXT
('Context #1','3D Context with UNIT and UNCERTAINTY') );
#6428 = ( LENGTH_UNIT() NAMED_UNIT(*) SI_UNIT(.MILLI.,.METRE.) );
#6429 = ( NAMED_UNIT(*) PLANE_ANGLE_UNIT() SI_UNIT($,.RADIAN.) );
#6430 = ( NAMED_UNIT(*) SI_UNIT($,.STERADIAN.) SOLID_ANGLE_UNIT() );
#6431 = UNCERTAINTY_MEASURE_WITH_UNIT(LENGTH_MEASURE(1.E-07),#6428,
  'distance_accuracy_value','confusion accuracy');
#6432 = CONTEXT_DEPENDENT_SHAPE_REPRESENTATION(#6433,#6435);
#6433 = ( REPRESENTATION_RELATIONSHIP('','',#6096,#10) 
REPRESENTATION_RELATIONSHIP_WITH_TRANSFORMATION(#6434) 
SHAPE_REPRESENTATION_RELATIONSHIP() );
#6434 = ITEM_DEFINED_TRANSFORMATION('','',#11,#79);
#6435 = PRODUCT_DEFINITION_SHAPE('Placement','Placement of an item',
  #6436);
#6436 = NEXT_ASSEMBLY_USAGE_OCCURRENCE('17','turret_column','',#5,#6091,
  $);
#6437 = PRODUCT_RELATED_PRODUCT_CATEGORY('part',$,(#6093));
#6438 = SHAPE_DEFINITION_REPRESENTATION(#6439,#6445);
#6439 = PRODUCT_DEFINITION_SHAPE('','',#6440);
#6440 = PRODUCT_DEFINITION('design','',#6441,#6444);
#6441 = PRODUCT_DEFINITION_FORMATION('','',#6442);
#6442 = PRODUCT('battery_box','battery_box','',(#6443));
#6443 = PRODUCT_CONTEXT('',#2,'mechanical');
#6444 = PRODUCT_DEFINITION_CONTEXT('part definition',#2,'design');
#6445 = ADVANCED_BREP_SHAPE_REPRESENTATION('',(#11,#6446),#6776);
#6446 = MANIFOLD_SOLID_BREP('',#6447);
#6447 = CLOSED_SHELL('',(#6448,#6568,#6668,#6715,#6762,#6769));
#6448 = ADVANCED_FACE('',(#6449),#6463,.F.);
#6449 = FACE_BOUND('',#6450,.F.);
#6450 = EDGE_LOOP('',(#6451,#6486,#6514,#6542));
#6451 = ORIENTED_EDGE('',*,*,#6452,.F.);
#6452 = EDGE_CURVE('',#6453,#6455,#6457,.T.);
#6453 = VERTEX_POINT('',#6454);
#6454 = CARTESIAN_POINT('',(-203.2,-304.8,-254.));
#6455 = VERTEX_POINT('',#6456);
#6456 = CARTESIAN_POINT('',(-203.2,-304.8,254.));
#6457 = SURFACE_CURVE('',#6458,(#6462,#6474),.PCURVE_S1.);
#6458 = LINE('',#6459,#6460);
#6459 = CARTESIAN_POINT('',(-203.2,-304.8,-254.));
#6460 = VECTOR('',#6461,1.);
#6461 = DIRECTION('',(0.,0.,1.));
#6462 = PCURVE('',#6463,#6468);
#6463 = PLANE('',#6464);
#6464 = AXIS2_PLACEMENT_3D('',#6465,#6466,#6467);
#6465 = CARTESIAN_POINT('',(-203.2,-304.8,-254.));
#6466 = DIRECTION('',(1.,0.,0.));
#6467 = DIRECTION('',(0.,0.,1.));
#6468 = DEFINITIONAL_REPRESENTATION('',(#6469),#6473);
#6469 = LINE('',#6470,#6471);
#6470 = CARTESIAN_POINT('',(0.,0.));
#6471 = VECTOR('',#6472,1.);
#6472 = DIRECTION('',(1.,0.));
#6473 = ( GEOMETRIC_REPRESENTATION_CONTEXT(2) 
PARAMETRIC_REPRESENTATION_CONTEXT() REPRESENTATION_CONTEXT('2D SPACE',''
  ) );
#6474 = PCURVE('',#6475,#6480);
#6475 = PLANE('',#6476);
#6476 = AXIS2_PLACEMENT_3D('',#6477,#6478,#6479);
#6477 = CARTESIAN_POINT('',(-203.2,-304.8,-254.));
#6478 = DIRECTION('',(0.,1.,0.));
#6479 = DIRECTION('',(0.,0.,1.));
#6480 = DEFINITIONAL_REPRESENTATION('',(#6481),#6485);
#6481 = LINE('',#6482,#6483);
#6482 = CARTESIAN_POINT('',(0.,0.));
#6483 = VECTOR('',#6484,1.);
#6484 = DIRECTION('',(1.,0.));
#6485 = ( GEOMETRIC_REPRESENTATION_CONTEXT(2) 
PARAMETRIC_REPRESENTATION_CONTEXT() REPRESENTATION_CONTEXT('2D SPACE',''
  ) );
#6486 = ORIENTED_EDGE('',*,*,#6487,.T.);
#6487 = EDGE_CURVE('',#6453,#6488,#6490,.T.);
#6488 = VERTEX_POINT('',#6489);
#6489 = CARTESIAN_POINT('',(-203.2,304.8,-254.));
#6490 = SURFACE_CURVE('',#6491,(#6495,#6502),.PCURVE_S1.);
#6491 = LINE('',#6492,#6493);
#6492 = CARTESIAN_POINT('',(-203.2,-304.8,-254.));
#6493 = VECTOR('',#6494,1.);
#6494 = DIRECTION('',(0.,1.,0.));
#6495 = PCURVE('',#6463,#6496);
#6496 = DEFINITIONAL_REPRESENTATION('',(#6497),#6501);
#6497 = LINE('',#6498,#6499);
#6498 = CARTESIAN_POINT('',(0.,0.));
#6499 = VECTOR('',#6500,1.);
#6500 = DIRECTION('',(0.,-1.));
#6501 = ( GEOMETRIC_REPRESENTATION_CONTEXT(2) 
PARAMETRIC_REPRESENTATION_CONTEXT() REPRESENTATION_CONTEXT('2D SPACE',''
  ) );
#6502 = PCURVE('',#6503,#6508);
#6503 = PLANE('',#6504);
#6504 = AXIS2_PLACEMENT_3D('',#6505,#6506,#6507);
#6505 = CARTESIAN_POINT('',(-203.2,-304.8,-254.));
#6506 = DIRECTION('',(0.,0.,1.));
#6507 = DIRECTION('',(1.,0.,0.));
#6508 = DEFINITIONAL_REPRESENTATION('',(#6509),#6513);
#6509 = LINE('',#6510,#6511);
#6510 = CARTESIAN_POINT('',(0.,0.));
#6511 = VECTOR('',#6512,1.);
#6512 = DIRECTION('',(0.,1.));
#6513 = ( GEOMETRIC_REPRESENTATION_CONTEXT(2) 
PARAMETRIC_REPRESENTATION_CONTEXT() REPRESENTATION_CONTEXT('2D SPACE',''
  ) );
#6514 = ORIENTED_EDGE('',*,*,#6515,.T.);
#6515 = EDGE_CURVE('',#6488,#6516,#6518,.T.);
#6516 = VERTEX_POINT('',#6517);
#6517 = CARTESIAN_POINT('',(-203.2,304.8,254.));
#6518 = SURFACE_CURVE('',#6519,(#6523,#6530),.PCURVE_S1.);
#6519 = LINE('',#6520,#6521);
#6520 = CARTESIAN_POINT('',(-203.2,304.8,-254.));
#6521 = VECTOR('',#6522,1.);
#6522 = DIRECTION('',(0.,0.,1.));
#6523 = PCURVE('',#6463,#6524);
#6524 = DEFINITIONAL_REPRESENTATION('',(#6525),#6529);
#6525 = LINE('',#6526,#6527);
#6526 = CARTESIAN_POINT('',(0.,-609.6));
#6527 = VECTOR('',#6528,1.);
#6528 = DIRECTION('',(1.,0.));
#6529 = ( GEOMETRIC_REPRESENTATION_CONTEXT(2) 
PARAMETRIC_REPRESENTATION_CONTEXT() REPRESENTATION_CONTEXT('2D SPACE',''
  ) );
#6530 = PCURVE('',#6531,#6536);
#6531 = PLANE('',#6532);
#6532 = AXIS2_PLACEMENT_3D('',#6533,#6534,#6535);
#6533 = CARTESIAN_POINT('',(-203.2,304.8,-254.));
#6534 = DIRECTION('',(0.,1.,0.));
#6535 = DIRECTION('',(0.,0.,1.));
#6536 = DEFINITIONAL_REPRESENTATION('',(#6537),#6541);
#6537 = LINE('',#6538,#6539);
#6538 = CARTESIAN_POINT('',(0.,0.));
#6539 = VECTOR('',#6540,1.);
#6540 = DIRECTION('',(1.,0.));
#6541 = ( GEOMETRIC_REPRESENTATION_CONTEXT(2) 
PARAMETRIC_REPRESENTATION_CONTEXT() REPRESENTATION_CONTEXT('2D SPACE',''
  ) );
#6542 = ORIENTED_EDGE('',*,*,#6543,.F.);
#6543 = EDGE_CURVE('',#6455,#6516,#6544,.T.);
#6544 = SURFACE_CURVE('',#6545,(#6549,#6556),.PCURVE_S1.);
#6545 = LINE('',#6546,#6547);
#6546 = CARTESIAN_POINT('',(-203.2,-304.8,254.));
#6547 = VECTOR('',#6548,1.);
#6548 = DIRECTION('',(0.,1.,0.));
#6549 = PCURVE('',#6463,#6550);
#6550 = DEFINITIONAL_REPRESENTATION('',(#6551),#6555);
#6551 = LINE('',#6552,#6553);
#6552 = CARTESIAN_POINT('',(508.,0.));
#6553 = VECTOR('',#6554,1.);
#6554 = DIRECTION('',(0.,-1.));
#6555 = ( GEOMETRIC_REPRESENTATION_CONTEXT(2) 
PARAMETRIC_REPRESENTATION_CONTEXT() REPRESENTATION_CONTEXT('2D SPACE',''
  ) );
#6556 = PCURVE('',#6557,#6562);
#6557 = PLANE('',#6558);
#6558 = AXIS2_PLACEMENT_3D('',#6559,#6560,#6561);
#6559 = CARTESIAN_POINT('',(-203.2,-304.8,254.));
#6560 = DIRECTION('',(0.,0.,1.));
#6561 = DIRECTION('',(1.,0.,0.));
#6562 = DEFINITIONAL_REPRESENTATION('',(#6563),#6567);
#6563 = LINE('',#6564,#6565);
#6564 = CARTESIAN_POINT('',(0.,0.));
#6565 = VECTOR('',#6566,1.);
#6566 = DIRECTION('',(0.,1.));
#6567 = ( GEOMETRIC_REPRESENTATION_CONTEXT(2) 
PARAMETRIC_REPRESENTATION_CONTEXT() REPRESENTATION_CONTEXT('2D SPACE',''
  ) );
#6568 = ADVANCED_FACE('',(#6569),#6583,.T.);
#6569 = FACE_BOUND('',#6570,.T.);
#6570 = EDGE_LOOP('',(#6571,#6601,#6624,#6647));
#6571 = ORIENTED_EDGE('',*,*,#6572,.F.);
#6572 = EDGE_CURVE('',#6573,#6575,#6577,.T.);
#6573 = VERTEX_POINT('',#6574);
#6574 = CARTESIAN_POINT('',(203.2,-304.8,-254.));
#6575 = VERTEX_POINT('',#6576);
#6576 = CARTESIAN_POINT('',(203.2,-304.8,254.));
#6577 = SURFACE_CURVE('',#6578,(#6582,#6594),.PCURVE_S1.);
#6578 = LINE('',#6579,#6580);
#6579 = CARTESIAN_POINT('',(203.2,-304.8,-254.));
#6580 = VECTOR('',#6581,1.);
#6581 = DIRECTION('',(0.,0.,1.));
#6582 = PCURVE('',#6583,#6588);
#6583 = PLANE('',#6584);
#6584 = AXIS2_PLACEMENT_3D('',#6585,#6586,#6587);
#6585 = CARTESIAN_POINT('',(203.2,-304.8,-254.));
#6586 = DIRECTION('',(1.,0.,0.));
#6587 = DIRECTION('',(0.,0.,1.));
#6588 = DEFINITIONAL_REPRESENTATION('',(#6589),#6593);
#6589 = LINE('',#6590,#6591);
#6590 = CARTESIAN_POINT('',(0.,0.));
#6591 = VECTOR('',#6592,1.);
#6592 = DIRECTION('',(1.,0.));
#6593 = ( GEOMETRIC_REPRESENTATION_CONTEXT(2) 
PARAMETRIC_REPRESENTATION_CONTEXT() REPRESENTATION_CONTEXT('2D SPACE',''
  ) );
#6594 = PCURVE('',#6475,#6595);
#6595 = DEFINITIONAL_REPRESENTATION('',(#6596),#6600);
#6596 = LINE('',#6597,#6598);
#6597 = CARTESIAN_POINT('',(0.,406.4));
#6598 = VECTOR('',#6599,1.);
#6599 = DIRECTION('',(1.,0.));
#6600 = ( GEOMETRIC_REPRESENTATION_CONTEXT(2) 
PARAMETRIC_REPRESENTATION_CONTEXT() REPRESENTATION_CONTEXT('2D SPACE',''
  ) );
#6601 = ORIENTED_EDGE('',*,*,#6602,.T.);
#6602 = EDGE_CURVE('',#6573,#6603,#6605,.T.);
#6603 = VERTEX_POINT('',#6604);
#6604 = CARTESIAN_POINT('',(203.2,304.8,-254.));
#6605 = SURFACE_CURVE('',#6606,(#6610,#6617),.PCURVE_S1.);
#6606 = LINE('',#6607,#6608);
#6607 = CARTESIAN_POINT('',(203.2,-304.8,-254.));
#6608 = VECTOR('',#6609,1.);
#6609 = DIRECTION('',(0.,1.,0.));
#6610 = PCURVE('',#6583,#6611);
#6611 = DEFINITIONAL_REPRESENTATION('',(#6612),#6616);
#6612 = LINE('',#6613,#6614);
#6613 = CARTESIAN_POINT('',(0.,0.));
#6614 = VECTOR('',#6615,1.);
#6615 = DIRECTION('',(0.,-1.));
#6616 = ( GEOMETRIC_REPRESENTATION_CONTEXT(2) 
PARAMETRIC_REPRESENTATION_CONTEXT() REPRESENTATION_CONTEXT('2D SPACE',''
  ) );
#6617 = PCURVE('',#6503,#6618);
#6618 = DEFINITIONAL_REPRESENTATION('',(#6619),#6623);
#6619 = LINE('',#6620,#6621);
#6620 = CARTESIAN_POINT('',(406.4,0.));
#6621 = VECTOR('',#6622,1.);
#6622 = DIRECTION('',(0.,1.));
#6623 = ( GEOMETRIC_REPRESENTATION_CONTEXT(2) 
PARAMETRIC_REPRESENTATION_CONTEXT() REPRESENTATION_CONTEXT('2D SPACE',''
  ) );
#6624 = ORIENTED_EDGE('',*,*,#6625,.T.);
#6625 = EDGE_CURVE('',#6603,#6626,#6628,.T.);
#6626 = VERTEX_POINT('',#6627);
#6627 = CARTESIAN_POINT('',(203.2,304.8,254.));
#6628 = SURFACE_CURVE('',#6629,(#6633,#6640),.PCURVE_S1.);
#6629 = LINE('',#6630,#6631);
#6630 = CARTESIAN_POINT('',(203.2,304.8,-254.));
#6631 = VECTOR('',#6632,1.);
#6632 = DIRECTION('',(0.,0.,1.));
#6633 = PCURVE('',#6583,#6634);
#6634 = DEFINITIONAL_REPRESENTATION('',(#6635),#6639);
#6635 = LINE('',#6636,#6637);
#6636 = CARTESIAN_POINT('',(0.,-609.6));
#6637 = VECTOR('',#6638,1.);
#6638 = DIRECTION('',(1.,0.));
#6639 = ( GEOMETRIC_REPRESENTATION_CONTEXT(2) 
PARAMETRIC_REPRESENTATION_CONTEXT() REPRESENTATION_CONTEXT('2D SPACE',''
  ) );
#6640 = PCURVE('',#6531,#6641);
#6641 = DEFINITIONAL_REPRESENTATION('',(#6642),#6646);
#6642 = LINE('',#6643,#6644);
#6643 = CARTESIAN_POINT('',(0.,406.4));
#6644 = VECTOR('',#6645,1.);
#6645 = DIRECTION('',(1.,0.));
#6646 = ( GEOMETRIC_REPRESENTATION_CONTEXT(2) 
PARAMETRIC_REPRESENTATION_CONTEXT() REPRESENTATION_CONTEXT('2D SPACE',''
  ) );
#6647 = ORIENTED_EDGE('',*,*,#6648,.F.);
#6648 = EDGE_CURVE('',#6575,#6626,#6649,.T.);
#6649 = SURFACE_CURVE('',#6650,(#6654,#6661),.PCURVE_S1.);
#6650 = LINE('',#6651,#6652);
#6651 = CARTESIAN_POINT('',(203.2,-304.8,254.));
#6652 = VECTOR('',#6653,1.);
#6653 = DIRECTION('',(0.,1.,0.));
#6654 = PCURVE('',#6583,#6655);
#6655 = DEFINITIONAL_REPRESENTATION('',(#6656),#6660);
#6656 = LINE('',#6657,#6658);
#6657 = CARTESIAN_POINT('',(508.,0.));
#6658 = VECTOR('',#6659,1.);
#6659 = DIRECTION('',(0.,-1.));
#6660 = ( GEOMETRIC_REPRESENTATION_CONTEXT(2) 
PARAMETRIC_REPRESENTATION_CONTEXT() REPRESENTATION_CONTEXT('2D SPACE',''
  ) );
#6661 = PCURVE('',#6557,#6662);
#6662 = DEFINITIONAL_REPRESENTATION('',(#6663),#6667);
#6663 = LINE('',#6664,#6665);
#6664 = CARTESIAN_POINT('',(406.4,0.));
#6665 = VECTOR('',#6666,1.);
#6666 = DIRECTION('',(0.,1.));
#6667 = ( GEOMETRIC_REPRESENTATION_CONTEXT(2) 
PARAMETRIC_REPRESENTATION_CONTEXT() REPRESENTATION_CONTEXT('2D SPACE',''
  ) );
#6668 = ADVANCED_FACE('',(#6669),#6475,.F.);
#6669 = FACE_BOUND('',#6670,.F.);
#6670 = EDGE_LOOP('',(#6671,#6692,#6693,#6714));
#6671 = ORIENTED_EDGE('',*,*,#6672,.F.);
#6672 = EDGE_CURVE('',#6453,#6573,#6673,.T.);
#6673 = SURFACE_CURVE('',#6674,(#6678,#6685),.PCURVE_S1.);
#6674 = LINE('',#6675,#6676);
#6675 = CARTESIAN_POINT('',(-203.2,-304.8,-254.));
#6676 = VECTOR('',#6677,1.);
#6677 = DIRECTION('',(1.,0.,0.));
#6678 = PCURVE('',#6475,#6679);
#6679 = DEFINITIONAL_REPRESENTATION('',(#6680),#6684);
#6680 = LINE('',#6681,#6682);
#6681 = CARTESIAN_POINT('',(0.,0.));
#6682 = VECTOR('',#6683,1.);
#6683 = DIRECTION('',(0.,1.));
#6684 = ( GEOMETRIC_REPRESENTATION_CONTEXT(2) 
PARAMETRIC_REPRESENTATION_CONTEXT() REPRESENTATION_CONTEXT('2D SPACE',''
  ) );
#6685 = PCURVE('',#6503,#6686);
#6686 = DEFINITIONAL_REPRESENTATION('',(#6687),#6691);
#6687 = LINE('',#6688,#6689);
#6688 = CARTESIAN_POINT('',(0.,0.));
#6689 = VECTOR('',#6690,1.);
#6690 = DIRECTION('',(1.,0.));
#6691 = ( GEOMETRIC_REPRESENTATION_CONTEXT(2) 
PARAMETRIC_REPRESENTATION_CONTEXT() REPRESENTATION_CONTEXT('2D SPACE',''
  ) );
#6692 = ORIENTED_EDGE('',*,*,#6452,.T.);
#6693 = ORIENTED_EDGE('',*,*,#6694,.T.);
#6694 = EDGE_CURVE('',#6455,#6575,#6695,.T.);
#6695 = SURFACE_CURVE('',#6696,(#6700,#6707),.PCURVE_S1.);
#6696 = LINE('',#6697,#6698);
#6697 = CARTESIAN_POINT('',(-203.2,-304.8,254.));
#6698 = VECTOR('',#6699,1.);
#6699 = DIRECTION('',(1.,0.,0.));
#6700 = PCURVE('',#6475,#6701);
#6701 = DEFINITIONAL_REPRESENTATION('',(#6702),#6706);
#6702 = LINE('',#6703,#6704);
#6703 = CARTESIAN_POINT('',(508.,0.));
#6704 = VECTOR('',#6705,1.);
#6705 = DIRECTION('',(0.,1.));
#6706 = ( GEOMETRIC_REPRESENTATION_CONTEXT(2) 
PARAMETRIC_REPRESENTATION_CONTEXT() REPRESENTATION_CONTEXT('2D SPACE',''
  ) );
#6707 = PCURVE('',#6557,#6708);
#6708 = DEFINITIONAL_REPRESENTATION('',(#6709),#6713);
#6709 = LINE('',#6710,#6711);
#6710 = CARTESIAN_POINT('',(0.,0.));
#6711 = VECTOR('',#6712,1.);
#6712 = DIRECTION('',(1.,0.));
#6713 = ( GEOMETRIC_REPRESENTATION_CONTEXT(2) 
PARAMETRIC_REPRESENTATION_CONTEXT() REPRESENTATION_CONTEXT('2D SPACE',''
  ) );
#6714 = ORIENTED_EDGE('',*,*,#6572,.F.);
#6715 = ADVANCED_FACE('',(#6716),#6531,.T.);
#6716 = FACE_BOUND('',#6717,.T.);
#6717 = EDGE_LOOP('',(#6718,#6739,#6740,#6761));
#6718 = ORIENTED_EDGE('',*,*,#6719,.F.);
#6719 = EDGE_CURVE('',#6488,#6603,#6720,.T.);
#6720 = SURFACE_CURVE('',#6721,(#6725,#6732),.PCURVE_S1.);
#6721 = LINE('',#6722,#6723);
#6722 = CARTESIAN_POINT('',(-203.2,304.8,-254.));
#6723 = VECTOR('',#6724,1.);
#6724 = DIRECTION('',(1.,0.,0.));
#6725 = PCURVE('',#6531,#6726);
#6726 = DEFINITIONAL_REPRESENTATION('',(#6727),#6731);
#6727 = LINE('',#6728,#6729);
#6728 = CARTESIAN_POINT('',(0.,0.));
#6729 = VECTOR('',#6730,1.);
#6730 = DIRECTION('',(0.,1.));
#6731 = ( GEOMETRIC_REPRESENTATION_CONTEXT(2) 
PARAMETRIC_REPRESENTATION_CONTEXT() REPRESENTATION_CONTEXT('2D SPACE',''
  ) );
#6732 = PCURVE('',#6503,#6733);
#6733 = DEFINITIONAL_REPRESENTATION('',(#6734),#6738);
#6734 = LINE('',#6735,#6736);
#6735 = CARTESIAN_POINT('',(0.,609.6));
#6736 = VECTOR('',#6737,1.);
#6737 = DIRECTION('',(1.,0.));
#6738 = ( GEOMETRIC_REPRESENTATION_CONTEXT(2) 
PARAMETRIC_REPRESENTATION_CONTEXT() REPRESENTATION_CONTEXT('2D SPACE',''
  ) );
#6739 = ORIENTED_EDGE('',*,*,#6515,.T.);
#6740 = ORIENTED_EDGE('',*,*,#6741,.T.);
#6741 = EDGE_CURVE('',#6516,#6626,#6742,.T.);
#6742 = SURFACE_CURVE('',#6743,(#6747,#6754),.PCURVE_S1.);
#6743 = LINE('',#6744,#6745);
#6744 = CARTESIAN_POINT('',(-203.2,304.8,254.));
#6745 = VECTOR('',#6746,1.);
#6746 = DIRECTION('',(1.,0.,0.));
#6747 = PCURVE('',#6531,#6748);
#6748 = DEFINITIONAL_REPRESENTATION('',(#6749),#6753);
#6749 = LINE('',#6750,#6751);
#6750 = CARTESIAN_POINT('',(508.,0.));
#6751 = VECTOR('',#6752,1.);
#6752 = DIRECTION('',(0.,1.));
#6753 = ( GEOMETRIC_REPRESENTATION_CONTEXT(2) 
PARAMETRIC_REPRESENTATION_CONTEXT() REPRESENTATION_CONTEXT('2D SPACE',''
  ) );
#6754 = PCURVE('',#6557,#6755);
#6755 = DEFINITIONAL_REPRESENTATION('',(#6756),#6760);
#6756 = LINE('',#6757,#6758);
#6757 = CARTESIAN_POINT('',(0.,609.6));
#6758 = VECTOR('',#6759,1.);
#6759 = DIRECTION('',(1.,0.));
#6760 = ( GEOMETRIC_REPRESENTATION_CONTEXT(2) 
PARAMETRIC_REPRESENTATION_CONTEXT() REPRESENTATION_CONTEXT('2D SPACE',''
  ) );
#6761 = ORIENTED_EDGE('',*,*,#6625,.F.);
#6762 = ADVANCED_FACE('',(#6763),#6503,.F.);
#6763 = FACE_BOUND('',#6764,.F.);
#6764 = EDGE_LOOP('',(#6765,#6766,#6767,#6768));
#6765 = ORIENTED_EDGE('',*,*,#6487,.F.);
#6766 = ORIENTED_EDGE('',*,*,#6672,.T.);
#6767 = ORIENTED_EDGE('',*,*,#6602,.T.);
#6768 = ORIENTED_EDGE('',*,*,#6719,.F.);
#6769 = ADVANCED_FACE('',(#6770),#6557,.T.);
#6770 = FACE_BOUND('',#6771,.T.);
#6771 = EDGE_LOOP('',(#6772,#6773,#6774,#6775));
#6772 = ORIENTED_EDGE('',*,*,#6543,.F.);
#6773 = ORIENTED_EDGE('',*,*,#6694,.T.);
#6774 = ORIENTED_EDGE('',*,*,#6648,.T.);
#6775 = ORIENTED_EDGE('',*,*,#6741,.F.);
#6776 = ( GEOMETRIC_REPRESENTATION_CONTEXT(3) 
GLOBAL_UNCERTAINTY_ASSIGNED_CONTEXT((#6780)) 
GLOBAL_UNIT_ASSIGNED_CONTEXT((#6777,#6778,#6779)) REPRESENTATION_CONTEXT
('Context #1','3D Context with UNIT and UNCERTAINTY') );
#6777 = ( LENGTH_UNIT() NAMED_UNIT(*) SI_UNIT(.MILLI.,.METRE.) );
#6778 = ( NAMED_UNIT(*) PLANE_ANGLE_UNIT() SI_UNIT($,.RADIAN.) );
#6779 = ( NAMED_UNIT(*) SI_UNIT($,.STERADIAN.) SOLID_ANGLE_UNIT() );
#6780 = UNCERTAINTY_MEASURE_WITH_UNIT(LENGTH_MEASURE(1.E-07),#6777,
  'distance_accuracy_value','confusion accuracy');
#6781 = CONTEXT_DEPENDENT_SHAPE_REPRESENTATION(#6782,#6784);
#6782 = ( REPRESENTATION_RELATIONSHIP('','',#6445,#10) 
REPRESENTATION_RELATIONSHIP_WITH_TRANSFORMATION(#6783) 
SHAPE_REPRESENTATION_RELATIONSHIP() );
#6783 = ITEM_DEFINED_TRANSFORMATION('','',#11,#83);
#6784 = PRODUCT_DEFINITION_SHAPE('Placement','Placement of an item',
  #6785);
#6785 = NEXT_ASSEMBLY_USAGE_OCCURRENCE('18','battery_box','',#5,#6440,$
  );
#6786 = PRODUCT_RELATED_PRODUCT_CATEGORY('part',$,(#6442));
#6787 = SHAPE_DEFINITION_REPRESENTATION(#6788,#6794);
#6788 = PRODUCT_DEFINITION_SHAPE('','',#6789);
#6789 = PRODUCT_DEFINITION('design','',#6790,#6793);
#6790 = PRODUCT_DEFINITION_FORMATION('','',#6791);
#6791 = PRODUCT('brace:left','brace:left','',(#6792));
#6792 = PRODUCT_CONTEXT('',#2,'mechanical');
#6793 = PRODUCT_DEFINITION_CONTEXT('part definition',#2,'design');
#6794 = ADVANCED_BREP_SHAPE_REPRESENTATION('',(#11,#6795),#7125);
#6795 = MANIFOLD_SOLID_BREP('',#6796);
#6796 = CLOSED_SHELL('',(#6797,#6917,#7017,#7064,#7111,#7118));
#6797 = ADVANCED_FACE('',(#6798),#6812,.F.);
#6798 = FACE_BOUND('',#6799,.F.);
#6799 = EDGE_LOOP('',(#6800,#6835,#6863,#6891));
#6800 = ORIENTED_EDGE('',*,*,#6801,.F.);
#6801 = EDGE_CURVE('',#6802,#6804,#6806,.T.);
#6802 = VERTEX_POINT('',#6803);
#6803 = CARTESIAN_POINT('',(-38.1,-38.1,-683.5));
#6804 = VERTEX_POINT('',#6805);
#6805 = CARTESIAN_POINT('',(-38.1,-38.1,683.5));
#6806 = SURFACE_CURVE('',#6807,(#6811,#6823),.PCURVE_S1.);
#6807 = LINE('',#6808,#6809);
#6808 = CARTESIAN_POINT('',(-38.1,-38.1,-683.5));
#6809 = VECTOR('',#6810,1.);
#6810 = DIRECTION('',(0.,0.,1.));
#6811 = PCURVE('',#6812,#6817);
#6812 = PLANE('',#6813);
#6813 = AXIS2_PLACEMENT_3D('',#6814,#6815,#6816);
#6814 = CARTESIAN_POINT('',(-38.1,-38.1,-683.5));
#6815 = DIRECTION('',(1.,0.,0.));
#6816 = DIRECTION('',(0.,0.,1.));
#6817 = DEFINITIONAL_REPRESENTATION('',(#6818),#6822);
#6818 = LINE('',#6819,#6820);
#6819 = CARTESIAN_POINT('',(0.,0.));
#6820 = VECTOR('',#6821,1.);
#6821 = DIRECTION('',(1.,0.));
#6822 = ( GEOMETRIC_REPRESENTATION_CONTEXT(2) 
PARAMETRIC_REPRESENTATION_CONTEXT() REPRESENTATION_CONTEXT('2D SPACE',''
  ) );
#6823 = PCURVE('',#6824,#6829);
#6824 = PLANE('',#6825);
#6825 = AXIS2_PLACEMENT_3D('',#6826,#6827,#6828);
#6826 = CARTESIAN_POINT('',(-38.1,-38.1,-683.5));
#6827 = DIRECTION('',(0.,1.,0.));
#6828 = DIRECTION('',(0.,0.,1.));
#6829 = DEFINITIONAL_REPRESENTATION('',(#6830),#6834);
#6830 = LINE('',#6831,#6832);
#6831 = CARTESIAN_POINT('',(0.,0.));
#6832 = VECTOR('',#6833,1.);
#6833 = DIRECTION('',(1.,0.));
#6834 = ( GEOMETRIC_REPRESENTATION_CONTEXT(2) 
PARAMETRIC_REPRESENTATION_CONTEXT() REPRESENTATION_CONTEXT('2D SPACE',''
  ) );
#6835 = ORIENTED_EDGE('',*,*,#6836,.T.);
#6836 = EDGE_CURVE('',#6802,#6837,#6839,.T.);
#6837 = VERTEX_POINT('',#6838);
#6838 = CARTESIAN_POINT('',(-38.1,38.1,-683.5));
#6839 = SURFACE_CURVE('',#6840,(#6844,#6851),.PCURVE_S1.);
#6840 = LINE('',#6841,#6842);
#6841 = CARTESIAN_POINT('',(-38.1,-38.1,-683.5));
#6842 = VECTOR('',#6843,1.);
#6843 = DIRECTION('',(0.,1.,0.));
#6844 = PCURVE('',#6812,#6845);
#6845 = DEFINITIONAL_REPRESENTATION('',(#6846),#6850);
#6846 = LINE('',#6847,#6848);
#6847 = CARTESIAN_POINT('',(0.,0.));
#6848 = VECTOR('',#6849,1.);
#6849 = DIRECTION('',(0.,-1.));
#6850 = ( GEOMETRIC_REPRESENTATION_CONTEXT(2) 
PARAMETRIC_REPRESENTATION_CONTEXT() REPRESENTATION_CONTEXT('2D SPACE',''
  ) );
#6851 = PCURVE('',#6852,#6857);
#6852 = PLANE('',#6853);
#6853 = AXIS2_PLACEMENT_3D('',#6854,#6855,#6856);
#6854 = CARTESIAN_POINT('',(-38.1,-38.1,-683.5));
#6855 = DIRECTION('',(0.,0.,1.));
#6856 = DIRECTION('',(1.,0.,0.));
#6857 = DEFINITIONAL_REPRESENTATION('',(#6858),#6862);
#6858 = LINE('',#6859,#6860);
#6859 = CARTESIAN_POINT('',(0.,0.));
#6860 = VECTOR('',#6861,1.);
#6861 = DIRECTION('',(0.,1.));
#6862 = ( GEOMETRIC_REPRESENTATION_CONTEXT(2) 
PARAMETRIC_REPRESENTATION_CONTEXT() REPRESENTATION_CONTEXT('2D SPACE',''
  ) );
#6863 = ORIENTED_EDGE('',*,*,#6864,.T.);
#6864 = EDGE_CURVE('',#6837,#6865,#6867,.T.);
#6865 = VERTEX_POINT('',#6866);
#6866 = CARTESIAN_POINT('',(-38.1,38.1,683.5));
#6867 = SURFACE_CURVE('',#6868,(#6872,#6879),.PCURVE_S1.);
#6868 = LINE('',#6869,#6870);
#6869 = CARTESIAN_POINT('',(-38.1,38.1,-683.5));
#6870 = VECTOR('',#6871,1.);
#6871 = DIRECTION('',(0.,0.,1.));
#6872 = PCURVE('',#6812,#6873);
#6873 = DEFINITIONAL_REPRESENTATION('',(#6874),#6878);
#6874 = LINE('',#6875,#6876);
#6875 = CARTESIAN_POINT('',(0.,-76.2));
#6876 = VECTOR('',#6877,1.);
#6877 = DIRECTION('',(1.,0.));
#6878 = ( GEOMETRIC_REPRESENTATION_CONTEXT(2) 
PARAMETRIC_REPRESENTATION_CONTEXT() REPRESENTATION_CONTEXT('2D SPACE',''
  ) );
#6879 = PCURVE('',#6880,#6885);
#6880 = PLANE('',#6881);
#6881 = AXIS2_PLACEMENT_3D('',#6882,#6883,#6884);
#6882 = CARTESIAN_POINT('',(-38.1,38.1,-683.5));
#6883 = DIRECTION('',(0.,1.,0.));
#6884 = DIRECTION('',(0.,0.,1.));
#6885 = DEFINITIONAL_REPRESENTATION('',(#6886),#6890);
#6886 = LINE('',#6887,#6888);
#6887 = CARTESIAN_POINT('',(0.,0.));
#6888 = VECTOR('',#6889,1.);
#6889 = DIRECTION('',(1.,0.));
#6890 = ( GEOMETRIC_REPRESENTATION_CONTEXT(2) 
PARAMETRIC_REPRESENTATION_CONTEXT() REPRESENTATION_CONTEXT('2D SPACE',''
  ) );
#6891 = ORIENTED_EDGE('',*,*,#6892,.F.);
#6892 = EDGE_CURVE('',#6804,#6865,#6893,.T.);
#6893 = SURFACE_CURVE('',#6894,(#6898,#6905),.PCURVE_S1.);
#6894 = LINE('',#6895,#6896);
#6895 = CARTESIAN_POINT('',(-38.1,-38.1,683.5));
#6896 = VECTOR('',#6897,1.);
#6897 = DIRECTION('',(0.,1.,0.));
#6898 = PCURVE('',#6812,#6899);
#6899 = DEFINITIONAL_REPRESENTATION('',(#6900),#6904);
#6900 = LINE('',#6901,#6902);
#6901 = CARTESIAN_POINT('',(1.367E+03,0.));
#6902 = VECTOR('',#6903,1.);
#6903 = DIRECTION('',(0.,-1.));
#6904 = ( GEOMETRIC_REPRESENTATION_CONTEXT(2) 
PARAMETRIC_REPRESENTATION_CONTEXT() REPRESENTATION_CONTEXT('2D SPACE',''
  ) );
#6905 = PCURVE('',#6906,#6911);
#6906 = PLANE('',#6907);
#6907 = AXIS2_PLACEMENT_3D('',#6908,#6909,#6910);
#6908 = CARTESIAN_POINT('',(-38.1,-38.1,683.5));
#6909 = DIRECTION('',(0.,0.,1.));
#6910 = DIRECTION('',(1.,0.,0.));
#6911 = DEFINITIONAL_REPRESENTATION('',(#6912),#6916);
#6912 = LINE('',#6913,#6914);
#6913 = CARTESIAN_POINT('',(0.,0.));
#6914 = VECTOR('',#6915,1.);
#6915 = DIRECTION('',(0.,1.));
#6916 = ( GEOMETRIC_REPRESENTATION_CONTEXT(2) 
PARAMETRIC_REPRESENTATION_CONTEXT() REPRESENTATION_CONTEXT('2D SPACE',''
  ) );
#6917 = ADVANCED_FACE('',(#6918),#6932,.T.);
#6918 = FACE_BOUND('',#6919,.T.);
#6919 = EDGE_LOOP('',(#6920,#6950,#6973,#6996));
#6920 = ORIENTED_EDGE('',*,*,#6921,.F.);
#6921 = EDGE_CURVE('',#6922,#6924,#6926,.T.);
#6922 = VERTEX_POINT('',#6923);
#6923 = CARTESIAN_POINT('',(38.1,-38.1,-683.5));
#6924 = VERTEX_POINT('',#6925);
#6925 = CARTESIAN_POINT('',(38.1,-38.1,683.5));
#6926 = SURFACE_CURVE('',#6927,(#6931,#6943),.PCURVE_S1.);
#6927 = LINE('',#6928,#6929);
#6928 = CARTESIAN_POINT('',(38.1,-38.1,-683.5));
#6929 = VECTOR('',#6930,1.);
#6930 = DIRECTION('',(0.,0.,1.));
#6931 = PCURVE('',#6932,#6937);
#6932 = PLANE('',#6933);
#6933 = AXIS2_PLACEMENT_3D('',#6934,#6935,#6936);
#6934 = CARTESIAN_POINT('',(38.1,-38.1,-683.5));
#6935 = DIRECTION('',(1.,0.,0.));
#6936 = DIRECTION('',(0.,0.,1.));
#6937 = DEFINITIONAL_REPRESENTATION('',(#6938),#6942);
#6938 = LINE('',#6939,#6940);
#6939 = CARTESIAN_POINT('',(0.,0.));
#6940 = VECTOR('',#6941,1.);
#6941 = DIRECTION('',(1.,0.));
#6942 = ( GEOMETRIC_REPRESENTATION_CONTEXT(2) 
PARAMETRIC_REPRESENTATION_CONTEXT() REPRESENTATION_CONTEXT('2D SPACE',''
  ) );
#6943 = PCURVE('',#6824,#6944);
#6944 = DEFINITIONAL_REPRESENTATION('',(#6945),#6949);
#6945 = LINE('',#6946,#6947);
#6946 = CARTESIAN_POINT('',(0.,76.2));
#6947 = VECTOR('',#6948,1.);
#6948 = DIRECTION('',(1.,0.));
#6949 = ( GEOMETRIC_REPRESENTATION_CONTEXT(2) 
PARAMETRIC_REPRESENTATION_CONTEXT() REPRESENTATION_CONTEXT('2D SPACE',''
  ) );
#6950 = ORIENTED_EDGE('',*,*,#6951,.T.);
#6951 = EDGE_CURVE('',#6922,#6952,#6954,.T.);
#6952 = VERTEX_POINT('',#6953);
#6953 = CARTESIAN_POINT('',(38.1,38.1,-683.5));
#6954 = SURFACE_CURVE('',#6955,(#6959,#6966),.PCURVE_S1.);
#6955 = LINE('',#6956,#6957);
#6956 = CARTESIAN_POINT('',(38.1,-38.1,-683.5));
#6957 = VECTOR('',#6958,1.);
#6958 = DIRECTION('',(0.,1.,0.));
#6959 = PCURVE('',#6932,#6960);
#6960 = DEFINITIONAL_REPRESENTATION('',(#6961),#6965);
#6961 = LINE('',#6962,#6963);
#6962 = CARTESIAN_POINT('',(0.,0.));
#6963 = VECTOR('',#6964,1.);
#6964 = DIRECTION('',(0.,-1.));
#6965 = ( GEOMETRIC_REPRESENTATION_CONTEXT(2) 
PARAMETRIC_REPRESENTATION_CONTEXT() REPRESENTATION_CONTEXT('2D SPACE',''
  ) );
#6966 = PCURVE('',#6852,#6967);
#6967 = DEFINITIONAL_REPRESENTATION('',(#6968),#6972);
#6968 = LINE('',#6969,#6970);
#6969 = CARTESIAN_POINT('',(76.2,0.));
#6970 = VECTOR('',#6971,1.);
#6971 = DIRECTION('',(0.,1.));
#6972 = ( GEOMETRIC_REPRESENTATION_CONTEXT(2) 
PARAMETRIC_REPRESENTATION_CONTEXT() REPRESENTATION_CONTEXT('2D SPACE',''
  ) );
#6973 = ORIENTED_EDGE('',*,*,#6974,.T.);
#6974 = EDGE_CURVE('',#6952,#6975,#6977,.T.);
#6975 = VERTEX_POINT('',#6976);
#6976 = CARTESIAN_POINT('',(38.1,38.1,683.5));
#6977 = SURFACE_CURVE('',#6978,(#6982,#6989),.PCURVE_S1.);
#6978 = LINE('',#6979,#6980);
#6979 = CARTESIAN_POINT('',(38.1,38.1,-683.5));
#6980 = VECTOR('',#6981,1.);
#6981 = DIRECTION('',(0.,0.,1.));
#6982 = PCURVE('',#6932,#6983);
#6983 = DEFINITIONAL_REPRESENTATION('',(#6984),#6988);
#6984 = LINE('',#6985,#6986);
#6985 = CARTESIAN_POINT('',(0.,-76.2));
#6986 = VECTOR('',#6987,1.);
#6987 = DIRECTION('',(1.,0.));
#6988 = ( GEOMETRIC_REPRESENTATION_CONTEXT(2) 
PARAMETRIC_REPRESENTATION_CONTEXT() REPRESENTATION_CONTEXT('2D SPACE',''
  ) );
#6989 = PCURVE('',#6880,#6990);
#6990 = DEFINITIONAL_REPRESENTATION('',(#6991),#6995);
#6991 = LINE('',#6992,#6993);
#6992 = CARTESIAN_POINT('',(0.,76.2));
#6993 = VECTOR('',#6994,1.);
#6994 = DIRECTION('',(1.,0.));
#6995 = ( GEOMETRIC_REPRESENTATION_CONTEXT(2) 
PARAMETRIC_REPRESENTATION_CONTEXT() REPRESENTATION_CONTEXT('2D SPACE',''
  ) );
#6996 = ORIENTED_EDGE('',*,*,#6997,.F.);
#6997 = EDGE_CURVE('',#6924,#6975,#6998,.T.);
#6998 = SURFACE_CURVE('',#6999,(#7003,#7010),.PCURVE_S1.);
#6999 = LINE('',#7000,#7001);
#7000 = CARTESIAN_POINT('',(38.1,-38.1,683.5));
#7001 = VECTOR('',#7002,1.);
#7002 = DIRECTION('',(0.,1.,0.));
#7003 = PCURVE('',#6932,#7004);
#7004 = DEFINITIONAL_REPRESENTATION('',(#7005),#7009);
#7005 = LINE('',#7006,#7007);
#7006 = CARTESIAN_POINT('',(1.367E+03,0.));
#7007 = VECTOR('',#7008,1.);
#7008 = DIRECTION('',(0.,-1.));
#7009 = ( GEOMETRIC_REPRESENTATION_CONTEXT(2) 
PARAMETRIC_REPRESENTATION_CONTEXT() REPRESENTATION_CONTEXT('2D SPACE',''
  ) );
#7010 = PCURVE('',#6906,#7011);
#7011 = DEFINITIONAL_REPRESENTATION('',(#7012),#7016);
#7012 = LINE('',#7013,#7014);
#7013 = CARTESIAN_POINT('',(76.2,0.));
#7014 = VECTOR('',#7015,1.);
#7015 = DIRECTION('',(0.,1.));
#7016 = ( GEOMETRIC_REPRESENTATION_CONTEXT(2) 
PARAMETRIC_REPRESENTATION_CONTEXT() REPRESENTATION_CONTEXT('2D SPACE',''
  ) );
#7017 = ADVANCED_FACE('',(#7018),#6824,.F.);
#7018 = FACE_BOUND('',#7019,.F.);
#7019 = EDGE_LOOP('',(#7020,#7041,#7042,#7063));
#7020 = ORIENTED_EDGE('',*,*,#7021,.F.);
#7021 = EDGE_CURVE('',#6802,#6922,#7022,.T.);
#7022 = SURFACE_CURVE('',#7023,(#7027,#7034),.PCURVE_S1.);
#7023 = LINE('',#7024,#7025);
#7024 = CARTESIAN_POINT('',(-38.1,-38.1,-683.5));
#7025 = VECTOR('',#7026,1.);
#7026 = DIRECTION('',(1.,0.,0.));
#7027 = PCURVE('',#6824,#7028);
#7028 = DEFINITIONAL_REPRESENTATION('',(#7029),#7033);
#7029 = LINE('',#7030,#7031);
#7030 = CARTESIAN_POINT('',(0.,0.));
#7031 = VECTOR('',#7032,1.);
#7032 = DIRECTION('',(0.,1.));
#7033 = ( GEOMETRIC_REPRESENTATION_CONTEXT(2) 
PARAMETRIC_REPRESENTATION_CONTEXT() REPRESENTATION_CONTEXT('2D SPACE',''
  ) );
#7034 = PCURVE('',#6852,#7035);
#7035 = DEFINITIONAL_REPRESENTATION('',(#7036),#7040);
#7036 = LINE('',#7037,#7038);
#7037 = CARTESIAN_POINT('',(0.,0.));
#7038 = VECTOR('',#7039,1.);
#7039 = DIRECTION('',(1.,0.));
#7040 = ( GEOMETRIC_REPRESENTATION_CONTEXT(2) 
PARAMETRIC_REPRESENTATION_CONTEXT() REPRESENTATION_CONTEXT('2D SPACE',''
  ) );
#7041 = ORIENTED_EDGE('',*,*,#6801,.T.);
#7042 = ORIENTED_EDGE('',*,*,#7043,.T.);
#7043 = EDGE_CURVE('',#6804,#6924,#7044,.T.);
#7044 = SURFACE_CURVE('',#7045,(#7049,#7056),.PCURVE_S1.);
#7045 = LINE('',#7046,#7047);
#7046 = CARTESIAN_POINT('',(-38.1,-38.1,683.5));
#7047 = VECTOR('',#7048,1.);
#7048 = DIRECTION('',(1.,0.,0.));
#7049 = PCURVE('',#6824,#7050);
#7050 = DEFINITIONAL_REPRESENTATION('',(#7051),#7055);
#7051 = LINE('',#7052,#7053);
#7052 = CARTESIAN_POINT('',(1.367E+03,0.));
#7053 = VECTOR('',#7054,1.);
#7054 = DIRECTION('',(0.,1.));
#7055 = ( GEOMETRIC_REPRESENTATION_CONTEXT(2) 
PARAMETRIC_REPRESENTATION_CONTEXT() REPRESENTATION_CONTEXT('2D SPACE',''
  ) );
#7056 = PCURVE('',#6906,#7057);
#7057 = DEFINITIONAL_REPRESENTATION('',(#7058),#7062);
#7058 = LINE('',#7059,#7060);
#7059 = CARTESIAN_POINT('',(0.,0.));
#7060 = VECTOR('',#7061,1.);
#7061 = DIRECTION('',(1.,0.));
#7062 = ( GEOMETRIC_REPRESENTATION_CONTEXT(2) 
PARAMETRIC_REPRESENTATION_CONTEXT() REPRESENTATION_CONTEXT('2D SPACE',''
  ) );
#7063 = ORIENTED_EDGE('',*,*,#6921,.F.);
#7064 = ADVANCED_FACE('',(#7065),#6880,.T.);
#7065 = FACE_BOUND('',#7066,.T.);
#7066 = EDGE_LOOP('',(#7067,#7088,#7089,#7110));
#7067 = ORIENTED_EDGE('',*,*,#7068,.F.);
#7068 = EDGE_CURVE('',#6837,#6952,#7069,.T.);
#7069 = SURFACE_CURVE('',#7070,(#7074,#7081),.PCURVE_S1.);
#7070 = LINE('',#7071,#7072);
#7071 = CARTESIAN_POINT('',(-38.1,38.1,-683.5));
#7072 = VECTOR('',#7073,1.);
#7073 = DIRECTION('',(1.,0.,0.));
#7074 = PCURVE('',#6880,#7075);
#7075 = DEFINITIONAL_REPRESENTATION('',(#7076),#7080);
#7076 = LINE('',#7077,#7078);
#7077 = CARTESIAN_POINT('',(0.,0.));
#7078 = VECTOR('',#7079,1.);
#7079 = DIRECTION('',(0.,1.));
#7080 = ( GEOMETRIC_REPRESENTATION_CONTEXT(2) 
PARAMETRIC_REPRESENTATION_CONTEXT() REPRESENTATION_CONTEXT('2D SPACE',''
  ) );
#7081 = PCURVE('',#6852,#7082);
#7082 = DEFINITIONAL_REPRESENTATION('',(#7083),#7087);
#7083 = LINE('',#7084,#7085);
#7084 = CARTESIAN_POINT('',(0.,76.2));
#7085 = VECTOR('',#7086,1.);
#7086 = DIRECTION('',(1.,0.));
#7087 = ( GEOMETRIC_REPRESENTATION_CONTEXT(2) 
PARAMETRIC_REPRESENTATION_CONTEXT() REPRESENTATION_CONTEXT('2D SPACE',''
  ) );
#7088 = ORIENTED_EDGE('',*,*,#6864,.T.);
#7089 = ORIENTED_EDGE('',*,*,#7090,.T.);
#7090 = EDGE_CURVE('',#6865,#6975,#7091,.T.);
#7091 = SURFACE_CURVE('',#7092,(#7096,#7103),.PCURVE_S1.);
#7092 = LINE('',#7093,#7094);
#7093 = CARTESIAN_POINT('',(-38.1,38.1,683.5));
#7094 = VECTOR('',#7095,1.);
#7095 = DIRECTION('',(1.,0.,0.));
#7096 = PCURVE('',#6880,#7097);
#7097 = DEFINITIONAL_REPRESENTATION('',(#7098),#7102);
#7098 = LINE('',#7099,#7100);
#7099 = CARTESIAN_POINT('',(1.367E+03,0.));
#7100 = VECTOR('',#7101,1.);
#7101 = DIRECTION('',(0.,1.));
#7102 = ( GEOMETRIC_REPRESENTATION_CONTEXT(2) 
PARAMETRIC_REPRESENTATION_CONTEXT() REPRESENTATION_CONTEXT('2D SPACE',''
  ) );
#7103 = PCURVE('',#6906,#7104);
#7104 = DEFINITIONAL_REPRESENTATION('',(#7105),#7109);
#7105 = LINE('',#7106,#7107);
#7106 = CARTESIAN_POINT('',(0.,76.2));
#7107 = VECTOR('',#7108,1.);
#7108 = DIRECTION('',(1.,0.));
#7109 = ( GEOMETRIC_REPRESENTATION_CONTEXT(2) 
PARAMETRIC_REPRESENTATION_CONTEXT() REPRESENTATION_CONTEXT('2D SPACE',''
  ) );
#7110 = ORIENTED_EDGE('',*,*,#6974,.F.);
#7111 = ADVANCED_FACE('',(#7112),#6852,.F.);
#7112 = FACE_BOUND('',#7113,.F.);
#7113 = EDGE_LOOP('',(#7114,#7115,#7116,#7117));
#7114 = ORIENTED_EDGE('',*,*,#6836,.F.);
#7115 = ORIENTED_EDGE('',*,*,#7021,.T.);
#7116 = ORIENTED_EDGE('',*,*,#6951,.T.);
#7117 = ORIENTED_EDGE('',*,*,#7068,.F.);
#7118 = ADVANCED_FACE('',(#7119),#6906,.T.);
#7119 = FACE_BOUND('',#7120,.T.);
#7120 = EDGE_LOOP('',(#7121,#7122,#7123,#7124));
#7121 = ORIENTED_EDGE('',*,*,#6892,.F.);
#7122 = ORIENTED_EDGE('',*,*,#7043,.T.);
#7123 = ORIENTED_EDGE('',*,*,#6997,.T.);
#7124 = ORIENTED_EDGE('',*,*,#7090,.F.);
#7125 = ( GEOMETRIC_REPRESENTATION_CONTEXT(3) 
GLOBAL_UNCERTAINTY_ASSIGNED_CONTEXT((#7129)) 
GLOBAL_UNIT_ASSIGNED_CONTEXT((#7126,#7127,#7128)) REPRESENTATION_CONTEXT
('Context #1','3D Context with UNIT and UNCERTAINTY') );
#7126 = ( LENGTH_UNIT() NAMED_UNIT(*) SI_UNIT(.MILLI.,.METRE.) );
#7127 = ( NAMED_UNIT(*) PLANE_ANGLE_UNIT() SI_UNIT($,.RADIAN.) );
#7128 = ( NAMED_UNIT(*) SI_UNIT($,.STERADIAN.) SOLID_ANGLE_UNIT() );
#7129 = UNCERTAINTY_MEASURE_WITH_UNIT(LENGTH_MEASURE(1.E-07),#7126,
  'distance_accuracy_value','confusion accuracy');
#7130 = CONTEXT_DEPENDENT_SHAPE_REPRESENTATION(#7131,#7133);
#7131 = ( REPRESENTATION_RELATIONSHIP('','',#6794,#10) 
REPRESENTATION_RELATIONSHIP_WITH_TRANSFORMATION(#7132) 
SHAPE_REPRESENTATION_RELATIONSHIP() );
#7132 = ITEM_DEFINED_TRANSFORMATION('','',#11,#87);
#7133 = PRODUCT_DEFINITION_SHAPE('Placement','Placement of an item',
  #7134);
#7134 = NEXT_ASSEMBLY_USAGE_OCCURRENCE('19','brace:left','',#5,#6789,$);
#7135 = PRODUCT_RELATED_PRODUCT_CATEGORY('part',$,(#6791));
#7136 = SHAPE_DEFINITION_REPRESENTATION(#7137,#7143);
#7137 = PRODUCT_DEFINITION_SHAPE('','',#7138);
#7138 = PRODUCT_DEFINITION('design','',#7139,#7142);
#7139 = PRODUCT_DEFINITION_FORMATION('','',#7140);
#7140 = PRODUCT('brace:right','brace:right','',(#7141));
#7141 = PRODUCT_CONTEXT('',#2,'mechanical');
#7142 = PRODUCT_DEFINITION_CONTEXT('part definition',#2,'design');
#7143 = ADVANCED_BREP_SHAPE_REPRESENTATION('',(#11,#7144),#7474);
#7144 = MANIFOLD_SOLID_BREP('',#7145);
#7145 = CLOSED_SHELL('',(#7146,#7266,#7366,#7413,#7460,#7467));
#7146 = ADVANCED_FACE('',(#7147),#7161,.F.);
#7147 = FACE_BOUND('',#7148,.F.);
#7148 = EDGE_LOOP('',(#7149,#7184,#7212,#7240));
#7149 = ORIENTED_EDGE('',*,*,#7150,.F.);
#7150 = EDGE_CURVE('',#7151,#7153,#7155,.T.);
#7151 = VERTEX_POINT('',#7152);
#7152 = CARTESIAN_POINT('',(-38.1,-38.1,-683.5));
#7153 = VERTEX_POINT('',#7154);
#7154 = CARTESIAN_POINT('',(-38.1,-38.1,683.5));
#7155 = SURFACE_CURVE('',#7156,(#7160,#7172),.PCURVE_S1.);
#7156 = LINE('',#7157,#7158);
#7157 = CARTESIAN_POINT('',(-38.1,-38.1,-683.5));
#7158 = VECTOR('',#7159,1.);
#7159 = DIRECTION('',(0.,0.,1.));
#7160 = PCURVE('',#7161,#7166);
#7161 = PLANE('',#7162);
#7162 = AXIS2_PLACEMENT_3D('',#7163,#7164,#7165);
#7163 = CARTESIAN_POINT('',(-38.1,-38.1,-683.5));
#7164 = DIRECTION('',(1.,0.,0.));
#7165 = DIRECTION('',(0.,0.,1.));
#7166 = DEFINITIONAL_REPRESENTATION('',(#7167),#7171);
#7167 = LINE('',#7168,#7169);
#7168 = CARTESIAN_POINT('',(0.,0.));
#7169 = VECTOR('',#7170,1.);
#7170 = DIRECTION('',(1.,0.));
#7171 = ( GEOMETRIC_REPRESENTATION_CONTEXT(2) 
PARAMETRIC_REPRESENTATION_CONTEXT() REPRESENTATION_CONTEXT('2D SPACE',''
  ) );
#7172 = PCURVE('',#7173,#7178);
#7173 = PLANE('',#7174);
#7174 = AXIS2_PLACEMENT_3D('',#7175,#7176,#7177);
#7175 = CARTESIAN_POINT('',(-38.1,-38.1,-683.5));
#7176 = DIRECTION('',(0.,1.,0.));
#7177 = DIRECTION('',(0.,0.,1.));
#7178 = DEFINITIONAL_REPRESENTATION('',(#7179),#7183);
#7179 = LINE('',#7180,#7181);
#7180 = CARTESIAN_POINT('',(0.,0.));
#7181 = VECTOR('',#7182,1.);
#7182 = DIRECTION('',(1.,0.));
#7183 = ( GEOMETRIC_REPRESENTATION_CONTEXT(2) 
PARAMETRIC_REPRESENTATION_CONTEXT() REPRESENTATION_CONTEXT('2D SPACE',''
  ) );
#7184 = ORIENTED_EDGE('',*,*,#7185,.T.);
#7185 = EDGE_CURVE('',#7151,#7186,#7188,.T.);
#7186 = VERTEX_POINT('',#7187);
#7187 = CARTESIAN_POINT('',(-38.1,38.1,-683.5));
#7188 = SURFACE_CURVE('',#7189,(#7193,#7200),.PCURVE_S1.);
#7189 = LINE('',#7190,#7191);
#7190 = CARTESIAN_POINT('',(-38.1,-38.1,-683.5));
#7191 = VECTOR('',#7192,1.);
#7192 = DIRECTION('',(0.,1.,0.));
#7193 = PCURVE('',#7161,#7194);
#7194 = DEFINITIONAL_REPRESENTATION('',(#7195),#7199);
#7195 = LINE('',#7196,#7197);
#7196 = CARTESIAN_POINT('',(0.,0.));
#7197 = VECTOR('',#7198,1.);
#7198 = DIRECTION('',(0.,-1.));
#7199 = ( GEOMETRIC_REPRESENTATION_CONTEXT(2) 
PARAMETRIC_REPRESENTATION_CONTEXT() REPRESENTATION_CONTEXT('2D SPACE',''
  ) );
#7200 = PCURVE('',#7201,#7206);
#7201 = PLANE('',#7202);
#7202 = AXIS2_PLACEMENT_3D('',#7203,#7204,#7205);
#7203 = CARTESIAN_POINT('',(-38.1,-38.1,-683.5));
#7204 = DIRECTION('',(0.,0.,1.));
#7205 = DIRECTION('',(1.,0.,0.));
#7206 = DEFINITIONAL_REPRESENTATION('',(#7207),#7211);
#7207 = LINE('',#7208,#7209);
#7208 = CARTESIAN_POINT('',(0.,0.));
#7209 = VECTOR('',#7210,1.);
#7210 = DIRECTION('',(0.,1.));
#7211 = ( GEOMETRIC_REPRESENTATION_CONTEXT(2) 
PARAMETRIC_REPRESENTATION_CONTEXT() REPRESENTATION_CONTEXT('2D SPACE',''
  ) );
#7212 = ORIENTED_EDGE('',*,*,#7213,.T.);
#7213 = EDGE_CURVE('',#7186,#7214,#7216,.T.);
#7214 = VERTEX_POINT('',#7215);
#7215 = CARTESIAN_POINT('',(-38.1,38.1,683.5));
#7216 = SURFACE_CURVE('',#7217,(#7221,#7228),.PCURVE_S1.);
#7217 = LINE('',#7218,#7219);
#7218 = CARTESIAN_POINT('',(-38.1,38.1,-683.5));
#7219 = VECTOR('',#7220,1.);
#7220 = DIRECTION('',(0.,0.,1.));
#7221 = PCURVE('',#7161,#7222);
#7222 = DEFINITIONAL_REPRESENTATION('',(#7223),#7227);
#7223 = LINE('',#7224,#7225);
#7224 = CARTESIAN_POINT('',(0.,-76.2));
#7225 = VECTOR('',#7226,1.);
#7226 = DIRECTION('',(1.,0.));
#7227 = ( GEOMETRIC_REPRESENTATION_CONTEXT(2) 
PARAMETRIC_REPRESENTATION_CONTEXT() REPRESENTATION_CONTEXT('2D SPACE',''
  ) );
#7228 = PCURVE('',#7229,#7234);
#7229 = PLANE('',#7230);
#7230 = AXIS2_PLACEMENT_3D('',#7231,#7232,#7233);
#7231 = CARTESIAN_POINT('',(-38.1,38.1,-683.5));
#7232 = DIRECTION('',(0.,1.,0.));
#7233 = DIRECTION('',(0.,0.,1.));
#7234 = DEFINITIONAL_REPRESENTATION('',(#7235),#7239);
#7235 = LINE('',#7236,#7237);
#7236 = CARTESIAN_POINT('',(0.,0.));
#7237 = VECTOR('',#7238,1.);
#7238 = DIRECTION('',(1.,0.));
#7239 = ( GEOMETRIC_REPRESENTATION_CONTEXT(2) 
PARAMETRIC_REPRESENTATION_CONTEXT() REPRESENTATION_CONTEXT('2D SPACE',''
  ) );
#7240 = ORIENTED_EDGE('',*,*,#7241,.F.);
#7241 = EDGE_CURVE('',#7153,#7214,#7242,.T.);
#7242 = SURFACE_CURVE('',#7243,(#7247,#7254),.PCURVE_S1.);
#7243 = LINE('',#7244,#7245);
#7244 = CARTESIAN_POINT('',(-38.1,-38.1,683.5));
#7245 = VECTOR('',#7246,1.);
#7246 = DIRECTION('',(0.,1.,0.));
#7247 = PCURVE('',#7161,#7248);
#7248 = DEFINITIONAL_REPRESENTATION('',(#7249),#7253);
#7249 = LINE('',#7250,#7251);
#7250 = CARTESIAN_POINT('',(1.367E+03,0.));
#7251 = VECTOR('',#7252,1.);
#7252 = DIRECTION('',(0.,-1.));
#7253 = ( GEOMETRIC_REPRESENTATION_CONTEXT(2) 
PARAMETRIC_REPRESENTATION_CONTEXT() REPRESENTATION_CONTEXT('2D SPACE',''
  ) );
#7254 = PCURVE('',#7255,#7260);
#7255 = PLANE('',#7256);
#7256 = AXIS2_PLACEMENT_3D('',#7257,#7258,#7259);
#7257 = CARTESIAN_POINT('',(-38.1,-38.1,683.5));
#7258 = DIRECTION('',(0.,0.,1.));
#7259 = DIRECTION('',(1.,0.,0.));
#7260 = DEFINITIONAL_REPRESENTATION('',(#7261),#7265);
#7261 = LINE('',#7262,#7263);
#7262 = CARTESIAN_POINT('',(0.,0.));
#7263 = VECTOR('',#7264,1.);
#7264 = DIRECTION('',(0.,1.));
#7265 = ( GEOMETRIC_REPRESENTATION_CONTEXT(2) 
PARAMETRIC_REPRESENTATION_CONTEXT() REPRESENTATION_CONTEXT('2D SPACE',''
  ) );
#7266 = ADVANCED_FACE('',(#7267),#7281,.T.);
#7267 = FACE_BOUND('',#7268,.T.);
#7268 = EDGE_LOOP('',(#7269,#7299,#7322,#7345));
#7269 = ORIENTED_EDGE('',*,*,#7270,.F.);
#7270 = EDGE_CURVE('',#7271,#7273,#7275,.T.);
#7271 = VERTEX_POINT('',#7272);
#7272 = CARTESIAN_POINT('',(38.1,-38.1,-683.5));
#7273 = VERTEX_POINT('',#7274);
#7274 = CARTESIAN_POINT('',(38.1,-38.1,683.5));
#7275 = SURFACE_CURVE('',#7276,(#7280,#7292),.PCURVE_S1.);
#7276 = LINE('',#7277,#7278);
#7277 = CARTESIAN_POINT('',(38.1,-38.1,-683.5));
#7278 = VECTOR('',#7279,1.);
#7279 = DIRECTION('',(0.,0.,1.));
#7280 = PCURVE('',#7281,#7286);
#7281 = PLANE('',#7282);
#7282 = AXIS2_PLACEMENT_3D('',#7283,#7284,#7285);
#7283 = CARTESIAN_POINT('',(38.1,-38.1,-683.5));
#7284 = DIRECTION('',(1.,0.,0.));
#7285 = DIRECTION('',(0.,0.,1.));
#7286 = DEFINITIONAL_REPRESENTATION('',(#7287),#7291);
#7287 = LINE('',#7288,#7289);
#7288 = CARTESIAN_POINT('',(0.,0.));
#7289 = VECTOR('',#7290,1.);
#7290 = DIRECTION('',(1.,0.));
#7291 = ( GEOMETRIC_REPRESENTATION_CONTEXT(2) 
PARAMETRIC_REPRESENTATION_CONTEXT() REPRESENTATION_CONTEXT('2D SPACE',''
  ) );
#7292 = PCURVE('',#7173,#7293);
#7293 = DEFINITIONAL_REPRESENTATION('',(#7294),#7298);
#7294 = LINE('',#7295,#7296);
#7295 = CARTESIAN_POINT('',(0.,76.2));
#7296 = VECTOR('',#7297,1.);
#7297 = DIRECTION('',(1.,0.));
#7298 = ( GEOMETRIC_REPRESENTATION_CONTEXT(2) 
PARAMETRIC_REPRESENTATION_CONTEXT() REPRESENTATION_CONTEXT('2D SPACE',''
  ) );
#7299 = ORIENTED_EDGE('',*,*,#7300,.T.);
#7300 = EDGE_CURVE('',#7271,#7301,#7303,.T.);
#7301 = VERTEX_POINT('',#7302);
#7302 = CARTESIAN_POINT('',(38.1,38.1,-683.5));
#7303 = SURFACE_CURVE('',#7304,(#7308,#7315),.PCURVE_S1.);
#7304 = LINE('',#7305,#7306);
#7305 = CARTESIAN_POINT('',(38.1,-38.1,-683.5));
#7306 = VECTOR('',#7307,1.);
#7307 = DIRECTION('',(0.,1.,0.));
#7308 = PCURVE('',#7281,#7309);
#7309 = DEFINITIONAL_REPRESENTATION('',(#7310),#7314);
#7310 = LINE('',#7311,#7312);
#7311 = CARTESIAN_POINT('',(0.,0.));
#7312 = VECTOR('',#7313,1.);
#7313 = DIRECTION('',(0.,-1.));
#7314 = ( GEOMETRIC_REPRESENTATION_CONTEXT(2) 
PARAMETRIC_REPRESENTATION_CONTEXT() REPRESENTATION_CONTEXT('2D SPACE',''
  ) );
#7315 = PCURVE('',#7201,#7316);
#7316 = DEFINITIONAL_REPRESENTATION('',(#7317),#7321);
#7317 = LINE('',#7318,#7319);
#7318 = CARTESIAN_POINT('',(76.2,0.));
#7319 = VECTOR('',#7320,1.);
#7320 = DIRECTION('',(0.,1.));
#7321 = ( GEOMETRIC_REPRESENTATION_CONTEXT(2) 
PARAMETRIC_REPRESENTATION_CONTEXT() REPRESENTATION_CONTEXT('2D SPACE',''
  ) );
#7322 = ORIENTED_EDGE('',*,*,#7323,.T.);
#7323 = EDGE_CURVE('',#7301,#7324,#7326,.T.);
#7324 = VERTEX_POINT('',#7325);
#7325 = CARTESIAN_POINT('',(38.1,38.1,683.5));
#7326 = SURFACE_CURVE('',#7327,(#7331,#7338),.PCURVE_S1.);
#7327 = LINE('',#7328,#7329);
#7328 = CARTESIAN_POINT('',(38.1,38.1,-683.5));
#7329 = VECTOR('',#7330,1.);
#7330 = DIRECTION('',(0.,0.,1.));
#7331 = PCURVE('',#7281,#7332);
#7332 = DEFINITIONAL_REPRESENTATION('',(#7333),#7337);
#7333 = LINE('',#7334,#7335);
#7334 = CARTESIAN_POINT('',(0.,-76.2));
#7335 = VECTOR('',#7336,1.);
#7336 = DIRECTION('',(1.,0.));
#7337 = ( GEOMETRIC_REPRESENTATION_CONTEXT(2) 
PARAMETRIC_REPRESENTATION_CONTEXT() REPRESENTATION_CONTEXT('2D SPACE',''
  ) );
#7338 = PCURVE('',#7229,#7339);
#7339 = DEFINITIONAL_REPRESENTATION('',(#7340),#7344);
#7340 = LINE('',#7341,#7342);
#7341 = CARTESIAN_POINT('',(0.,76.2));
#7342 = VECTOR('',#7343,1.);
#7343 = DIRECTION('',(1.,0.));
#7344 = ( GEOMETRIC_REPRESENTATION_CONTEXT(2) 
PARAMETRIC_REPRESENTATION_CONTEXT() REPRESENTATION_CONTEXT('2D SPACE',''
  ) );
#7345 = ORIENTED_EDGE('',*,*,#7346,.F.);
#7346 = EDGE_CURVE('',#7273,#7324,#7347,.T.);
#7347 = SURFACE_CURVE('',#7348,(#7352,#7359),.PCURVE_S1.);
#7348 = LINE('',#7349,#7350);
#7349 = CARTESIAN_POINT('',(38.1,-38.1,683.5));
#7350 = VECTOR('',#7351,1.);
#7351 = DIRECTION('',(0.,1.,0.));
#7352 = PCURVE('',#7281,#7353);
#7353 = DEFINITIONAL_REPRESENTATION('',(#7354),#7358);
#7354 = LINE('',#7355,#7356);
#7355 = CARTESIAN_POINT('',(1.367E+03,0.));
#7356 = VECTOR('',#7357,1.);
#7357 = DIRECTION('',(0.,-1.));
#7358 = ( GEOMETRIC_REPRESENTATION_CONTEXT(2) 
PARAMETRIC_REPRESENTATION_CONTEXT() REPRESENTATION_CONTEXT('2D SPACE',''
  ) );
#7359 = PCURVE('',#7255,#7360);
#7360 = DEFINITIONAL_REPRESENTATION('',(#7361),#7365);
#7361 = LINE('',#7362,#7363);
#7362 = CARTESIAN_POINT('',(76.2,0.));
#7363 = VECTOR('',#7364,1.);
#7364 = DIRECTION('',(0.,1.));
#7365 = ( GEOMETRIC_REPRESENTATION_CONTEXT(2) 
PARAMETRIC_REPRESENTATION_CONTEXT() REPRESENTATION_CONTEXT('2D SPACE',''
  ) );
#7366 = ADVANCED_FACE('',(#7367),#7173,.F.);
#7367 = FACE_BOUND('',#7368,.F.);
#7368 = EDGE_LOOP('',(#7369,#7390,#7391,#7412));
#7369 = ORIENTED_EDGE('',*,*,#7370,.F.);
#7370 = EDGE_CURVE('',#7151,#7271,#7371,.T.);
#7371 = SURFACE_CURVE('',#7372,(#7376,#7383),.PCURVE_S1.);
#7372 = LINE('',#7373,#7374);
#7373 = CARTESIAN_POINT('',(-38.1,-38.1,-683.5));
#7374 = VECTOR('',#7375,1.);
#7375 = DIRECTION('',(1.,0.,0.));
#7376 = PCURVE('',#7173,#7377);
#7377 = DEFINITIONAL_REPRESENTATION('',(#7378),#7382);
#7378 = LINE('',#7379,#7380);
#7379 = CARTESIAN_POINT('',(0.,0.));
#7380 = VECTOR('',#7381,1.);
#7381 = DIRECTION('',(0.,1.));
#7382 = ( GEOMETRIC_REPRESENTATION_CONTEXT(2) 
PARAMETRIC_REPRESENTATION_CONTEXT() REPRESENTATION_CONTEXT('2D SPACE',''
  ) );
#7383 = PCURVE('',#7201,#7384);
#7384 = DEFINITIONAL_REPRESENTATION('',(#7385),#7389);
#7385 = LINE('',#7386,#7387);
#7386 = CARTESIAN_POINT('',(0.,0.));
#7387 = VECTOR('',#7388,1.);
#7388 = DIRECTION('',(1.,0.));
#7389 = ( GEOMETRIC_REPRESENTATION_CONTEXT(2) 
PARAMETRIC_REPRESENTATION_CONTEXT() REPRESENTATION_CONTEXT('2D SPACE',''
  ) );
#7390 = ORIENTED_EDGE('',*,*,#7150,.T.);
#7391 = ORIENTED_EDGE('',*,*,#7392,.T.);
#7392 = EDGE_CURVE('',#7153,#7273,#7393,.T.);
#7393 = SURFACE_CURVE('',#7394,(#7398,#7405),.PCURVE_S1.);
#7394 = LINE('',#7395,#7396);
#7395 = CARTESIAN_POINT('',(-38.1,-38.1,683.5));
#7396 = VECTOR('',#7397,1.);
#7397 = DIRECTION('',(1.,0.,0.));
#7398 = PCURVE('',#7173,#7399);
#7399 = DEFINITIONAL_REPRESENTATION('',(#7400),#7404);
#7400 = LINE('',#7401,#7402);
#7401 = CARTESIAN_POINT('',(1.367E+03,0.));
#7402 = VECTOR('',#7403,1.);
#7403 = DIRECTION('',(0.,1.));
#7404 = ( GEOMETRIC_REPRESENTATION_CONTEXT(2) 
PARAMETRIC_REPRESENTATION_CONTEXT() REPRESENTATION_CONTEXT('2D SPACE',''
  ) );
#7405 = PCURVE('',#7255,#7406);
#7406 = DEFINITIONAL_REPRESENTATION('',(#7407),#7411);
#7407 = LINE('',#7408,#7409);
#7408 = CARTESIAN_POINT('',(0.,0.));
#7409 = VECTOR('',#7410,1.);
#7410 = DIRECTION('',(1.,0.));
#7411 = ( GEOMETRIC_REPRESENTATION_CONTEXT(2) 
PARAMETRIC_REPRESENTATION_CONTEXT() REPRESENTATION_CONTEXT('2D SPACE',''
  ) );
#7412 = ORIENTED_EDGE('',*,*,#7270,.F.);
#7413 = ADVANCED_FACE('',(#7414),#7229,.T.);
#7414 = FACE_BOUND('',#7415,.T.);
#7415 = EDGE_LOOP('',(#7416,#7437,#7438,#7459));
#7416 = ORIENTED_EDGE('',*,*,#7417,.F.);
#7417 = EDGE_CURVE('',#7186,#7301,#7418,.T.);
#7418 = SURFACE_CURVE('',#7419,(#7423,#7430),.PCURVE_S1.);
#7419 = LINE('',#7420,#7421);
#7420 = CARTESIAN_POINT('',(-38.1,38.1,-683.5));
#7421 = VECTOR('',#7422,1.);
#7422 = DIRECTION('',(1.,0.,0.));
#7423 = PCURVE('',#7229,#7424);
#7424 = DEFINITIONAL_REPRESENTATION('',(#7425),#7429);
#7425 = LINE('',#7426,#7427);
#7426 = CARTESIAN_POINT('',(0.,0.));
#7427 = VECTOR('',#7428,1.);
#7428 = DIRECTION('',(0.,1.));
#7429 = ( GEOMETRIC_REPRESENTATION_CONTEXT(2) 
PARAMETRIC_REPRESENTATION_CONTEXT() REPRESENTATION_CONTEXT('2D SPACE',''
  ) );
#7430 = PCURVE('',#7201,#7431);
#7431 = DEFINITIONAL_REPRESENTATION('',(#7432),#7436);
#7432 = LINE('',#7433,#7434);
#7433 = CARTESIAN_POINT('',(0.,76.2));
#7434 = VECTOR('',#7435,1.);
#7435 = DIRECTION('',(1.,0.));
#7436 = ( GEOMETRIC_REPRESENTATION_CONTEXT(2) 
PARAMETRIC_REPRESENTATION_CONTEXT() REPRESENTATION_CONTEXT('2D SPACE',''
  ) );
#7437 = ORIENTED_EDGE('',*,*,#7213,.T.);
#7438 = ORIENTED_EDGE('',*,*,#7439,.T.);
#7439 = EDGE_CURVE('',#7214,#7324,#7440,.T.);
#7440 = SURFACE_CURVE('',#7441,(#7445,#7452),.PCURVE_S1.);
#7441 = LINE('',#7442,#7443);
#7442 = CARTESIAN_POINT('',(-38.1,38.1,683.5));
#7443 = VECTOR('',#7444,1.);
#7444 = DIRECTION('',(1.,0.,0.));
#7445 = PCURVE('',#7229,#7446);
#7446 = DEFINITIONAL_REPRESENTATION('',(#7447),#7451);
#7447 = LINE('',#7448,#7449);
#7448 = CARTESIAN_POINT('',(1.367E+03,0.));
#7449 = VECTOR('',#7450,1.);
#7450 = DIRECTION('',(0.,1.));
#7451 = ( GEOMETRIC_REPRESENTATION_CONTEXT(2) 
PARAMETRIC_REPRESENTATION_CONTEXT() REPRESENTATION_CONTEXT('2D SPACE',''
  ) );
#7452 = PCURVE('',#7255,#7453);
#7453 = DEFINITIONAL_REPRESENTATION('',(#7454),#7458);
#7454 = LINE('',#7455,#7456);
#7455 = CARTESIAN_POINT('',(0.,76.2));
#7456 = VECTOR('',#7457,1.);
#7457 = DIRECTION('',(1.,0.));
#7458 = ( GEOMETRIC_REPRESENTATION_CONTEXT(2) 
PARAMETRIC_REPRESENTATION_CONTEXT() REPRESENTATION_CONTEXT('2D SPACE',''
  ) );
#7459 = ORIENTED_EDGE('',*,*,#7323,.F.);
#7460 = ADVANCED_FACE('',(#7461),#7201,.F.);
#7461 = FACE_BOUND('',#7462,.F.);
#7462 = EDGE_LOOP('',(#7463,#7464,#7465,#7466));
#7463 = ORIENTED_EDGE('',*,*,#7185,.F.);
#7464 = ORIENTED_EDGE('',*,*,#7370,.T.);
#7465 = ORIENTED_EDGE('',*,*,#7300,.T.);
#7466 = ORIENTED_EDGE('',*,*,#7417,.F.);
#7467 = ADVANCED_FACE('',(#7468),#7255,.T.);
#7468 = FACE_BOUND('',#7469,.T.);
#7469 = EDGE_LOOP('',(#7470,#7471,#7472,#7473));
#7470 = ORIENTED_EDGE('',*,*,#7241,.F.);
#7471 = ORIENTED_EDGE('',*,*,#7392,.T.);
#7472 = ORIENTED_EDGE('',*,*,#7346,.T.);
#7473 = ORIENTED_EDGE('',*,*,#7439,.F.);
#7474 = ( GEOMETRIC_REPRESENTATION_CONTEXT(3) 
GLOBAL_UNCERTAINTY_ASSIGNED_CONTEXT((#7478)) 
GLOBAL_UNIT_ASSIGNED_CONTEXT((#7475,#7476,#7477)) REPRESENTATION_CONTEXT
('Context #1','3D Context with UNIT and UNCERTAINTY') );
#7475 = ( LENGTH_UNIT() NAMED_UNIT(*) SI_UNIT(.MILLI.,.METRE.) );
#7476 = ( NAMED_UNIT(*) PLANE_ANGLE_UNIT() SI_UNIT($,.RADIAN.) );
#7477 = ( NAMED_UNIT(*) SI_UNIT($,.STERADIAN.) SOLID_ANGLE_UNIT() );
#7478 = UNCERTAINTY_MEASURE_WITH_UNIT(LENGTH_MEASURE(1.E-07),#7475,
  'distance_accuracy_value','confusion accuracy');
#7479 = CONTEXT_DEPENDENT_SHAPE_REPRESENTATION(#7480,#7482);
#7480 = ( REPRESENTATION_RELATIONSHIP('','',#7143,#10) 
REPRESENTATION_RELATIONSHIP_WITH_TRANSFORMATION(#7481) 
SHAPE_REPRESENTATION_RELATIONSHIP() );
#7481 = ITEM_DEFINED_TRANSFORMATION('','',#11,#91);
#7482 = PRODUCT_DEFINITION_SHAPE('Placement','Placement of an item',
  #7483);
#7483 = NEXT_ASSEMBLY_USAGE_OCCURRENCE('20','brace:right','',#5,#7138,$
  );
#7484 = PRODUCT_RELATED_PRODUCT_CATEGORY('part',$,(#7140));
#7485 = SHAPE_DEFINITION_REPRESENTATION(#7486,#7492);
#7486 = PRODUCT_DEFINITION_SHAPE('','',#7487);
#7487 = PRODUCT_DEFINITION('design','',#7488,#7491);
#7488 = PRODUCT_DEFINITION_FORMATION('','',#7489);
#7489 = PRODUCT('lift_cylinder_barrel','lift_cylinder_barrel','',(#7490)
  );
#7490 = PRODUCT_CONTEXT('',#2,'mechanical');
#7491 = PRODUCT_DEFINITION_CONTEXT('part definition',#2,'design');
#7492 = ADVANCED_BREP_SHAPE_REPRESENTATION('',(#11,#7493),#7591);
#7493 = MANIFOLD_SOLID_BREP('',#7494);
#7494 = CLOSED_SHELL('',(#7495,#7583,#7587));
#7495 = ADVANCED_FACE('',(#7496),#7509,.T.);
#7496 = FACE_BOUND('',#7497,.T.);
#7497 = EDGE_LOOP('',(#7498,#7532,#7555,#7582));
#7498 = ORIENTED_EDGE('',*,*,#7499,.F.);
#7499 = EDGE_CURVE('',#7500,#7500,#7502,.T.);
#7500 = VERTEX_POINT('',#7501);
#7501 = CARTESIAN_POINT('',(50.8,-1.244241147934E-14,550.));
#7502 = SURFACE_CURVE('',#7503,(#7508,#7520),.PCURVE_S1.);
#7503 = CIRCLE('',#7504,50.8);
#7504 = AXIS2_PLACEMENT_3D('',#7505,#7506,#7507);
#7505 = CARTESIAN_POINT('',(0.,0.,550.));
#7506 = DIRECTION('',(0.,0.,1.));
#7507 = DIRECTION('',(1.,0.,0.));
#7508 = PCURVE('',#7509,#7514);
#7509 = CYLINDRICAL_SURFACE('',#7510,50.8);
#7510 = AXIS2_PLACEMENT_3D('',#7511,#7512,#7513);
#7511 = CARTESIAN_POINT('',(0.,0.,-550.));
#7512 = DIRECTION('',(0.,0.,1.));
#7513 = DIRECTION('',(1.,0.,0.));
#7514 = DEFINITIONAL_REPRESENTATION('',(#7515),#7519);
#7515 = LINE('',#7516,#7517);
#7516 = CARTESIAN_POINT('',(0.,1.1E+03));
#7517 = VECTOR('',#7518,1.);
#7518 = DIRECTION('',(1.,0.));
#7519 = ( GEOMETRIC_REPRESENTATION_CONTEXT(2) 
PARAMETRIC_REPRESENTATION_CONTEXT() REPRESENTATION_CONTEXT('2D SPACE',''
  ) );
#7520 = PCURVE('',#7521,#7526);
#7521 = PLANE('',#7522);
#7522 = AXIS2_PLACEMENT_3D('',#7523,#7524,#7525);
#7523 = CARTESIAN_POINT('',(0.,0.,550.));
#7524 = DIRECTION('',(0.,0.,1.));
#7525 = DIRECTION('',(1.,0.,0.));
#7526 = DEFINITIONAL_REPRESENTATION('',(#7527),#7531);
#7527 = CIRCLE('',#7528,50.8);
#7528 = AXIS2_PLACEMENT_2D('',#7529,#7530);
#7529 = CARTESIAN_POINT('',(0.,0.));
#7530 = DIRECTION('',(1.,0.));
#7531 = ( GEOMETRIC_REPRESENTATION_CONTEXT(2) 
PARAMETRIC_REPRESENTATION_CONTEXT() REPRESENTATION_CONTEXT('2D SPACE',''
  ) );
#7532 = ORIENTED_EDGE('',*,*,#7533,.F.);
#7533 = EDGE_CURVE('',#7534,#7500,#7536,.T.);
#7534 = VERTEX_POINT('',#7535);
#7535 = CARTESIAN_POINT('',(50.8,-1.244241147934E-14,-550.));
#7536 = SEAM_CURVE('',#7537,(#7541,#7548),.PCURVE_S1.);
#7537 = LINE('',#7538,#7539);
#7538 = CARTESIAN_POINT('',(50.8,-1.244241147934E-14,-550.));
#7539 = VECTOR('',#7540,1.);
#7540 = DIRECTION('',(0.,0.,1.));
#7541 = PCURVE('',#7509,#7542);
#7542 = DEFINITIONAL_REPRESENTATION('',(#7543),#7547);
#7543 = LINE('',#7544,#7545);
#7544 = CARTESIAN_POINT('',(6.28318530718,-0.));
#7545 = VECTOR('',#7546,1.);
#7546 = DIRECTION('',(0.,1.));
#7547 = ( GEOMETRIC_REPRESENTATION_CONTEXT(2) 
PARAMETRIC_REPRESENTATION_CONTEXT() REPRESENTATION_CONTEXT('2D SPACE',''
  ) );
#7548 = PCURVE('',#7509,#7549);
#7549 = DEFINITIONAL_REPRESENTATION('',(#7550),#7554);
#7550 = LINE('',#7551,#7552);
#7551 = CARTESIAN_POINT('',(0.,-0.));
#7552 = VECTOR('',#7553,1.);
#7553 = DIRECTION('',(0.,1.));
#7554 = ( GEOMETRIC_REPRESENTATION_CONTEXT(2) 
PARAMETRIC_REPRESENTATION_CONTEXT() REPRESENTATION_CONTEXT('2D SPACE',''
  ) );
#7555 = ORIENTED_EDGE('',*,*,#7556,.T.);
#7556 = EDGE_CURVE('',#7534,#7534,#7557,.T.);
#7557 = SURFACE_CURVE('',#7558,(#7563,#7570),.PCURVE_S1.);
#7558 = CIRCLE('',#7559,50.8);
#7559 = AXIS2_PLACEMENT_3D('',#7560,#7561,#7562);
#7560 = CARTESIAN_POINT('',(0.,0.,-550.));
#7561 = DIRECTION('',(0.,0.,1.));
#7562 = DIRECTION('',(1.,0.,0.));
#7563 = PCURVE('',#7509,#7564);
#7564 = DEFINITIONAL_REPRESENTATION('',(#7565),#7569);
#7565 = LINE('',#7566,#7567);
#7566 = CARTESIAN_POINT('',(0.,0.));
#7567 = VECTOR('',#7568,1.);
#7568 = DIRECTION('',(1.,0.));
#7569 = ( GEOMETRIC_REPRESENTATION_CONTEXT(2) 
PARAMETRIC_REPRESENTATION_CONTEXT() REPRESENTATION_CONTEXT('2D SPACE',''
  ) );
#7570 = PCURVE('',#7571,#7576);
#7571 = PLANE('',#7572);
#7572 = AXIS2_PLACEMENT_3D('',#7573,#7574,#7575);
#7573 = CARTESIAN_POINT('',(0.,0.,-550.));
#7574 = DIRECTION('',(0.,0.,1.));
#7575 = DIRECTION('',(1.,0.,0.));
#7576 = DEFINITIONAL_REPRESENTATION('',(#7577),#7581);
#7577 = CIRCLE('',#7578,50.8);
#7578 = AXIS2_PLACEMENT_2D('',#7579,#7580);
#7579 = CARTESIAN_POINT('',(0.,0.));
#7580 = DIRECTION('',(1.,0.));
#7581 = ( GEOMETRIC_REPRESENTATION_CONTEXT(2) 
PARAMETRIC_REPRESENTATION_CONTEXT() REPRESENTATION_CONTEXT('2D SPACE',''
  ) );
#7582 = ORIENTED_EDGE('',*,*,#7533,.T.);
#7583 = ADVANCED_FACE('',(#7584),#7521,.T.);
#7584 = FACE_BOUND('',#7585,.T.);
#7585 = EDGE_LOOP('',(#7586));
#7586 = ORIENTED_EDGE('',*,*,#7499,.T.);
#7587 = ADVANCED_FACE('',(#7588),#7571,.F.);
#7588 = FACE_BOUND('',#7589,.T.);
#7589 = EDGE_LOOP('',(#7590));
#7590 = ORIENTED_EDGE('',*,*,#7556,.F.);
#7591 = ( GEOMETRIC_REPRESENTATION_CONTEXT(3) 
GLOBAL_UNCERTAINTY_ASSIGNED_CONTEXT((#7595)) 
GLOBAL_UNIT_ASSIGNED_CONTEXT((#7592,#7593,#7594)) REPRESENTATION_CONTEXT
('Context #1','3D Context with UNIT and UNCERTAINTY') );
#7592 = ( LENGTH_UNIT() NAMED_UNIT(*) SI_UNIT(.MILLI.,.METRE.) );
#7593 = ( NAMED_UNIT(*) PLANE_ANGLE_UNIT() SI_UNIT($,.RADIAN.) );
#7594 = ( NAMED_UNIT(*) SI_UNIT($,.STERADIAN.) SOLID_ANGLE_UNIT() );
#7595 = UNCERTAINTY_MEASURE_WITH_UNIT(LENGTH_MEASURE(1.E-07),#7592,
  'distance_accuracy_value','confusion accuracy');
#7596 = CONTEXT_DEPENDENT_SHAPE_REPRESENTATION(#7597,#7599);
#7597 = ( REPRESENTATION_RELATIONSHIP('','',#7492,#10) 
REPRESENTATION_RELATIONSHIP_WITH_TRANSFORMATION(#7598) 
SHAPE_REPRESENTATION_RELATIONSHIP() );
#7598 = ITEM_DEFINED_TRANSFORMATION('','',#11,#95);
#7599 = PRODUCT_DEFINITION_SHAPE('Placement','Placement of an item',
  #7600);
#7600 = NEXT_ASSEMBLY_USAGE_OCCURRENCE('21','lift_cylinder_barrel','',#5
  ,#7487,$);
#7601 = PRODUCT_RELATED_PRODUCT_CATEGORY('part',$,(#7489));
#7602 = SHAPE_DEFINITION_REPRESENTATION(#7603,#7609);
#7603 = PRODUCT_DEFINITION_SHAPE('','',#7604);
#7604 = PRODUCT_DEFINITION('design','',#7605,#7608);
#7605 = PRODUCT_DEFINITION_FORMATION('','',#7606);
#7606 = PRODUCT('lift_cylinder_rod','lift_cylinder_rod','',(#7607));
#7607 = PRODUCT_CONTEXT('',#2,'mechanical');
#7608 = PRODUCT_DEFINITION_CONTEXT('part definition',#2,'design');
#7609 = ADVANCED_BREP_SHAPE_REPRESENTATION('',(#11,#7610),#7708);
#7610 = MANIFOLD_SOLID_BREP('',#7611);
#7611 = CLOSED_SHELL('',(#7612,#7700,#7704));
#7612 = ADVANCED_FACE('',(#7613),#7626,.T.);
#7613 = FACE_BOUND('',#7614,.T.);
#7614 = EDGE_LOOP('',(#7615,#7649,#7672,#7699));
#7615 = ORIENTED_EDGE('',*,*,#7616,.F.);
#7616 = EDGE_CURVE('',#7617,#7617,#7619,.T.);
#7617 = VERTEX_POINT('',#7618);
#7618 = CARTESIAN_POINT('',(25.4,-6.221205739669E-15,500.));
#7619 = SURFACE_CURVE('',#7620,(#7625,#7637),.PCURVE_S1.);
#7620 = CIRCLE('',#7621,25.4);
#7621 = AXIS2_PLACEMENT_3D('',#7622,#7623,#7624);
#7622 = CARTESIAN_POINT('',(0.,0.,500.));
#7623 = DIRECTION('',(0.,0.,1.));
#7624 = DIRECTION('',(1.,0.,0.));
#7625 = PCURVE('',#7626,#7631);
#7626 = CYLINDRICAL_SURFACE('',#7627,25.4);
#7627 = AXIS2_PLACEMENT_3D('',#7628,#7629,#7630);
#7628 = CARTESIAN_POINT('',(0.,0.,-500.));
#7629 = DIRECTION('',(0.,0.,1.));
#7630 = DIRECTION('',(1.,0.,0.));
#7631 = DEFINITIONAL_REPRESENTATION('',(#7632),#7636);
#7632 = LINE('',#7633,#7634);
#7633 = CARTESIAN_POINT('',(0.,1.E+03));
#7634 = VECTOR('',#7635,1.);
#7635 = DIRECTION('',(1.,0.));
#7636 = ( GEOMETRIC_REPRESENTATION_CONTEXT(2) 
PARAMETRIC_REPRESENTATION_CONTEXT() REPRESENTATION_CONTEXT('2D SPACE',''
  ) );
#7637 = PCURVE('',#7638,#7643);
#7638 = PLANE('',#7639);
#7639 = AXIS2_PLACEMENT_3D('',#7640,#7641,#7642);
#7640 = CARTESIAN_POINT('',(0.,0.,500.));
#7641 = DIRECTION('',(0.,0.,1.));
#7642 = DIRECTION('',(1.,0.,0.));
#7643 = DEFINITIONAL_REPRESENTATION('',(#7644),#7648);
#7644 = CIRCLE('',#7645,25.4);
#7645 = AXIS2_PLACEMENT_2D('',#7646,#7647);
#7646 = CARTESIAN_POINT('',(0.,0.));
#7647 = DIRECTION('',(1.,0.));
#7648 = ( GEOMETRIC_REPRESENTATION_CONTEXT(2) 
PARAMETRIC_REPRESENTATION_CONTEXT() REPRESENTATION_CONTEXT('2D SPACE',''
  ) );
#7649 = ORIENTED_EDGE('',*,*,#7650,.F.);
#7650 = EDGE_CURVE('',#7651,#7617,#7653,.T.);
#7651 = VERTEX_POINT('',#7652);
#7652 = CARTESIAN_POINT('',(25.4,-6.221205739669E-15,-500.));
#7653 = SEAM_CURVE('',#7654,(#7658,#7665),.PCURVE_S1.);
#7654 = LINE('',#7655,#7656);
#7655 = CARTESIAN_POINT('',(25.4,-6.221205739669E-15,-500.));
#7656 = VECTOR('',#7657,1.);
#7657 = DIRECTION('',(0.,0.,1.));
#7658 = PCURVE('',#7626,#7659);
#7659 = DEFINITIONAL_REPRESENTATION('',(#7660),#7664);
#7660 = LINE('',#7661,#7662);
#7661 = CARTESIAN_POINT('',(6.28318530718,-0.));
#7662 = VECTOR('',#7663,1.);
#7663 = DIRECTION('',(0.,1.));
#7664 = ( GEOMETRIC_REPRESENTATION_CONTEXT(2) 
PARAMETRIC_REPRESENTATION_CONTEXT() REPRESENTATION_CONTEXT('2D SPACE',''
  ) );
#7665 = PCURVE('',#7626,#7666);
#7666 = DEFINITIONAL_REPRESENTATION('',(#7667),#7671);
#7667 = LINE('',#7668,#7669);
#7668 = CARTESIAN_POINT('',(0.,-0.));
#7669 = VECTOR('',#7670,1.);
#7670 = DIRECTION('',(0.,1.));
#7671 = ( GEOMETRIC_REPRESENTATION_CONTEXT(2) 
PARAMETRIC_REPRESENTATION_CONTEXT() REPRESENTATION_CONTEXT('2D SPACE',''
  ) );
#7672 = ORIENTED_EDGE('',*,*,#7673,.T.);
#7673 = EDGE_CURVE('',#7651,#7651,#7674,.T.);
#7674 = SURFACE_CURVE('',#7675,(#7680,#7687),.PCURVE_S1.);
#7675 = CIRCLE('',#7676,25.4);
#7676 = AXIS2_PLACEMENT_3D('',#7677,#7678,#7679);
#7677 = CARTESIAN_POINT('',(0.,0.,-500.));
#7678 = DIRECTION('',(0.,0.,1.));
#7679 = DIRECTION('',(1.,0.,0.));
#7680 = PCURVE('',#7626,#7681);
#7681 = DEFINITIONAL_REPRESENTATION('',(#7682),#7686);
#7682 = LINE('',#7683,#7684);
#7683 = CARTESIAN_POINT('',(0.,0.));
#7684 = VECTOR('',#7685,1.);
#7685 = DIRECTION('',(1.,0.));
#7686 = ( GEOMETRIC_REPRESENTATION_CONTEXT(2) 
PARAMETRIC_REPRESENTATION_CONTEXT() REPRESENTATION_CONTEXT('2D SPACE',''
  ) );
#7687 = PCURVE('',#7688,#7693);
#7688 = PLANE('',#7689);
#7689 = AXIS2_PLACEMENT_3D('',#7690,#7691,#7692);
#7690 = CARTESIAN_POINT('',(0.,0.,-500.));
#7691 = DIRECTION('',(0.,0.,1.));
#7692 = DIRECTION('',(1.,0.,0.));
#7693 = DEFINITIONAL_REPRESENTATION('',(#7694),#7698);
#7694 = CIRCLE('',#7695,25.4);
#7695 = AXIS2_PLACEMENT_2D('',#7696,#7697);
#7696 = CARTESIAN_POINT('',(0.,0.));
#7697 = DIRECTION('',(1.,0.));
#7698 = ( GEOMETRIC_REPRESENTATION_CONTEXT(2) 
PARAMETRIC_REPRESENTATION_CONTEXT() REPRESENTATION_CONTEXT('2D SPACE',''
  ) );
#7699 = ORIENTED_EDGE('',*,*,#7650,.T.);
#7700 = ADVANCED_FACE('',(#7701),#7638,.T.);
#7701 = FACE_BOUND('',#7702,.T.);
#7702 = EDGE_LOOP('',(#7703));
#7703 = ORIENTED_EDGE('',*,*,#7616,.T.);
#7704 = ADVANCED_FACE('',(#7705),#7688,.F.);
#7705 = FACE_BOUND('',#7706,.T.);
#7706 = EDGE_LOOP('',(#7707));
#7707 = ORIENTED_EDGE('',*,*,#7673,.F.);
#7708 = ( GEOMETRIC_REPRESENTATION_CONTEXT(3) 
GLOBAL_UNCERTAINTY_ASSIGNED_CONTEXT((#7712)) 
GLOBAL_UNIT_ASSIGNED_CONTEXT((#7709,#7710,#7711)) REPRESENTATION_CONTEXT
('Context #1','3D Context with UNIT and UNCERTAINTY') );
#7709 = ( LENGTH_UNIT() NAMED_UNIT(*) SI_UNIT(.MILLI.,.METRE.) );
#7710 = ( NAMED_UNIT(*) PLANE_ANGLE_UNIT() SI_UNIT($,.RADIAN.) );
#7711 = ( NAMED_UNIT(*) SI_UNIT($,.STERADIAN.) SOLID_ANGLE_UNIT() );
#7712 = UNCERTAINTY_MEASURE_WITH_UNIT(LENGTH_MEASURE(1.E-07),#7709,
  'distance_accuracy_value','confusion accuracy');
#7713 = CONTEXT_DEPENDENT_SHAPE_REPRESENTATION(#7714,#7716);
#7714 = ( REPRESENTATION_RELATIONSHIP('','',#7609,#10) 
REPRESENTATION_RELATIONSHIP_WITH_TRANSFORMATION(#7715) 
SHAPE_REPRESENTATION_RELATIONSHIP() );
#7715 = ITEM_DEFINED_TRANSFORMATION('','',#11,#99);
#7716 = PRODUCT_DEFINITION_SHAPE('Placement','Placement of an item',
  #7717);
#7717 = NEXT_ASSEMBLY_USAGE_OCCURRENCE('22','lift_cylinder_rod','',#5,
  #7604,$);
#7718 = PRODUCT_RELATED_PRODUCT_CATEGORY('part',$,(#7606));
#7719 = SHAPE_DEFINITION_REPRESENTATION(#7720,#7726);
#7720 = PRODUCT_DEFINITION_SHAPE('','',#7721);
#7721 = PRODUCT_DEFINITION('design','',#7722,#7725);
#7722 = PRODUCT_DEFINITION_FORMATION('','',#7723);
#7723 = PRODUCT('chute_rest','chute_rest','',(#7724));
#7724 = PRODUCT_CONTEXT('',#2,'mechanical');
#7725 = PRODUCT_DEFINITION_CONTEXT('part definition',#2,'design');
#7726 = ADVANCED_BREP_SHAPE_REPRESENTATION('',(#11,#7727),#8379);
#7727 = MANIFOLD_SOLID_BREP('',#7728);
#7728 = CLOSED_SHELL('',(#7729,#7849,#7925,#7974,#8023,#8164,#8171,#8247
    ,#8296,#8345,#8372));
#7729 = ADVANCED_FACE('',(#7730),#7744,.F.);
#7730 = FACE_BOUND('',#7731,.F.);
#7731 = EDGE_LOOP('',(#7732,#7767,#7795,#7823));
#7732 = ORIENTED_EDGE('',*,*,#7733,.F.);
#7733 = EDGE_CURVE('',#7734,#7736,#7738,.T.);
#7734 = VERTEX_POINT('',#7735);
#7735 = CARTESIAN_POINT('',(-76.2,-457.2,2.19456E+03));
#7736 = VERTEX_POINT('',#7737);
#7737 = CARTESIAN_POINT('',(-76.2,-457.2,2.29616E+03));
#7738 = SURFACE_CURVE('',#7739,(#7743,#7755),.PCURVE_S1.);
#7739 = LINE('',#7740,#7741);
#7740 = CARTESIAN_POINT('',(-76.2,-457.2,2.19456E+03));
#7741 = VECTOR('',#7742,1.);
#7742 = DIRECTION('',(0.,0.,1.));
#7743 = PCURVE('',#7744,#7749);
#7744 = PLANE('',#7745);
#7745 = AXIS2_PLACEMENT_3D('',#7746,#7747,#7748);
#7746 = CARTESIAN_POINT('',(-76.2,-457.2,2.19456E+03));
#7747 = DIRECTION('',(1.,0.,0.));
#7748 = DIRECTION('',(0.,0.,1.));
#7749 = DEFINITIONAL_REPRESENTATION('',(#7750),#7754);
#7750 = LINE('',#7751,#7752);
#7751 = CARTESIAN_POINT('',(0.,0.));
#7752 = VECTOR('',#7753,1.);
#7753 = DIRECTION('',(1.,0.));
#7754 = ( GEOMETRIC_REPRESENTATION_CONTEXT(2) 
PARAMETRIC_REPRESENTATION_CONTEXT() REPRESENTATION_CONTEXT('2D SPACE',''
  ) );
#7755 = PCURVE('',#7756,#7761);
#7756 = PLANE('',#7757);
#7757 = AXIS2_PLACEMENT_3D('',#7758,#7759,#7760);
#7758 = CARTESIAN_POINT('',(-76.2,-457.2,2.19456E+03));
#7759 = DIRECTION('',(0.,1.,0.));
#7760 = DIRECTION('',(0.,0.,1.));
#7761 = DEFINITIONAL_REPRESENTATION('',(#7762),#7766);
#7762 = LINE('',#7763,#7764);
#7763 = CARTESIAN_POINT('',(0.,0.));
#7764 = VECTOR('',#7765,1.);
#7765 = DIRECTION('',(1.,0.));
#7766 = ( GEOMETRIC_REPRESENTATION_CONTEXT(2) 
PARAMETRIC_REPRESENTATION_CONTEXT() REPRESENTATION_CONTEXT('2D SPACE',''
  ) );
#7767 = ORIENTED_EDGE('',*,*,#7768,.T.);
#7768 = EDGE_CURVE('',#7734,#7769,#7771,.T.);
#7769 = VERTEX_POINT('',#7770);
#7770 = CARTESIAN_POINT('',(-76.2,457.2,2.19456E+03));
#7771 = SURFACE_CURVE('',#7772,(#7776,#7783),.PCURVE_S1.);
#7772 = LINE('',#7773,#7774);
#7773 = CARTESIAN_POINT('',(-76.2,-457.2,2.19456E+03));
#7774 = VECTOR('',#7775,1.);
#7775 = DIRECTION('',(0.,1.,0.));
#7776 = PCURVE('',#7744,#7777);
#7777 = DEFINITIONAL_REPRESENTATION('',(#7778),#7782);
#7778 = LINE('',#7779,#7780);
#7779 = CARTESIAN_POINT('',(0.,0.));
#7780 = VECTOR('',#7781,1.);
#7781 = DIRECTION('',(0.,-1.));
#7782 = ( GEOMETRIC_REPRESENTATION_CONTEXT(2) 
PARAMETRIC_REPRESENTATION_CONTEXT() REPRESENTATION_CONTEXT('2D SPACE',''
  ) );
#7783 = PCURVE('',#7784,#7789);
#7784 = PLANE('',#7785);
#7785 = AXIS2_PLACEMENT_3D('',#7786,#7787,#7788);
#7786 = CARTESIAN_POINT('',(-76.2,-457.2,2.19456E+03));
#7787 = DIRECTION('',(0.,0.,1.));
#7788 = DIRECTION('',(1.,0.,0.));
#7789 = DEFINITIONAL_REPRESENTATION('',(#7790),#7794);
#7790 = LINE('',#7791,#7792);
#7791 = CARTESIAN_POINT('',(0.,0.));
#7792 = VECTOR('',#7793,1.);
#7793 = DIRECTION('',(0.,1.));
#7794 = ( GEOMETRIC_REPRESENTATION_CONTEXT(2) 
PARAMETRIC_REPRESENTATION_CONTEXT() REPRESENTATION_CONTEXT('2D SPACE',''
  ) );
#7795 = ORIENTED_EDGE('',*,*,#7796,.T.);
#7796 = EDGE_CURVE('',#7769,#7797,#7799,.T.);
#7797 = VERTEX_POINT('',#7798);
#7798 = CARTESIAN_POINT('',(-76.2,457.2,2.29616E+03));
#7799 = SURFACE_CURVE('',#7800,(#7804,#7811),.PCURVE_S1.);
#7800 = LINE('',#7801,#7802);
#7801 = CARTESIAN_POINT('',(-76.2,457.2,2.19456E+03));
#7802 = VECTOR('',#7803,1.);
#7803 = DIRECTION('',(0.,0.,1.));
#7804 = PCURVE('',#7744,#7805);
#7805 = DEFINITIONAL_REPRESENTATION('',(#7806),#7810);
#7806 = LINE('',#7807,#7808);
#7807 = CARTESIAN_POINT('',(0.,-914.4));
#7808 = VECTOR('',#7809,1.);
#7809 = DIRECTION('',(1.,0.));
#7810 = ( GEOMETRIC_REPRESENTATION_CONTEXT(2) 
PARAMETRIC_REPRESENTATION_CONTEXT() REPRESENTATION_CONTEXT('2D SPACE',''
  ) );
#7811 = PCURVE('',#7812,#7817);
#7812 = PLANE('',#7813);
#7813 = AXIS2_PLACEMENT_3D('',#7814,#7815,#7816);
#7814 = CARTESIAN_POINT('',(-76.2,457.2,2.19456E+03));
#7815 = DIRECTION('',(0.,1.,0.));
#7816 = DIRECTION('',(0.,0.,1.));
#7817 = DEFINITIONAL_REPRESENTATION('',(#7818),#7822);
#7818 = LINE('',#7819,#7820);
#7819 = CARTESIAN_POINT('',(0.,0.));
#7820 = VECTOR('',#7821,1.);
#7821 = DIRECTION('',(1.,0.));
#7822 = ( GEOMETRIC_REPRESENTATION_CONTEXT(2) 
PARAMETRIC_REPRESENTATION_CONTEXT() REPRESENTATION_CONTEXT('2D SPACE',''
  ) );
#7823 = ORIENTED_EDGE('',*,*,#7824,.F.);
#7824 = EDGE_CURVE('',#7736,#7797,#7825,.T.);
#7825 = SURFACE_CURVE('',#7826,(#7830,#7837),.PCURVE_S1.);
#7826 = LINE('',#7827,#7828);
#7827 = CARTESIAN_POINT('',(-76.2,-457.2,2.29616E+03));
#7828 = VECTOR('',#7829,1.);
#7829 = DIRECTION('',(0.,1.,0.));
#7830 = PCURVE('',#7744,#7831);
#7831 = DEFINITIONAL_REPRESENTATION('',(#7832),#7836);
#7832 = LINE('',#7833,#7834);
#7833 = CARTESIAN_POINT('',(101.6,0.));
#7834 = VECTOR('',#7835,1.);
#7835 = DIRECTION('',(0.,-1.));
#7836 = ( GEOMETRIC_REPRESENTATION_CONTEXT(2) 
PARAMETRIC_REPRESENTATION_CONTEXT() REPRESENTATION_CONTEXT('2D SPACE',''
  ) );
#7837 = PCURVE('',#7838,#7843);
#7838 = PLANE('',#7839);
#7839 = AXIS2_PLACEMENT_3D('',#7840,#7841,#7842);
#7840 = CARTESIAN_POINT('',(-76.2,-457.2,2.29616E+03));
#7841 = DIRECTION('',(0.,0.,1.));
#7842 = DIRECTION('',(1.,0.,0.));
#7843 = DEFINITIONAL_REPRESENTATION('',(#7844),#7848);
#7844 = LINE('',#7845,#7846);
#7845 = CARTESIAN_POINT('',(0.,0.));
#7846 = VECTOR('',#7847,1.);
#7847 = DIRECTION('',(0.,1.));
#7848 = ( GEOMETRIC_REPRESENTATION_CONTEXT(2) 
PARAMETRIC_REPRESENTATION_CONTEXT() REPRESENTATION_CONTEXT('2D SPACE',''
  ) );
#7849 = ADVANCED_FACE('',(#7850),#7756,.F.);
#7850 = FACE_BOUND('',#7851,.F.);
#7851 = EDGE_LOOP('',(#7852,#7875,#7876,#7899));
#7852 = ORIENTED_EDGE('',*,*,#7853,.F.);
#7853 = EDGE_CURVE('',#7734,#7854,#7856,.T.);
#7854 = VERTEX_POINT('',#7855);
#7855 = CARTESIAN_POINT('',(76.2,-457.2,2.19456E+03));
#7856 = SURFACE_CURVE('',#7857,(#7861,#7868),.PCURVE_S1.);
#7857 = LINE('',#7858,#7859);
#7858 = CARTESIAN_POINT('',(-76.2,-457.2,2.19456E+03));
#7859 = VECTOR('',#7860,1.);
#7860 = DIRECTION('',(1.,0.,0.));
#7861 = PCURVE('',#7756,#7862);
#7862 = DEFINITIONAL_REPRESENTATION('',(#7863),#7867);
#7863 = LINE('',#7864,#7865);
#7864 = CARTESIAN_POINT('',(0.,0.));
#7865 = VECTOR('',#7866,1.);
#7866 = DIRECTION('',(0.,1.));
#7867 = ( GEOMETRIC_REPRESENTATION_CONTEXT(2) 
PARAMETRIC_REPRESENTATION_CONTEXT() REPRESENTATION_CONTEXT('2D SPACE',''
  ) );
#7868 = PCURVE('',#7784,#7869);
#7869 = DEFINITIONAL_REPRESENTATION('',(#7870),#7874);
#7870 = LINE('',#7871,#7872);
#7871 = CARTESIAN_POINT('',(0.,0.));
#7872 = VECTOR('',#7873,1.);
#7873 = DIRECTION('',(1.,0.));
#7874 = ( GEOMETRIC_REPRESENTATION_CONTEXT(2) 
PARAMETRIC_REPRESENTATION_CONTEXT() REPRESENTATION_CONTEXT('2D SPACE',''
  ) );
#7875 = ORIENTED_EDGE('',*,*,#7733,.T.);
#7876 = ORIENTED_EDGE('',*,*,#7877,.T.);
#7877 = EDGE_CURVE('',#7736,#7878,#7880,.T.);
#7878 = VERTEX_POINT('',#7879);
#7879 = CARTESIAN_POINT('',(76.2,-457.2,2.29616E+03));
#7880 = SURFACE_CURVE('',#7881,(#7885,#7892),.PCURVE_S1.);
#7881 = LINE('',#7882,#7883);
#7882 = CARTESIAN_POINT('',(-76.2,-457.2,2.29616E+03));
#7883 = VECTOR('',#7884,1.);
#7884 = DIRECTION('',(1.,0.,0.));
#7885 = PCURVE('',#7756,#7886);
#7886 = DEFINITIONAL_REPRESENTATION('',(#7887),#7891);
#7887 = LINE('',#7888,#7889);
#7888 = CARTESIAN_POINT('',(101.6,0.));
#7889 = VECTOR('',#7890,1.);
#7890 = DIRECTION('',(0.,1.));
#7891 = ( GEOMETRIC_REPRESENTATION_CONTEXT(2) 
PARAMETRIC_REPRESENTATION_CONTEXT() REPRESENTATION_CONTEXT('2D SPACE',''
  ) );
#7892 = PCURVE('',#7838,#7893);
#7893 = DEFINITIONAL_REPRESENTATION('',(#7894),#7898);
#7894 = LINE('',#7895,#7896);
#7895 = CARTESIAN_POINT('',(0.,0.));
#7896 = VECTOR('',#7897,1.);
#7897 = DIRECTION('',(1.,0.));
#7898 = ( GEOMETRIC_REPRESENTATION_CONTEXT(2) 
PARAMETRIC_REPRESENTATION_CONTEXT() REPRESENTATION_CONTEXT('2D SPACE',''
  ) );
#7899 = ORIENTED_EDGE('',*,*,#7900,.F.);
#7900 = EDGE_CURVE('',#7854,#7878,#7901,.T.);
#7901 = SURFACE_CURVE('',#7902,(#7906,#7913),.PCURVE_S1.);
#7902 = LINE('',#7903,#7904);
#7903 = CARTESIAN_POINT('',(76.2,-457.2,2.19456E+03));
#7904 = VECTOR('',#7905,1.);
#7905 = DIRECTION('',(0.,0.,1.));
#7906 = PCURVE('',#7756,#7907);
#7907 = DEFINITIONAL_REPRESENTATION('',(#7908),#7912);
#7908 = LINE('',#7909,#7910);
#7909 = CARTESIAN_POINT('',(0.,152.4));
#7910 = VECTOR('',#7911,1.);
#7911 = DIRECTION('',(1.,0.));
#7912 = ( GEOMETRIC_REPRESENTATION_CONTEXT(2) 
PARAMETRIC_REPRESENTATION_CONTEXT() REPRESENTATION_CONTEXT('2D SPACE',''
  ) );
#7913 = PCURVE('',#7914,#7919);
#7914 = PLANE('',#7915);
#7915 = AXIS2_PLACEMENT_3D('',#7916,#7917,#7918);
#7916 = CARTESIAN_POINT('',(76.2,-457.2,2.19456E+03));
#7917 = DIRECTION('',(1.,0.,0.));
#7918 = DIRECTION('',(0.,0.,1.));
#7919 = DEFINITIONAL_REPRESENTATION('',(#7920),#7924);
#7920 = LINE('',#7921,#7922);
#7921 = CARTESIAN_POINT('',(0.,0.));
#7922 = VECTOR('',#7923,1.);
#7923 = DIRECTION('',(1.,0.));
#7924 = ( GEOMETRIC_REPRESENTATION_CONTEXT(2) 
PARAMETRIC_REPRESENTATION_CONTEXT() REPRESENTATION_CONTEXT('2D SPACE',''
  ) );
#7925 = ADVANCED_FACE('',(#7926),#7838,.T.);
#7926 = FACE_BOUND('',#7927,.T.);
#7927 = EDGE_LOOP('',(#7928,#7929,#7930,#7953));
#7928 = ORIENTED_EDGE('',*,*,#7824,.F.);
#7929 = ORIENTED_EDGE('',*,*,#7877,.T.);
#7930 = ORIENTED_EDGE('',*,*,#7931,.T.);
#7931 = EDGE_CURVE('',#7878,#7932,#7934,.T.);
#7932 = VERTEX_POINT('',#7933);
#7933 = CARTESIAN_POINT('',(76.2,457.2,2.29616E+03));
#7934 = SURFACE_CURVE('',#7935,(#7939,#7946),.PCURVE_S1.);
#7935 = LINE('',#7936,#7937);
#7936 = CARTESIAN_POINT('',(76.2,-457.2,2.29616E+03));
#7937 = VECTOR('',#7938,1.);
#7938 = DIRECTION('',(0.,1.,0.));
#7939 = PCURVE('',#7838,#7940);
#7940 = DEFINITIONAL_REPRESENTATION('',(#7941),#7945);
#7941 = LINE('',#7942,#7943);
#7942 = CARTESIAN_POINT('',(152.4,0.));
#7943 = VECTOR('',#7944,1.);
#7944 = DIRECTION('',(0.,1.));
#7945 = ( GEOMETRIC_REPRESENTATION_CONTEXT(2) 
PARAMETRIC_REPRESENTATION_CONTEXT() REPRESENTATION_CONTEXT('2D SPACE',''
  ) );
#7946 = PCURVE('',#7914,#7947);
#7947 = DEFINITIONAL_REPRESENTATION('',(#7948),#7952);
#7948 = LINE('',#7949,#7950);
#7949 = CARTESIAN_POINT('',(101.6,0.));
#7950 = VECTOR('',#7951,1.);
#7951 = DIRECTION('',(0.,-1.));
#7952 = ( GEOMETRIC_REPRESENTATION_CONTEXT(2) 
PARAMETRIC_REPRESENTATION_CONTEXT() REPRESENTATION_CONTEXT('2D SPACE',''
  ) );
#7953 = ORIENTED_EDGE('',*,*,#7954,.F.);
#7954 = EDGE_CURVE('',#7797,#7932,#7955,.T.);
#7955 = SURFACE_CURVE('',#7956,(#7960,#7967),.PCURVE_S1.);
#7956 = LINE('',#7957,#7958);
#7957 = CARTESIAN_POINT('',(-76.2,457.2,2.29616E+03));
#7958 = VECTOR('',#7959,1.);
#7959 = DIRECTION('',(1.,0.,0.));
#7960 = PCURVE('',#7838,#7961);
#7961 = DEFINITIONAL_REPRESENTATION('',(#7962),#7966);
#7962 = LINE('',#7963,#7964);
#7963 = CARTESIAN_POINT('',(0.,914.4));
#7964 = VECTOR('',#7965,1.);
#7965 = DIRECTION('',(1.,0.));
#7966 = ( GEOMETRIC_REPRESENTATION_CONTEXT(2) 
PARAMETRIC_REPRESENTATION_CONTEXT() REPRESENTATION_CONTEXT('2D SPACE',''
  ) );
#7967 = PCURVE('',#7812,#7968);
#7968 = DEFINITIONAL_REPRESENTATION('',(#7969),#7973);
#7969 = LINE('',#7970,#7971);
#7970 = CARTESIAN_POINT('',(101.6,0.));
#7971 = VECTOR('',#7972,1.);
#7972 = DIRECTION('',(0.,1.));
#7973 = ( GEOMETRIC_REPRESENTATION_CONTEXT(2) 
PARAMETRIC_REPRESENTATION_CONTEXT() REPRESENTATION_CONTEXT('2D SPACE',''
  ) );
#7974 = ADVANCED_FACE('',(#7975),#7812,.T.);
#7975 = FACE_BOUND('',#7976,.T.);
#7976 = EDGE_LOOP('',(#7977,#8000,#8001,#8002));
#7977 = ORIENTED_EDGE('',*,*,#7978,.F.);
#7978 = EDGE_CURVE('',#7769,#7979,#7981,.T.);
#7979 = VERTEX_POINT('',#7980);
#7980 = CARTESIAN_POINT('',(76.2,457.2,2.19456E+03));
#7981 = SURFACE_CURVE('',#7982,(#7986,#7993),.PCURVE_S1.);
#7982 = LINE('',#7983,#7984);
#7983 = CARTESIAN_POINT('',(-76.2,457.2,2.19456E+03));
#7984 = VECTOR('',#7985,1.);
#7985 = DIRECTION('',(1.,0.,0.));
#7986 = PCURVE('',#7812,#7987);
#7987 = DEFINITIONAL_REPRESENTATION('',(#7988),#7992);
#7988 = LINE('',#7989,#7990);
#7989 = CARTESIAN_POINT('',(0.,0.));
#7990 = VECTOR('',#7991,1.);
#7991 = DIRECTION('',(0.,1.));
#7992 = ( GEOMETRIC_REPRESENTATION_CONTEXT(2) 
PARAMETRIC_REPRESENTATION_CONTEXT() REPRESENTATION_CONTEXT('2D SPACE',''
  ) );
#7993 = PCURVE('',#7784,#7994);
#7994 = DEFINITIONAL_REPRESENTATION('',(#7995),#7999);
#7995 = LINE('',#7996,#7997);
#7996 = CARTESIAN_POINT('',(0.,914.4));
#7997 = VECTOR('',#7998,1.);
#7998 = DIRECTION('',(1.,0.));
#7999 = ( GEOMETRIC_REPRESENTATION_CONTEXT(2) 
PARAMETRIC_REPRESENTATION_CONTEXT() REPRESENTATION_CONTEXT('2D SPACE',''
  ) );
#8000 = ORIENTED_EDGE('',*,*,#7796,.T.);
#8001 = ORIENTED_EDGE('',*,*,#7954,.T.);
#8002 = ORIENTED_EDGE('',*,*,#8003,.F.);
#8003 = EDGE_CURVE('',#7979,#7932,#8004,.T.);
#8004 = SURFACE_CURVE('',#8005,(#8009,#8016),.PCURVE_S1.);
#8005 = LINE('',#8006,#8007);
#8006 = CARTESIAN_POINT('',(76.2,457.2,2.19456E+03));
#8007 = VECTOR('',#8008,1.);
#8008 = DIRECTION('',(0.,0.,1.));
#8009 = PCURVE('',#7812,#8010);
#8010 = DEFINITIONAL_REPRESENTATION('',(#8011),#8015);
#8011 = LINE('',#8012,#8013);
#8012 = CARTESIAN_POINT('',(0.,152.4));
#8013 = VECTOR('',#8014,1.);
#8014 = DIRECTION('',(1.,0.));
#8015 = ( GEOMETRIC_REPRESENTATION_CONTEXT(2) 
PARAMETRIC_REPRESENTATION_CONTEXT() REPRESENTATION_CONTEXT('2D SPACE',''
  ) );
#8016 = PCURVE('',#7914,#8017);
#8017 = DEFINITIONAL_REPRESENTATION('',(#8018),#8022);
#8018 = LINE('',#8019,#8020);
#8019 = CARTESIAN_POINT('',(0.,-914.4));
#8020 = VECTOR('',#8021,1.);
#8021 = DIRECTION('',(1.,0.));
#8022 = ( GEOMETRIC_REPRESENTATION_CONTEXT(2) 
PARAMETRIC_REPRESENTATION_CONTEXT() REPRESENTATION_CONTEXT('2D SPACE',''
  ) );
#8023 = ADVANCED_FACE('',(#8024,#8050),#7784,.F.);
#8024 = FACE_BOUND('',#8025,.F.);
#8025 = EDGE_LOOP('',(#8026,#8027,#8028,#8049));
#8026 = ORIENTED_EDGE('',*,*,#7768,.F.);
#8027 = ORIENTED_EDGE('',*,*,#7853,.T.);
#8028 = ORIENTED_EDGE('',*,*,#8029,.T.);
#8029 = EDGE_CURVE('',#7854,#7979,#8030,.T.);
#8030 = SURFACE_CURVE('',#8031,(#8035,#8042),.PCURVE_S1.);
#8031 = LINE('',#8032,#8033);
#8032 = CARTESIAN_POINT('',(76.2,-457.2,2.19456E+03));
#8033 = VECTOR('',#8034,1.);
#8034 = DIRECTION('',(0.,1.,0.));
#8035 = PCURVE('',#7784,#8036);
#8036 = DEFINITIONAL_REPRESENTATION('',(#8037),#8041);
#8037 = LINE('',#8038,#8039);
#8038 = CARTESIAN_POINT('',(152.4,0.));
#8039 = VECTOR('',#8040,1.);
#8040 = DIRECTION('',(0.,1.));
#8041 = ( GEOMETRIC_REPRESENTATION_CONTEXT(2) 
PARAMETRIC_REPRESENTATION_CONTEXT() REPRESENTATION_CONTEXT('2D SPACE',''
  ) );
#8042 = PCURVE('',#7914,#8043);
#8043 = DEFINITIONAL_REPRESENTATION('',(#8044),#8048);
#8044 = LINE('',#8045,#8046);
#8045 = CARTESIAN_POINT('',(0.,0.));
#8046 = VECTOR('',#8047,1.);
#8047 = DIRECTION('',(0.,-1.));
#8048 = ( GEOMETRIC_REPRESENTATION_CONTEXT(2) 
PARAMETRIC_REPRESENTATION_CONTEXT() REPRESENTATION_CONTEXT('2D SPACE',''
  ) );
#8049 = ORIENTED_EDGE('',*,*,#7978,.F.);
#8050 = FACE_BOUND('',#8051,.F.);
#8051 = EDGE_LOOP('',(#8052,#8082,#8110,#8138));
#8052 = ORIENTED_EDGE('',*,*,#8053,.T.);
#8053 = EDGE_CURVE('',#8054,#8056,#8058,.T.);
#8054 = VERTEX_POINT('',#8055);
#8055 = CARTESIAN_POINT('',(-50.8,-50.8,2.19456E+03));
#8056 = VERTEX_POINT('',#8057);
#8057 = CARTESIAN_POINT('',(-50.8,50.8,2.19456E+03));
#8058 = SURFACE_CURVE('',#8059,(#8063,#8070),.PCURVE_S1.);
#8059 = LINE('',#8060,#8061);
#8060 = CARTESIAN_POINT('',(-50.8,-50.8,2.19456E+03));
#8061 = VECTOR('',#8062,1.);
#8062 = DIRECTION('',(0.,1.,0.));
#8063 = PCURVE('',#7784,#8064);
#8064 = DEFINITIONAL_REPRESENTATION('',(#8065),#8069);
#8065 = LINE('',#8066,#8067);
#8066 = CARTESIAN_POINT('',(25.4,406.4));
#8067 = VECTOR('',#8068,1.);
#8068 = DIRECTION('',(0.,1.));
#8069 = ( GEOMETRIC_REPRESENTATION_CONTEXT(2) 
PARAMETRIC_REPRESENTATION_CONTEXT() REPRESENTATION_CONTEXT('2D SPACE',''
  ) );
#8070 = PCURVE('',#8071,#8076);
#8071 = PLANE('',#8072);
#8072 = AXIS2_PLACEMENT_3D('',#8073,#8074,#8075);
#8073 = CARTESIAN_POINT('',(-50.8,-50.8,0.));
#8074 = DIRECTION('',(1.,0.,0.));
#8075 = DIRECTION('',(0.,0.,1.));
#8076 = DEFINITIONAL_REPRESENTATION('',(#8077),#8081);
#8077 = LINE('',#8078,#8079);
#8078 = CARTESIAN_POINT('',(2.19456E+03,0.));
#8079 = VECTOR('',#8080,1.);
#8080 = DIRECTION('',(0.,-1.));
#8081 = ( GEOMETRIC_REPRESENTATION_CONTEXT(2) 
PARAMETRIC_REPRESENTATION_CONTEXT() REPRESENTATION_CONTEXT('2D SPACE',''
  ) );
#8082 = ORIENTED_EDGE('',*,*,#8083,.T.);
#8083 = EDGE_CURVE('',#8056,#8084,#8086,.T.);
#8084 = VERTEX_POINT('',#8085);
#8085 = CARTESIAN_POINT('',(50.8,50.8,2.19456E+03));
#8086 = SURFACE_CURVE('',#8087,(#8091,#8098),.PCURVE_S1.);
#8087 = LINE('',#8088,#8089);
#8088 = CARTESIAN_POINT('',(-50.8,50.8,2.19456E+03));
#8089 = VECTOR('',#8090,1.);
#8090 = DIRECTION('',(1.,0.,0.));
#8091 = PCURVE('',#7784,#8092);
#8092 = DEFINITIONAL_REPRESENTATION('',(#8093),#8097);
#8093 = LINE('',#8094,#8095);
#8094 = CARTESIAN_POINT('',(25.4,508.));
#8095 = VECTOR('',#8096,1.);
#8096 = DIRECTION('',(1.,0.));
#8097 = ( GEOMETRIC_REPRESENTATION_CONTEXT(2) 
PARAMETRIC_REPRESENTATION_CONTEXT() REPRESENTATION_CONTEXT('2D SPACE',''
  ) );
#8098 = PCURVE('',#8099,#8104);
#8099 = PLANE('',#8100);
#8100 = AXIS2_PLACEMENT_3D('',#8101,#8102,#8103);
#8101 = CARTESIAN_POINT('',(-50.8,50.8,0.));
#8102 = DIRECTION('',(0.,1.,0.));
#8103 = DIRECTION('',(0.,0.,1.));
#8104 = DEFINITIONAL_REPRESENTATION('',(#8105),#8109);
#8105 = LINE('',#8106,#8107);
#8106 = CARTESIAN_POINT('',(2.19456E+03,0.));
#8107 = VECTOR('',#8108,1.);
#8108 = DIRECTION('',(0.,1.));
#8109 = ( GEOMETRIC_REPRESENTATION_CONTEXT(2) 
PARAMETRIC_REPRESENTATION_CONTEXT() REPRESENTATION_CONTEXT('2D SPACE',''
  ) );
#8110 = ORIENTED_EDGE('',*,*,#8111,.F.);
#8111 = EDGE_CURVE('',#8112,#8084,#8114,.T.);
#8112 = VERTEX_POINT('',#8113);
#8113 = CARTESIAN_POINT('',(50.8,-50.8,2.19456E+03));
#8114 = SURFACE_CURVE('',#8115,(#8119,#8126),.PCURVE_S1.);
#8115 = LINE('',#8116,#8117);
#8116 = CARTESIAN_POINT('',(50.8,-50.8,2.19456E+03));
#8117 = VECTOR('',#8118,1.);
#8118 = DIRECTION('',(0.,1.,0.));
#8119 = PCURVE('',#7784,#8120);
#8120 = DEFINITIONAL_REPRESENTATION('',(#8121),#8125);
#8121 = LINE('',#8122,#8123);
#8122 = CARTESIAN_POINT('',(127.,406.4));
#8123 = VECTOR('',#8124,1.);
#8124 = DIRECTION('',(0.,1.));
#8125 = ( GEOMETRIC_REPRESENTATION_CONTEXT(2) 
PARAMETRIC_REPRESENTATION_CONTEXT() REPRESENTATION_CONTEXT('2D SPACE',''
  ) );
#8126 = PCURVE('',#8127,#8132);
#8127 = PLANE('',#8128);
#8128 = AXIS2_PLACEMENT_3D('',#8129,#8130,#8131);
#8129 = CARTESIAN_POINT('',(50.8,-50.8,0.));
#8130 = DIRECTION('',(1.,0.,0.));
#8131 = DIRECTION('',(0.,0.,1.));
#8132 = DEFINITIONAL_REPRESENTATION('',(#8133),#8137);
#8133 = LINE('',#8134,#8135);
#8134 = CARTESIAN_POINT('',(2.19456E+03,0.));
#8135 = VECTOR('',#8136,1.);
#8136 = DIRECTION('',(0.,-1.));
#8137 = ( GEOMETRIC_REPRESENTATION_CONTEXT(2) 
PARAMETRIC_REPRESENTATION_CONTEXT() REPRESENTATION_CONTEXT('2D SPACE',''
  ) );
#8138 = ORIENTED_EDGE('',*,*,#8139,.F.);
#8139 = EDGE_CURVE('',#8054,#8112,#8140,.T.);
#8140 = SURFACE_CURVE('',#8141,(#8145,#8152),.PCURVE_S1.);
#8141 = LINE('',#8142,#8143);
#8142 = CARTESIAN_POINT('',(-50.8,-50.8,2.19456E+03));
#8143 = VECTOR('',#8144,1.);
#8144 = DIRECTION('',(1.,0.,0.));
#8145 = PCURVE('',#7784,#8146);
#8146 = DEFINITIONAL_REPRESENTATION('',(#8147),#8151);
#8147 = LINE('',#8148,#8149);
#8148 = CARTESIAN_POINT('',(25.4,406.4));
#8149 = VECTOR('',#8150,1.);
#8150 = DIRECTION('',(1.,0.));
#8151 = ( GEOMETRIC_REPRESENTATION_CONTEXT(2) 
PARAMETRIC_REPRESENTATION_CONTEXT() REPRESENTATION_CONTEXT('2D SPACE',''
  ) );
#8152 = PCURVE('',#8153,#8158);
#8153 = PLANE('',#8154);
#8154 = AXIS2_PLACEMENT_3D('',#8155,#8156,#8157);
#8155 = CARTESIAN_POINT('',(-50.8,-50.8,0.));
#8156 = DIRECTION('',(0.,1.,0.));
#8157 = DIRECTION('',(0.,0.,1.));
#8158 = DEFINITIONAL_REPRESENTATION('',(#8159),#8163);
#8159 = LINE('',#8160,#8161);
#8160 = CARTESIAN_POINT('',(2.19456E+03,0.));
#8161 = VECTOR('',#8162,1.);
#8162 = DIRECTION('',(0.,1.));
#8163 = ( GEOMETRIC_REPRESENTATION_CONTEXT(2) 
PARAMETRIC_REPRESENTATION_CONTEXT() REPRESENTATION_CONTEXT('2D SPACE',''
  ) );
#8164 = ADVANCED_FACE('',(#8165),#7914,.T.);
#8165 = FACE_BOUND('',#8166,.T.);
#8166 = EDGE_LOOP('',(#8167,#8168,#8169,#8170));
#8167 = ORIENTED_EDGE('',*,*,#7900,.F.);
#8168 = ORIENTED_EDGE('',*,*,#8029,.T.);
#8169 = ORIENTED_EDGE('',*,*,#8003,.T.);
#8170 = ORIENTED_EDGE('',*,*,#7931,.F.);
#8171 = ADVANCED_FACE('',(#8172),#8071,.F.);
#8172 = FACE_BOUND('',#8173,.F.);
#8173 = EDGE_LOOP('',(#8174,#8197,#8225,#8246));
#8174 = ORIENTED_EDGE('',*,*,#8175,.F.);
#8175 = EDGE_CURVE('',#8176,#8054,#8178,.T.);
#8176 = VERTEX_POINT('',#8177);
#8177 = CARTESIAN_POINT('',(-50.8,-50.8,0.));
#8178 = SURFACE_CURVE('',#8179,(#8183,#8190),.PCURVE_S1.);
#8179 = LINE('',#8180,#8181);
#8180 = CARTESIAN_POINT('',(-50.8,-50.8,0.));
#8181 = VECTOR('',#8182,1.);
#8182 = DIRECTION('',(0.,0.,1.));
#8183 = PCURVE('',#8071,#8184);
#8184 = DEFINITIONAL_REPRESENTATION('',(#8185),#8189);
#8185 = LINE('',#8186,#8187);
#8186 = CARTESIAN_POINT('',(0.,0.));
#8187 = VECTOR('',#8188,1.);
#8188 = DIRECTION('',(1.,0.));
#8189 = ( GEOMETRIC_REPRESENTATION_CONTEXT(2) 
PARAMETRIC_REPRESENTATION_CONTEXT() REPRESENTATION_CONTEXT('2D SPACE',''
  ) );
#8190 = PCURVE('',#8153,#8191);
#8191 = DEFINITIONAL_REPRESENTATION('',(#8192),#8196);
#8192 = LINE('',#8193,#8194);
#8193 = CARTESIAN_POINT('',(0.,0.));
#8194 = VECTOR('',#8195,1.);
#8195 = DIRECTION('',(1.,0.));
#8196 = ( GEOMETRIC_REPRESENTATION_CONTEXT(2) 
PARAMETRIC_REPRESENTATION_CONTEXT() REPRESENTATION_CONTEXT('2D SPACE',''
  ) );
#8197 = ORIENTED_EDGE('',*,*,#8198,.T.);
#8198 = EDGE_CURVE('',#8176,#8199,#8201,.T.);
#8199 = VERTEX_POINT('',#8200);
#8200 = CARTESIAN_POINT('',(-50.8,50.8,0.));
#8201 = SURFACE_CURVE('',#8202,(#8206,#8213),.PCURVE_S1.);
#8202 = LINE('',#8203,#8204);
#8203 = CARTESIAN_POINT('',(-50.8,-50.8,0.));
#8204 = VECTOR('',#8205,1.);
#8205 = DIRECTION('',(0.,1.,0.));
#8206 = PCURVE('',#8071,#8207);
#8207 = DEFINITIONAL_REPRESENTATION('',(#8208),#8212);
#8208 = LINE('',#8209,#8210);
#8209 = CARTESIAN_POINT('',(0.,0.));
#8210 = VECTOR('',#8211,1.);
#8211 = DIRECTION('',(0.,-1.));
#8212 = ( GEOMETRIC_REPRESENTATION_CONTEXT(2) 
PARAMETRIC_REPRESENTATION_CONTEXT() REPRESENTATION_CONTEXT('2D SPACE',''
  ) );
#8213 = PCURVE('',#8214,#8219);
#8214 = PLANE('',#8215);
#8215 = AXIS2_PLACEMENT_3D('',#8216,#8217,#8218);
#8216 = CARTESIAN_POINT('',(-50.8,-50.8,0.));
#8217 = DIRECTION('',(0.,0.,1.));
#8218 = DIRECTION('',(1.,0.,0.));
#8219 = DEFINITIONAL_REPRESENTATION('',(#8220),#8224);
#8220 = LINE('',#8221,#8222);
#8221 = CARTESIAN_POINT('',(0.,0.));
#8222 = VECTOR('',#8223,1.);
#8223 = DIRECTION('',(0.,1.));
#8224 = ( GEOMETRIC_REPRESENTATION_CONTEXT(2) 
PARAMETRIC_REPRESENTATION_CONTEXT() REPRESENTATION_CONTEXT('2D SPACE',''
  ) );
#8225 = ORIENTED_EDGE('',*,*,#8226,.T.);
#8226 = EDGE_CURVE('',#8199,#8056,#8227,.T.);
#8227 = SURFACE_CURVE('',#8228,(#8232,#8239),.PCURVE_S1.);
#8228 = LINE('',#8229,#8230);
#8229 = CARTESIAN_POINT('',(-50.8,50.8,0.));
#8230 = VECTOR('',#8231,1.);
#8231 = DIRECTION('',(0.,0.,1.));
#8232 = PCURVE('',#8071,#8233);
#8233 = DEFINITIONAL_REPRESENTATION('',(#8234),#8238);
#8234 = LINE('',#8235,#8236);
#8235 = CARTESIAN_POINT('',(0.,-101.6));
#8236 = VECTOR('',#8237,1.);
#8237 = DIRECTION('',(1.,0.));
#8238 = ( GEOMETRIC_REPRESENTATION_CONTEXT(2) 
PARAMETRIC_REPRESENTATION_CONTEXT() REPRESENTATION_CONTEXT('2D SPACE',''
  ) );
#8239 = PCURVE('',#8099,#8240);
#8240 = DEFINITIONAL_REPRESENTATION('',(#8241),#8245);
#8241 = LINE('',#8242,#8243);
#8242 = CARTESIAN_POINT('',(0.,0.));
#8243 = VECTOR('',#8244,1.);
#8244 = DIRECTION('',(1.,0.));
#8245 = ( GEOMETRIC_REPRESENTATION_CONTEXT(2) 
PARAMETRIC_REPRESENTATION_CONTEXT() REPRESENTATION_CONTEXT('2D SPACE',''
  ) );
#8246 = ORIENTED_EDGE('',*,*,#8053,.F.);
#8247 = ADVANCED_FACE('',(#8248),#8153,.F.);
#8248 = FACE_BOUND('',#8249,.F.);
#8249 = EDGE_LOOP('',(#8250,#8273,#8274,#8275));
#8250 = ORIENTED_EDGE('',*,*,#8251,.F.);
#8251 = EDGE_CURVE('',#8176,#8252,#8254,.T.);
#8252 = VERTEX_POINT('',#8253);
#8253 = CARTESIAN_POINT('',(50.8,-50.8,0.));
#8254 = SURFACE_CURVE('',#8255,(#8259,#8266),.PCURVE_S1.);
#8255 = LINE('',#8256,#8257);
#8256 = CARTESIAN_POINT('',(-50.8,-50.8,0.));
#8257 = VECTOR('',#8258,1.);
#8258 = DIRECTION('',(1.,0.,0.));
#8259 = PCURVE('',#8153,#8260);
#8260 = DEFINITIONAL_REPRESENTATION('',(#8261),#8265);
#8261 = LINE('',#8262,#8263);
#8262 = CARTESIAN_POINT('',(0.,0.));
#8263 = VECTOR('',#8264,1.);
#8264 = DIRECTION('',(0.,1.));
#8265 = ( GEOMETRIC_REPRESENTATION_CONTEXT(2) 
PARAMETRIC_REPRESENTATION_CONTEXT() REPRESENTATION_CONTEXT('2D SPACE',''
  ) );
#8266 = PCURVE('',#8214,#8267);
#8267 = DEFINITIONAL_REPRESENTATION('',(#8268),#8272);
#8268 = LINE('',#8269,#8270);
#8269 = CARTESIAN_POINT('',(0.,0.));
#8270 = VECTOR('',#8271,1.);
#8271 = DIRECTION('',(1.,0.));
#8272 = ( GEOMETRIC_REPRESENTATION_CONTEXT(2) 
PARAMETRIC_REPRESENTATION_CONTEXT() REPRESENTATION_CONTEXT('2D SPACE',''
  ) );
#8273 = ORIENTED_EDGE('',*,*,#8175,.T.);
#8274 = ORIENTED_EDGE('',*,*,#8139,.T.);
#8275 = ORIENTED_EDGE('',*,*,#8276,.F.);
#8276 = EDGE_CURVE('',#8252,#8112,#8277,.T.);
#8277 = SURFACE_CURVE('',#8278,(#8282,#8289),.PCURVE_S1.);
#8278 = LINE('',#8279,#8280);
#8279 = CARTESIAN_POINT('',(50.8,-50.8,0.));
#8280 = VECTOR('',#8281,1.);
#8281 = DIRECTION('',(0.,0.,1.));
#8282 = PCURVE('',#8153,#8283);
#8283 = DEFINITIONAL_REPRESENTATION('',(#8284),#8288);
#8284 = LINE('',#8285,#8286);
#8285 = CARTESIAN_POINT('',(0.,101.6));
#8286 = VECTOR('',#8287,1.);
#8287 = DIRECTION('',(1.,0.));
#8288 = ( GEOMETRIC_REPRESENTATION_CONTEXT(2) 
PARAMETRIC_REPRESENTATION_CONTEXT() REPRESENTATION_CONTEXT('2D SPACE',''
  ) );
#8289 = PCURVE('',#8127,#8290);
#8290 = DEFINITIONAL_REPRESENTATION('',(#8291),#8295);
#8291 = LINE('',#8292,#8293);
#8292 = CARTESIAN_POINT('',(0.,0.));
#8293 = VECTOR('',#8294,1.);
#8294 = DIRECTION('',(1.,0.));
#8295 = ( GEOMETRIC_REPRESENTATION_CONTEXT(2) 
PARAMETRIC_REPRESENTATION_CONTEXT() REPRESENTATION_CONTEXT('2D SPACE',''
  ) );
#8296 = ADVANCED_FACE('',(#8297),#8127,.T.);
#8297 = FACE_BOUND('',#8298,.T.);
#8298 = EDGE_LOOP('',(#8299,#8300,#8323,#8344));
#8299 = ORIENTED_EDGE('',*,*,#8276,.F.);
#8300 = ORIENTED_EDGE('',*,*,#8301,.T.);
#8301 = EDGE_CURVE('',#8252,#8302,#8304,.T.);
#8302 = VERTEX_POINT('',#8303);
#8303 = CARTESIAN_POINT('',(50.8,50.8,0.));
#8304 = SURFACE_CURVE('',#8305,(#8309,#8316),.PCURVE_S1.);
#8305 = LINE('',#8306,#8307);
#8306 = CARTESIAN_POINT('',(50.8,-50.8,0.));
#8307 = VECTOR('',#8308,1.);
#8308 = DIRECTION('',(0.,1.,0.));
#8309 = PCURVE('',#8127,#8310);
#8310 = DEFINITIONAL_REPRESENTATION('',(#8311),#8315);
#8311 = LINE('',#8312,#8313);
#8312 = CARTESIAN_POINT('',(0.,0.));
#8313 = VECTOR('',#8314,1.);
#8314 = DIRECTION('',(0.,-1.));
#8315 = ( GEOMETRIC_REPRESENTATION_CONTEXT(2) 
PARAMETRIC_REPRESENTATION_CONTEXT() REPRESENTATION_CONTEXT('2D SPACE',''
  ) );
#8316 = PCURVE('',#8214,#8317);
#8317 = DEFINITIONAL_REPRESENTATION('',(#8318),#8322);
#8318 = LINE('',#8319,#8320);
#8319 = CARTESIAN_POINT('',(101.6,0.));
#8320 = VECTOR('',#8321,1.);
#8321 = DIRECTION('',(0.,1.));
#8322 = ( GEOMETRIC_REPRESENTATION_CONTEXT(2) 
PARAMETRIC_REPRESENTATION_CONTEXT() REPRESENTATION_CONTEXT('2D SPACE',''
  ) );
#8323 = ORIENTED_EDGE('',*,*,#8324,.T.);
#8324 = EDGE_CURVE('',#8302,#8084,#8325,.T.);
#8325 = SURFACE_CURVE('',#8326,(#8330,#8337),.PCURVE_S1.);
#8326 = LINE('',#8327,#8328);
#8327 = CARTESIAN_POINT('',(50.8,50.8,0.));
#8328 = VECTOR('',#8329,1.);
#8329 = DIRECTION('',(0.,0.,1.));
#8330 = PCURVE('',#8127,#8331);
#8331 = DEFINITIONAL_REPRESENTATION('',(#8332),#8336);
#8332 = LINE('',#8333,#8334);
#8333 = CARTESIAN_POINT('',(0.,-101.6));
#8334 = VECTOR('',#8335,1.);
#8335 = DIRECTION('',(1.,0.));
#8336 = ( GEOMETRIC_REPRESENTATION_CONTEXT(2) 
PARAMETRIC_REPRESENTATION_CONTEXT() REPRESENTATION_CONTEXT('2D SPACE',''
  ) );
#8337 = PCURVE('',#8099,#8338);
#8338 = DEFINITIONAL_REPRESENTATION('',(#8339),#8343);
#8339 = LINE('',#8340,#8341);
#8340 = CARTESIAN_POINT('',(0.,101.6));
#8341 = VECTOR('',#8342,1.);
#8342 = DIRECTION('',(1.,0.));
#8343 = ( GEOMETRIC_REPRESENTATION_CONTEXT(2) 
PARAMETRIC_REPRESENTATION_CONTEXT() REPRESENTATION_CONTEXT('2D SPACE',''
  ) );
#8344 = ORIENTED_EDGE('',*,*,#8111,.F.);
#8345 = ADVANCED_FACE('',(#8346),#8099,.T.);
#8346 = FACE_BOUND('',#8347,.T.);
#8347 = EDGE_LOOP('',(#8348,#8369,#8370,#8371));
#8348 = ORIENTED_EDGE('',*,*,#8349,.F.);
#8349 = EDGE_CURVE('',#8199,#8302,#8350,.T.);
#8350 = SURFACE_CURVE('',#8351,(#8355,#8362),.PCURVE_S1.);
#8351 = LINE('',#8352,#8353);
#8352 = CARTESIAN_POINT('',(-50.8,50.8,0.));
#8353 = VECTOR('',#8354,1.);
#8354 = DIRECTION('',(1.,0.,0.));
#8355 = PCURVE('',#8099,#8356);
#8356 = DEFINITIONAL_REPRESENTATION('',(#8357),#8361);
#8357 = LINE('',#8358,#8359);
#8358 = CARTESIAN_POINT('',(0.,0.));
#8359 = VECTOR('',#8360,1.);
#8360 = DIRECTION('',(0.,1.));
#8361 = ( GEOMETRIC_REPRESENTATION_CONTEXT(2) 
PARAMETRIC_REPRESENTATION_CONTEXT() REPRESENTATION_CONTEXT('2D SPACE',''
  ) );
#8362 = PCURVE('',#8214,#8363);
#8363 = DEFINITIONAL_REPRESENTATION('',(#8364),#8368);
#8364 = LINE('',#8365,#8366);
#8365 = CARTESIAN_POINT('',(0.,101.6));
#8366 = VECTOR('',#8367,1.);
#8367 = DIRECTION('',(1.,0.));
#8368 = ( GEOMETRIC_REPRESENTATION_CONTEXT(2) 
PARAMETRIC_REPRESENTATION_CONTEXT() REPRESENTATION_CONTEXT('2D SPACE',''
  ) );
#8369 = ORIENTED_EDGE('',*,*,#8226,.T.);
#8370 = ORIENTED_EDGE('',*,*,#8083,.T.);
#8371 = ORIENTED_EDGE('',*,*,#8324,.F.);
#8372 = ADVANCED_FACE('',(#8373),#8214,.F.);
#8373 = FACE_BOUND('',#8374,.F.);
#8374 = EDGE_LOOP('',(#8375,#8376,#8377,#8378));
#8375 = ORIENTED_EDGE('',*,*,#8198,.F.);
#8376 = ORIENTED_EDGE('',*,*,#8251,.T.);
#8377 = ORIENTED_EDGE('',*,*,#8301,.T.);
#8378 = ORIENTED_EDGE('',*,*,#8349,.F.);
#8379 = ( GEOMETRIC_REPRESENTATION_CONTEXT(3) 
GLOBAL_UNCERTAINTY_ASSIGNED_CONTEXT((#8383)) 
GLOBAL_UNIT_ASSIGNED_CONTEXT((#8380,#8381,#8382)) REPRESENTATION_CONTEXT
('Context #1','3D Context with UNIT and UNCERTAINTY') );
#8380 = ( LENGTH_UNIT() NAMED_UNIT(*) SI_UNIT(.MILLI.,.METRE.) );
#8381 = ( NAMED_UNIT(*) PLANE_ANGLE_UNIT() SI_UNIT($,.RADIAN.) );
#8382 = ( NAMED_UNIT(*) SI_UNIT($,.STERADIAN.) SOLID_ANGLE_UNIT() );
#8383 = UNCERTAINTY_MEASURE_WITH_UNIT(LENGTH_MEASURE(1.E-07),#8380,
  'distance_accuracy_value','confusion accuracy');
#8384 = CONTEXT_DEPENDENT_SHAPE_REPRESENTATION(#8385,#8387);
#8385 = ( REPRESENTATION_RELATIONSHIP('','',#7726,#10) 
REPRESENTATION_RELATIONSHIP_WITH_TRANSFORMATION(#8386) 
SHAPE_REPRESENTATION_RELATIONSHIP() );
#8386 = ITEM_DEFINED_TRANSFORMATION('','',#11,#103);
#8387 = PRODUCT_DEFINITION_SHAPE('Placement','Placement of an item',
  #8388);
#8388 = NEXT_ASSEMBLY_USAGE_OCCURRENCE('23','chute_rest','',#5,#7721,$);
#8389 = PRODUCT_RELATED_PRODUCT_CATEGORY('part',$,(#7723));
#8390 = SHAPE_DEFINITION_REPRESENTATION(#8391,#8397);
#8391 = PRODUCT_DEFINITION_SHAPE('','',#8392);
#8392 = PRODUCT_DEFINITION('design','',#8393,#8396);
#8393 = PRODUCT_DEFINITION_FORMATION('','',#8394);
#8394 = PRODUCT('hopper_rest','hopper_rest','',(#8395));
#8395 = PRODUCT_CONTEXT('',#2,'mechanical');
#8396 = PRODUCT_DEFINITION_CONTEXT('part definition',#2,'design');
#8397 = ADVANCED_BREP_SHAPE_REPRESENTATION('',(#11,#8398),#8728);
#8398 = MANIFOLD_SOLID_BREP('',#8399);
#8399 = CLOSED_SHELL('',(#8400,#8520,#8620,#8667,#8714,#8721));
#8400 = ADVANCED_FACE('',(#8401),#8415,.F.);
#8401 = FACE_BOUND('',#8402,.F.);
#8402 = EDGE_LOOP('',(#8403,#8438,#8466,#8494));
#8403 = ORIENTED_EDGE('',*,*,#8404,.F.);
#8404 = EDGE_CURVE('',#8405,#8407,#8409,.T.);
#8405 = VERTEX_POINT('',#8406);
#8406 = CARTESIAN_POINT('',(-76.2,-304.8,0.));
#8407 = VERTEX_POINT('',#8408);
#8408 = CARTESIAN_POINT('',(-76.2,-304.8,416.56));
#8409 = SURFACE_CURVE('',#8410,(#8414,#8426),.PCURVE_S1.);
#8410 = LINE('',#8411,#8412);
#8411 = CARTESIAN_POINT('',(-76.2,-304.8,0.));
#8412 = VECTOR('',#8413,1.);
#8413 = DIRECTION('',(0.,0.,1.));
#8414 = PCURVE('',#8415,#8420);
#8415 = PLANE('',#8416);
#8416 = AXIS2_PLACEMENT_3D('',#8417,#8418,#8419);
#8417 = CARTESIAN_POINT('',(-76.2,-304.8,0.));
#8418 = DIRECTION('',(1.,0.,0.));
#8419 = DIRECTION('',(0.,0.,1.));
#8420 = DEFINITIONAL_REPRESENTATION('',(#8421),#8425);
#8421 = LINE('',#8422,#8423);
#8422 = CARTESIAN_POINT('',(0.,0.));
#8423 = VECTOR('',#8424,1.);
#8424 = DIRECTION('',(1.,0.));
#8425 = ( GEOMETRIC_REPRESENTATION_CONTEXT(2) 
PARAMETRIC_REPRESENTATION_CONTEXT() REPRESENTATION_CONTEXT('2D SPACE',''
  ) );
#8426 = PCURVE('',#8427,#8432);
#8427 = PLANE('',#8428);
#8428 = AXIS2_PLACEMENT_3D('',#8429,#8430,#8431);
#8429 = CARTESIAN_POINT('',(-76.2,-304.8,0.));
#8430 = DIRECTION('',(0.,1.,0.));
#8431 = DIRECTION('',(0.,0.,1.));
#8432 = DEFINITIONAL_REPRESENTATION('',(#8433),#8437);
#8433 = LINE('',#8434,#8435);
#8434 = CARTESIAN_POINT('',(0.,0.));
#8435 = VECTOR('',#8436,1.);
#8436 = DIRECTION('',(1.,0.));
#8437 = ( GEOMETRIC_REPRESENTATION_CONTEXT(2) 
PARAMETRIC_REPRESENTATION_CONTEXT() REPRESENTATION_CONTEXT('2D SPACE',''
  ) );
#8438 = ORIENTED_EDGE('',*,*,#8439,.T.);
#8439 = EDGE_CURVE('',#8405,#8440,#8442,.T.);
#8440 = VERTEX_POINT('',#8441);
#8441 = CARTESIAN_POINT('',(-76.2,304.8,0.));
#8442 = SURFACE_CURVE('',#8443,(#8447,#8454),.PCURVE_S1.);
#8443 = LINE('',#8444,#8445);
#8444 = CARTESIAN_POINT('',(-76.2,-304.8,0.));
#8445 = VECTOR('',#8446,1.);
#8446 = DIRECTION('',(0.,1.,0.));
#8447 = PCURVE('',#8415,#8448);
#8448 = DEFINITIONAL_REPRESENTATION('',(#8449),#8453);
#8449 = LINE('',#8450,#8451);
#8450 = CARTESIAN_POINT('',(0.,0.));
#8451 = VECTOR('',#8452,1.);
#8452 = DIRECTION('',(0.,-1.));
#8453 = ( GEOMETRIC_REPRESENTATION_CONTEXT(2) 
PARAMETRIC_REPRESENTATION_CONTEXT() REPRESENTATION_CONTEXT('2D SPACE',''
  ) );
#8454 = PCURVE('',#8455,#8460);
#8455 = PLANE('',#8456);
#8456 = AXIS2_PLACEMENT_3D('',#8457,#8458,#8459);
#8457 = CARTESIAN_POINT('',(-76.2,-304.8,0.));
#8458 = DIRECTION('',(0.,0.,1.));
#8459 = DIRECTION('',(1.,0.,0.));
#8460 = DEFINITIONAL_REPRESENTATION('',(#8461),#8465);
#8461 = LINE('',#8462,#8463);
#8462 = CARTESIAN_POINT('',(0.,0.));
#8463 = VECTOR('',#8464,1.);
#8464 = DIRECTION('',(0.,1.));
#8465 = ( GEOMETRIC_REPRESENTATION_CONTEXT(2) 
PARAMETRIC_REPRESENTATION_CONTEXT() REPRESENTATION_CONTEXT('2D SPACE',''
  ) );
#8466 = ORIENTED_EDGE('',*,*,#8467,.T.);
#8467 = EDGE_CURVE('',#8440,#8468,#8470,.T.);
#8468 = VERTEX_POINT('',#8469);
#8469 = CARTESIAN_POINT('',(-76.2,304.8,416.56));
#8470 = SURFACE_CURVE('',#8471,(#8475,#8482),.PCURVE_S1.);
#8471 = LINE('',#8472,#8473);
#8472 = CARTESIAN_POINT('',(-76.2,304.8,0.));
#8473 = VECTOR('',#8474,1.);
#8474 = DIRECTION('',(0.,0.,1.));
#8475 = PCURVE('',#8415,#8476);
#8476 = DEFINITIONAL_REPRESENTATION('',(#8477),#8481);
#8477 = LINE('',#8478,#8479);
#8478 = CARTESIAN_POINT('',(0.,-609.6));
#8479 = VECTOR('',#8480,1.);
#8480 = DIRECTION('',(1.,0.));
#8481 = ( GEOMETRIC_REPRESENTATION_CONTEXT(2) 
PARAMETRIC_REPRESENTATION_CONTEXT() REPRESENTATION_CONTEXT('2D SPACE',''
  ) );
#8482 = PCURVE('',#8483,#8488);
#8483 = PLANE('',#8484);
#8484 = AXIS2_PLACEMENT_3D('',#8485,#8486,#8487);
#8485 = CARTESIAN_POINT('',(-76.2,304.8,0.));
#8486 = DIRECTION('',(0.,1.,0.));
#8487 = DIRECTION('',(0.,0.,1.));
#8488 = DEFINITIONAL_REPRESENTATION('',(#8489),#8493);
#8489 = LINE('',#8490,#8491);
#8490 = CARTESIAN_POINT('',(0.,0.));
#8491 = VECTOR('',#8492,1.);
#8492 = DIRECTION('',(1.,0.));
#8493 = ( GEOMETRIC_REPRESENTATION_CONTEXT(2) 
PARAMETRIC_REPRESENTATION_CONTEXT() REPRESENTATION_CONTEXT('2D SPACE',''
  ) );
#8494 = ORIENTED_EDGE('',*,*,#8495,.F.);
#8495 = EDGE_CURVE('',#8407,#8468,#8496,.T.);
#8496 = SURFACE_CURVE('',#8497,(#8501,#8508),.PCURVE_S1.);
#8497 = LINE('',#8498,#8499);
#8498 = CARTESIAN_POINT('',(-76.2,-304.8,416.56));
#8499 = VECTOR('',#8500,1.);
#8500 = DIRECTION('',(0.,1.,0.));
#8501 = PCURVE('',#8415,#8502);
#8502 = DEFINITIONAL_REPRESENTATION('',(#8503),#8507);
#8503 = LINE('',#8504,#8505);
#8504 = CARTESIAN_POINT('',(416.56,0.));
#8505 = VECTOR('',#8506,1.);
#8506 = DIRECTION('',(0.,-1.));
#8507 = ( GEOMETRIC_REPRESENTATION_CONTEXT(2) 
PARAMETRIC_REPRESENTATION_CONTEXT() REPRESENTATION_CONTEXT('2D SPACE',''
  ) );
#8508 = PCURVE('',#8509,#8514);
#8509 = PLANE('',#8510);
#8510 = AXIS2_PLACEMENT_3D('',#8511,#8512,#8513);
#8511 = CARTESIAN_POINT('',(-76.2,-304.8,416.56));
#8512 = DIRECTION('',(0.,0.,1.));
#8513 = DIRECTION('',(1.,0.,0.));
#8514 = DEFINITIONAL_REPRESENTATION('',(#8515),#8519);
#8515 = LINE('',#8516,#8517);
#8516 = CARTESIAN_POINT('',(0.,0.));
#8517 = VECTOR('',#8518,1.);
#8518 = DIRECTION('',(0.,1.));
#8519 = ( GEOMETRIC_REPRESENTATION_CONTEXT(2) 
PARAMETRIC_REPRESENTATION_CONTEXT() REPRESENTATION_CONTEXT('2D SPACE',''
  ) );
#8520 = ADVANCED_FACE('',(#8521),#8535,.T.);
#8521 = FACE_BOUND('',#8522,.T.);
#8522 = EDGE_LOOP('',(#8523,#8553,#8576,#8599));
#8523 = ORIENTED_EDGE('',*,*,#8524,.F.);
#8524 = EDGE_CURVE('',#8525,#8527,#8529,.T.);
#8525 = VERTEX_POINT('',#8526);
#8526 = CARTESIAN_POINT('',(76.2,-304.8,0.));
#8527 = VERTEX_POINT('',#8528);
#8528 = CARTESIAN_POINT('',(76.2,-304.8,416.56));
#8529 = SURFACE_CURVE('',#8530,(#8534,#8546),.PCURVE_S1.);
#8530 = LINE('',#8531,#8532);
#8531 = CARTESIAN_POINT('',(76.2,-304.8,0.));
#8532 = VECTOR('',#8533,1.);
#8533 = DIRECTION('',(0.,0.,1.));
#8534 = PCURVE('',#8535,#8540);
#8535 = PLANE('',#8536);
#8536 = AXIS2_PLACEMENT_3D('',#8537,#8538,#8539);
#8537 = CARTESIAN_POINT('',(76.2,-304.8,0.));
#8538 = DIRECTION('',(1.,0.,0.));
#8539 = DIRECTION('',(0.,0.,1.));
#8540 = DEFINITIONAL_REPRESENTATION('',(#8541),#8545);
#8541 = LINE('',#8542,#8543);
#8542 = CARTESIAN_POINT('',(0.,0.));
#8543 = VECTOR('',#8544,1.);
#8544 = DIRECTION('',(1.,0.));
#8545 = ( GEOMETRIC_REPRESENTATION_CONTEXT(2) 
PARAMETRIC_REPRESENTATION_CONTEXT() REPRESENTATION_CONTEXT('2D SPACE',''
  ) );
#8546 = PCURVE('',#8427,#8547);
#8547 = DEFINITIONAL_REPRESENTATION('',(#8548),#8552);
#8548 = LINE('',#8549,#8550);
#8549 = CARTESIAN_POINT('',(0.,152.4));
#8550 = VECTOR('',#8551,1.);
#8551 = DIRECTION('',(1.,0.));
#8552 = ( GEOMETRIC_REPRESENTATION_CONTEXT(2) 
PARAMETRIC_REPRESENTATION_CONTEXT() REPRESENTATION_CONTEXT('2D SPACE',''
  ) );
#8553 = ORIENTED_EDGE('',*,*,#8554,.T.);
#8554 = EDGE_CURVE('',#8525,#8555,#8557,.T.);
#8555 = VERTEX_POINT('',#8556);
#8556 = CARTESIAN_POINT('',(76.2,304.8,0.));
#8557 = SURFACE_CURVE('',#8558,(#8562,#8569),.PCURVE_S1.);
#8558 = LINE('',#8559,#8560);
#8559 = CARTESIAN_POINT('',(76.2,-304.8,0.));
#8560 = VECTOR('',#8561,1.);
#8561 = DIRECTION('',(0.,1.,0.));
#8562 = PCURVE('',#8535,#8563);
#8563 = DEFINITIONAL_REPRESENTATION('',(#8564),#8568);
#8564 = LINE('',#8565,#8566);
#8565 = CARTESIAN_POINT('',(0.,0.));
#8566 = VECTOR('',#8567,1.);
#8567 = DIRECTION('',(0.,-1.));
#8568 = ( GEOMETRIC_REPRESENTATION_CONTEXT(2) 
PARAMETRIC_REPRESENTATION_CONTEXT() REPRESENTATION_CONTEXT('2D SPACE',''
  ) );
#8569 = PCURVE('',#8455,#8570);
#8570 = DEFINITIONAL_REPRESENTATION('',(#8571),#8575);
#8571 = LINE('',#8572,#8573);
#8572 = CARTESIAN_POINT('',(152.4,0.));
#8573 = VECTOR('',#8574,1.);
#8574 = DIRECTION('',(0.,1.));
#8575 = ( GEOMETRIC_REPRESENTATION_CONTEXT(2) 
PARAMETRIC_REPRESENTATION_CONTEXT() REPRESENTATION_CONTEXT('2D SPACE',''
  ) );
#8576 = ORIENTED_EDGE('',*,*,#8577,.T.);
#8577 = EDGE_CURVE('',#8555,#8578,#8580,.T.);
#8578 = VERTEX_POINT('',#8579);
#8579 = CARTESIAN_POINT('',(76.2,304.8,416.56));
#8580 = SURFACE_CURVE('',#8581,(#8585,#8592),.PCURVE_S1.);
#8581 = LINE('',#8582,#8583);
#8582 = CARTESIAN_POINT('',(76.2,304.8,0.));
#8583 = VECTOR('',#8584,1.);
#8584 = DIRECTION('',(0.,0.,1.));
#8585 = PCURVE('',#8535,#8586);
#8586 = DEFINITIONAL_REPRESENTATION('',(#8587),#8591);
#8587 = LINE('',#8588,#8589);
#8588 = CARTESIAN_POINT('',(0.,-609.6));
#8589 = VECTOR('',#8590,1.);
#8590 = DIRECTION('',(1.,0.));
#8591 = ( GEOMETRIC_REPRESENTATION_CONTEXT(2) 
PARAMETRIC_REPRESENTATION_CONTEXT() REPRESENTATION_CONTEXT('2D SPACE',''
  ) );
#8592 = PCURVE('',#8483,#8593);
#8593 = DEFINITIONAL_REPRESENTATION('',(#8594),#8598);
#8594 = LINE('',#8595,#8596);
#8595 = CARTESIAN_POINT('',(0.,152.4));
#8596 = VECTOR('',#8597,1.);
#8597 = DIRECTION('',(1.,0.));
#8598 = ( GEOMETRIC_REPRESENTATION_CONTEXT(2) 
PARAMETRIC_REPRESENTATION_CONTEXT() REPRESENTATION_CONTEXT('2D SPACE',''
  ) );
#8599 = ORIENTED_EDGE('',*,*,#8600,.F.);
#8600 = EDGE_CURVE('',#8527,#8578,#8601,.T.);
#8601 = SURFACE_CURVE('',#8602,(#8606,#8613),.PCURVE_S1.);
#8602 = LINE('',#8603,#8604);
#8603 = CARTESIAN_POINT('',(76.2,-304.8,416.56));
#8604 = VECTOR('',#8605,1.);
#8605 = DIRECTION('',(0.,1.,0.));
#8606 = PCURVE('',#8535,#8607);
#8607 = DEFINITIONAL_REPRESENTATION('',(#8608),#8612);
#8608 = LINE('',#8609,#8610);
#8609 = CARTESIAN_POINT('',(416.56,0.));
#8610 = VECTOR('',#8611,1.);
#8611 = DIRECTION('',(0.,-1.));
#8612 = ( GEOMETRIC_REPRESENTATION_CONTEXT(2) 
PARAMETRIC_REPRESENTATION_CONTEXT() REPRESENTATION_CONTEXT('2D SPACE',''
  ) );
#8613 = PCURVE('',#8509,#8614);
#8614 = DEFINITIONAL_REPRESENTATION('',(#8615),#8619);
#8615 = LINE('',#8616,#8617);
#8616 = CARTESIAN_POINT('',(152.4,0.));
#8617 = VECTOR('',#8618,1.);
#8618 = DIRECTION('',(0.,1.));
#8619 = ( GEOMETRIC_REPRESENTATION_CONTEXT(2) 
PARAMETRIC_REPRESENTATION_CONTEXT() REPRESENTATION_CONTEXT('2D SPACE',''
  ) );
#8620 = ADVANCED_FACE('',(#8621),#8427,.F.);
#8621 = FACE_BOUND('',#8622,.F.);
#8622 = EDGE_LOOP('',(#8623,#8644,#8645,#8666));
#8623 = ORIENTED_EDGE('',*,*,#8624,.F.);
#8624 = EDGE_CURVE('',#8405,#8525,#8625,.T.);
#8625 = SURFACE_CURVE('',#8626,(#8630,#8637),.PCURVE_S1.);
#8626 = LINE('',#8627,#8628);
#8627 = CARTESIAN_POINT('',(-76.2,-304.8,0.));
#8628 = VECTOR('',#8629,1.);
#8629 = DIRECTION('',(1.,0.,0.));
#8630 = PCURVE('',#8427,#8631);
#8631 = DEFINITIONAL_REPRESENTATION('',(#8632),#8636);
#8632 = LINE('',#8633,#8634);
#8633 = CARTESIAN_POINT('',(0.,0.));
#8634 = VECTOR('',#8635,1.);
#8635 = DIRECTION('',(0.,1.));
#8636 = ( GEOMETRIC_REPRESENTATION_CONTEXT(2) 
PARAMETRIC_REPRESENTATION_CONTEXT() REPRESENTATION_CONTEXT('2D SPACE',''
  ) );
#8637 = PCURVE('',#8455,#8638);
#8638 = DEFINITIONAL_REPRESENTATION('',(#8639),#8643);
#8639 = LINE('',#8640,#8641);
#8640 = CARTESIAN_POINT('',(0.,0.));
#8641 = VECTOR('',#8642,1.);
#8642 = DIRECTION('',(1.,0.));
#8643 = ( GEOMETRIC_REPRESENTATION_CONTEXT(2) 
PARAMETRIC_REPRESENTATION_CONTEXT() REPRESENTATION_CONTEXT('2D SPACE',''
  ) );
#8644 = ORIENTED_EDGE('',*,*,#8404,.T.);
#8645 = ORIENTED_EDGE('',*,*,#8646,.T.);
#8646 = EDGE_CURVE('',#8407,#8527,#8647,.T.);
#8647 = SURFACE_CURVE('',#8648,(#8652,#8659),.PCURVE_S1.);
#8648 = LINE('',#8649,#8650);
#8649 = CARTESIAN_POINT('',(-76.2,-304.8,416.56));
#8650 = VECTOR('',#8651,1.);
#8651 = DIRECTION('',(1.,0.,0.));
#8652 = PCURVE('',#8427,#8653);
#8653 = DEFINITIONAL_REPRESENTATION('',(#8654),#8658);
#8654 = LINE('',#8655,#8656);
#8655 = CARTESIAN_POINT('',(416.56,0.));
#8656 = VECTOR('',#8657,1.);
#8657 = DIRECTION('',(0.,1.));
#8658 = ( GEOMETRIC_REPRESENTATION_CONTEXT(2) 
PARAMETRIC_REPRESENTATION_CONTEXT() REPRESENTATION_CONTEXT('2D SPACE',''
  ) );
#8659 = PCURVE('',#8509,#8660);
#8660 = DEFINITIONAL_REPRESENTATION('',(#8661),#8665);
#8661 = LINE('',#8662,#8663);
#8662 = CARTESIAN_POINT('',(0.,0.));
#8663 = VECTOR('',#8664,1.);
#8664 = DIRECTION('',(1.,0.));
#8665 = ( GEOMETRIC_REPRESENTATION_CONTEXT(2) 
PARAMETRIC_REPRESENTATION_CONTEXT() REPRESENTATION_CONTEXT('2D SPACE',''
  ) );
#8666 = ORIENTED_EDGE('',*,*,#8524,.F.);
#8667 = ADVANCED_FACE('',(#8668),#8483,.T.);
#8668 = FACE_BOUND('',#8669,.T.);
#8669 = EDGE_LOOP('',(#8670,#8691,#8692,#8713));
#8670 = ORIENTED_EDGE('',*,*,#8671,.F.);
#8671 = EDGE_CURVE('',#8440,#8555,#8672,.T.);
#8672 = SURFACE_CURVE('',#8673,(#8677,#8684),.PCURVE_S1.);
#8673 = LINE('',#8674,#8675);
#8674 = CARTESIAN_POINT('',(-76.2,304.8,0.));
#8675 = VECTOR('',#8676,1.);
#8676 = DIRECTION('',(1.,0.,0.));
#8677 = PCURVE('',#8483,#8678);
#8678 = DEFINITIONAL_REPRESENTATION('',(#8679),#8683);
#8679 = LINE('',#8680,#8681);
#8680 = CARTESIAN_POINT('',(0.,0.));
#8681 = VECTOR('',#8682,1.);
#8682 = DIRECTION('',(0.,1.));
#8683 = ( GEOMETRIC_REPRESENTATION_CONTEXT(2) 
PARAMETRIC_REPRESENTATION_CONTEXT() REPRESENTATION_CONTEXT('2D SPACE',''
  ) );
#8684 = PCURVE('',#8455,#8685);
#8685 = DEFINITIONAL_REPRESENTATION('',(#8686),#8690);
#8686 = LINE('',#8687,#8688);
#8687 = CARTESIAN_POINT('',(0.,609.6));
#8688 = VECTOR('',#8689,1.);
#8689 = DIRECTION('',(1.,0.));
#8690 = ( GEOMETRIC_REPRESENTATION_CONTEXT(2) 
PARAMETRIC_REPRESENTATION_CONTEXT() REPRESENTATION_CONTEXT('2D SPACE',''
  ) );
#8691 = ORIENTED_EDGE('',*,*,#8467,.T.);
#8692 = ORIENTED_EDGE('',*,*,#8693,.T.);
#8693 = EDGE_CURVE('',#8468,#8578,#8694,.T.);
#8694 = SURFACE_CURVE('',#8695,(#8699,#8706),.PCURVE_S1.);
#8695 = LINE('',#8696,#8697);
#8696 = CARTESIAN_POINT('',(-76.2,304.8,416.56));
#8697 = VECTOR('',#8698,1.);
#8698 = DIRECTION('',(1.,0.,0.));
#8699 = PCURVE('',#8483,#8700);
#8700 = DEFINITIONAL_REPRESENTATION('',(#8701),#8705);
#8701 = LINE('',#8702,#8703);
#8702 = CARTESIAN_POINT('',(416.56,0.));
#8703 = VECTOR('',#8704,1.);
#8704 = DIRECTION('',(0.,1.));
#8705 = ( GEOMETRIC_REPRESENTATION_CONTEXT(2) 
PARAMETRIC_REPRESENTATION_CONTEXT() REPRESENTATION_CONTEXT('2D SPACE',''
  ) );
#8706 = PCURVE('',#8509,#8707);
#8707 = DEFINITIONAL_REPRESENTATION('',(#8708),#8712);
#8708 = LINE('',#8709,#8710);
#8709 = CARTESIAN_POINT('',(0.,609.6));
#8710 = VECTOR('',#8711,1.);
#8711 = DIRECTION('',(1.,0.));
#8712 = ( GEOMETRIC_REPRESENTATION_CONTEXT(2) 
PARAMETRIC_REPRESENTATION_CONTEXT() REPRESENTATION_CONTEXT('2D SPACE',''
  ) );
#8713 = ORIENTED_EDGE('',*,*,#8577,.F.);
#8714 = ADVANCED_FACE('',(#8715),#8455,.F.);
#8715 = FACE_BOUND('',#8716,.F.);
#8716 = EDGE_LOOP('',(#8717,#8718,#8719,#8720));
#8717 = ORIENTED_EDGE('',*,*,#8439,.F.);
#8718 = ORIENTED_EDGE('',*,*,#8624,.T.);
#8719 = ORIENTED_EDGE('',*,*,#8554,.T.);
#8720 = ORIENTED_EDGE('',*,*,#8671,.F.);
#8721 = ADVANCED_FACE('',(#8722),#8509,.T.);
#8722 = FACE_BOUND('',#8723,.T.);
#8723 = EDGE_LOOP('',(#8724,#8725,#8726,#8727));
#8724 = ORIENTED_EDGE('',*,*,#8495,.F.);
#8725 = ORIENTED_EDGE('',*,*,#8646,.T.);
#8726 = ORIENTED_EDGE('',*,*,#8600,.T.);
#8727 = ORIENTED_EDGE('',*,*,#8693,.F.);
#8728 = ( GEOMETRIC_REPRESENTATION_CONTEXT(3) 
GLOBAL_UNCERTAINTY_ASSIGNED_CONTEXT((#8732)) 
GLOBAL_UNIT_ASSIGNED_CONTEXT((#8729,#8730,#8731)) REPRESENTATION_CONTEXT
('Context #1','3D Context with UNIT and UNCERTAINTY') );
#8729 = ( LENGTH_UNIT() NAMED_UNIT(*) SI_UNIT(.MILLI.,.METRE.) );
#8730 = ( NAMED_UNIT(*) PLANE_ANGLE_UNIT() SI_UNIT($,.RADIAN.) );
#8731 = ( NAMED_UNIT(*) SI_UNIT($,.STERADIAN.) SOLID_ANGLE_UNIT() );
#8732 = UNCERTAINTY_MEASURE_WITH_UNIT(LENGTH_MEASURE(1.E-07),#8729,
  'distance_accuracy_value','confusion accuracy');
#8733 = CONTEXT_DEPENDENT_SHAPE_REPRESENTATION(#8734,#8736);
#8734 = ( REPRESENTATION_RELATIONSHIP('','',#8397,#10) 
REPRESENTATION_RELATIONSHIP_WITH_TRANSFORMATION(#8735) 
SHAPE_REPRESENTATION_RELATIONSHIP() );
#8735 = ITEM_DEFINED_TRANSFORMATION('','',#11,#107);
#8736 = PRODUCT_DEFINITION_SHAPE('Placement','Placement of an item',
  #8737);
#8737 = NEXT_ASSEMBLY_USAGE_OCCURRENCE('24','hopper_rest','',#5,#8392,$
  );
#8738 = PRODUCT_RELATED_PRODUCT_CATEGORY('part',$,(#8394));
#8739 = SHAPE_DEFINITION_REPRESENTATION(#8740,#8746);
#8740 = PRODUCT_DEFINITION_SHAPE('','',#8741);
#8741 = PRODUCT_DEFINITION('design','',#8742,#8745);
#8742 = PRODUCT_DEFINITION_FORMATION('','',#8743);
#8743 = PRODUCT('slew_ring','slew_ring','',(#8744));
#8744 = PRODUCT_CONTEXT('',#2,'mechanical');
#8745 = PRODUCT_DEFINITION_CONTEXT('part definition',#2,'design');
#8746 = ADVANCED_BREP_SHAPE_REPRESENTATION('',(#11,#8747),#8845);
#8747 = MANIFOLD_SOLID_BREP('',#8748);
#8748 = CLOSED_SHELL('',(#8749,#8837,#8841));
#8749 = ADVANCED_FACE('',(#8750),#8763,.T.);
#8750 = FACE_BOUND('',#8751,.T.);
#8751 = EDGE_LOOP('',(#8752,#8786,#8809,#8836));
#8752 = ORIENTED_EDGE('',*,*,#8753,.F.);
#8753 = EDGE_CURVE('',#8754,#8754,#8756,.T.);
#8754 = VERTEX_POINT('',#8755);
#8755 = CARTESIAN_POINT('',(279.4,-6.843326313635E-14,63.5));
#8756 = SURFACE_CURVE('',#8757,(#8762,#8774),.PCURVE_S1.);
#8757 = CIRCLE('',#8758,279.4);
#8758 = AXIS2_PLACEMENT_3D('',#8759,#8760,#8761);
#8759 = CARTESIAN_POINT('',(0.,0.,63.5));
#8760 = DIRECTION('',(0.,0.,1.));
#8761 = DIRECTION('',(1.,0.,0.));
#8762 = PCURVE('',#8763,#8768);
#8763 = CYLINDRICAL_SURFACE('',#8764,279.4);
#8764 = AXIS2_PLACEMENT_3D('',#8765,#8766,#8767);
#8765 = CARTESIAN_POINT('',(0.,0.,0.));
#8766 = DIRECTION('',(0.,0.,1.));
#8767 = DIRECTION('',(1.,0.,0.));
#8768 = DEFINITIONAL_REPRESENTATION('',(#8769),#8773);
#8769 = LINE('',#8770,#8771);
#8770 = CARTESIAN_POINT('',(0.,63.5));
#8771 = VECTOR('',#8772,1.);
#8772 = DIRECTION('',(1.,0.));
#8773 = ( GEOMETRIC_REPRESENTATION_CONTEXT(2) 
PARAMETRIC_REPRESENTATION_CONTEXT() REPRESENTATION_CONTEXT('2D SPACE',''
  ) );
#8774 = PCURVE('',#8775,#8780);
#8775 = PLANE('',#8776);
#8776 = AXIS2_PLACEMENT_3D('',#8777,#8778,#8779);
#8777 = CARTESIAN_POINT('',(0.,0.,63.5));
#8778 = DIRECTION('',(0.,0.,1.));
#8779 = DIRECTION('',(1.,0.,0.));
#8780 = DEFINITIONAL_REPRESENTATION('',(#8781),#8785);
#8781 = CIRCLE('',#8782,279.4);
#8782 = AXIS2_PLACEMENT_2D('',#8783,#8784);
#8783 = CARTESIAN_POINT('',(0.,0.));
#8784 = DIRECTION('',(1.,0.));
#8785 = ( GEOMETRIC_REPRESENTATION_CONTEXT(2) 
PARAMETRIC_REPRESENTATION_CONTEXT() REPRESENTATION_CONTEXT('2D SPACE',''
  ) );
#8786 = ORIENTED_EDGE('',*,*,#8787,.F.);
#8787 = EDGE_CURVE('',#8788,#8754,#8790,.T.);
#8788 = VERTEX_POINT('',#8789);
#8789 = CARTESIAN_POINT('',(279.4,-6.843326313635E-14,0.));
#8790 = SEAM_CURVE('',#8791,(#8795,#8802),.PCURVE_S1.);
#8791 = LINE('',#8792,#8793);
#8792 = CARTESIAN_POINT('',(279.4,-6.843326313635E-14,0.));
#8793 = VECTOR('',#8794,1.);
#8794 = DIRECTION('',(0.,0.,1.));
#8795 = PCURVE('',#8763,#8796);
#8796 = DEFINITIONAL_REPRESENTATION('',(#8797),#8801);
#8797 = LINE('',#8798,#8799);
#8798 = CARTESIAN_POINT('',(6.28318530718,-0.));
#8799 = VECTOR('',#8800,1.);
#8800 = DIRECTION('',(0.,1.));
#8801 = ( GEOMETRIC_REPRESENTATION_CONTEXT(2) 
PARAMETRIC_REPRESENTATION_CONTEXT() REPRESENTATION_CONTEXT('2D SPACE',''
  ) );
#8802 = PCURVE('',#8763,#8803);
#8803 = DEFINITIONAL_REPRESENTATION('',(#8804),#8808);
#8804 = LINE('',#8805,#8806);
#8805 = CARTESIAN_POINT('',(0.,-0.));
#8806 = VECTOR('',#8807,1.);
#8807 = DIRECTION('',(0.,1.));
#8808 = ( GEOMETRIC_REPRESENTATION_CONTEXT(2) 
PARAMETRIC_REPRESENTATION_CONTEXT() REPRESENTATION_CONTEXT('2D SPACE',''
  ) );
#8809 = ORIENTED_EDGE('',*,*,#8810,.T.);
#8810 = EDGE_CURVE('',#8788,#8788,#8811,.T.);
#8811 = SURFACE_CURVE('',#8812,(#8817,#8824),.PCURVE_S1.);
#8812 = CIRCLE('',#8813,279.4);
#8813 = AXIS2_PLACEMENT_3D('',#8814,#8815,#8816);
#8814 = CARTESIAN_POINT('',(0.,0.,0.));
#8815 = DIRECTION('',(0.,0.,1.));
#8816 = DIRECTION('',(1.,0.,0.));
#8817 = PCURVE('',#8763,#8818);
#8818 = DEFINITIONAL_REPRESENTATION('',(#8819),#8823);
#8819 = LINE('',#8820,#8821);
#8820 = CARTESIAN_POINT('',(0.,0.));
#8821 = VECTOR('',#8822,1.);
#8822 = DIRECTION('',(1.,0.));
#8823 = ( GEOMETRIC_REPRESENTATION_CONTEXT(2) 
PARAMETRIC_REPRESENTATION_CONTEXT() REPRESENTATION_CONTEXT('2D SPACE',''
  ) );
#8824 = PCURVE('',#8825,#8830);
#8825 = PLANE('',#8826);
#8826 = AXIS2_PLACEMENT_3D('',#8827,#8828,#8829);
#8827 = CARTESIAN_POINT('',(0.,0.,0.));
#8828 = DIRECTION('',(0.,0.,1.));
#8829 = DIRECTION('',(1.,0.,0.));
#8830 = DEFINITIONAL_REPRESENTATION('',(#8831),#8835);
#8831 = CIRCLE('',#8832,279.4);
#8832 = AXIS2_PLACEMENT_2D('',#8833,#8834);
#8833 = CARTESIAN_POINT('',(0.,0.));
#8834 = DIRECTION('',(1.,0.));
#8835 = ( GEOMETRIC_REPRESENTATION_CONTEXT(2) 
PARAMETRIC_REPRESENTATION_CONTEXT() REPRESENTATION_CONTEXT('2D SPACE',''
  ) );
#8836 = ORIENTED_EDGE('',*,*,#8787,.T.);
#8837 = ADVANCED_FACE('',(#8838),#8775,.T.);
#8838 = FACE_BOUND('',#8839,.T.);
#8839 = EDGE_LOOP('',(#8840));
#8840 = ORIENTED_EDGE('',*,*,#8753,.T.);
#8841 = ADVANCED_FACE('',(#8842),#8825,.F.);
#8842 = FACE_BOUND('',#8843,.T.);
#8843 = EDGE_LOOP('',(#8844));
#8844 = ORIENTED_EDGE('',*,*,#8810,.F.);
#8845 = ( GEOMETRIC_REPRESENTATION_CONTEXT(3) 
GLOBAL_UNCERTAINTY_ASSIGNED_CONTEXT((#8849)) 
GLOBAL_UNIT_ASSIGNED_CONTEXT((#8846,#8847,#8848)) REPRESENTATION_CONTEXT
('Context #1','3D Context with UNIT and UNCERTAINTY') );
#8846 = ( LENGTH_UNIT() NAMED_UNIT(*) SI_UNIT(.MILLI.,.METRE.) );
#8847 = ( NAMED_UNIT(*) PLANE_ANGLE_UNIT() SI_UNIT($,.RADIAN.) );
#8848 = ( NAMED_UNIT(*) SI_UNIT($,.STERADIAN.) SOLID_ANGLE_UNIT() );
#8849 = UNCERTAINTY_MEASURE_WITH_UNIT(LENGTH_MEASURE(1.E-07),#8846,
  'distance_accuracy_value','confusion accuracy');
#8850 = CONTEXT_DEPENDENT_SHAPE_REPRESENTATION(#8851,#8853);
#8851 = ( REPRESENTATION_RELATIONSHIP('','',#8746,#10) 
REPRESENTATION_RELATIONSHIP_WITH_TRANSFORMATION(#8852) 
SHAPE_REPRESENTATION_RELATIONSHIP() );
#8852 = ITEM_DEFINED_TRANSFORMATION('','',#11,#111);
#8853 = PRODUCT_DEFINITION_SHAPE('Placement','Placement of an item',
  #8854);
#8854 = NEXT_ASSEMBLY_USAGE_OCCURRENCE('25','slew_ring','',#5,#8741,$);
#8855 = PRODUCT_RELATED_PRODUCT_CATEGORY('part',$,(#8743));
#8856 = SHAPE_DEFINITION_REPRESENTATION(#8857,#8863);
#8857 = PRODUCT_DEFINITION_SHAPE('','',#8858);
#8858 = PRODUCT_DEFINITION('design','',#8859,#8862);
#8859 = PRODUCT_DEFINITION_FORMATION('','',#8860);
#8860 = PRODUCT('lift_boom','lift_boom','',(#8861));
#8861 = PRODUCT_CONTEXT('',#2,'mechanical');
#8862 = PRODUCT_DEFINITION_CONTEXT('part definition',#2,'design');
#8863 = ADVANCED_BREP_SHAPE_REPRESENTATION('',(#11,#8864),#9194);
#8864 = MANIFOLD_SOLID_BREP('',#8865);
#8865 = CLOSED_SHELL('',(#8866,#8986,#9086,#9133,#9180,#9187));
#8866 = ADVANCED_FACE('',(#8867),#8881,.F.);
#8867 = FACE_BOUND('',#8868,.F.);
#8868 = EDGE_LOOP('',(#8869,#8904,#8932,#8960));
#8869 = ORIENTED_EDGE('',*,*,#8870,.F.);
#8870 = EDGE_CURVE('',#8871,#8873,#8875,.T.);
#8871 = VERTEX_POINT('',#8872);
#8872 = CARTESIAN_POINT('',(-1.056E+03,-127.,-101.6));
#8873 = VERTEX_POINT('',#8874);
#8874 = CARTESIAN_POINT('',(-1.056E+03,-127.,101.6));
#8875 = SURFACE_CURVE('',#8876,(#8880,#8892),.PCURVE_S1.);
#8876 = LINE('',#8877,#8878);
#8877 = CARTESIAN_POINT('',(-1.056E+03,-127.,-101.6));
#8878 = VECTOR('',#8879,1.);
#8879 = DIRECTION('',(0.,0.,1.));
#8880 = PCURVE('',#8881,#8886);
#8881 = PLANE('',#8882);
#8882 = AXIS2_PLACEMENT_3D('',#8883,#8884,#8885);
#8883 = CARTESIAN_POINT('',(-1.056E+03,-127.,-101.6));
#8884 = DIRECTION('',(1.,0.,0.));
#8885 = DIRECTION('',(0.,0.,1.));
#8886 = DEFINITIONAL_REPRESENTATION('',(#8887),#8891);
#8887 = LINE('',#8888,#8889);
#8888 = CARTESIAN_POINT('',(0.,0.));
#8889 = VECTOR('',#8890,1.);
#8890 = DIRECTION('',(1.,0.));
#8891 = ( GEOMETRIC_REPRESENTATION_CONTEXT(2) 
PARAMETRIC_REPRESENTATION_CONTEXT() REPRESENTATION_CONTEXT('2D SPACE',''
  ) );
#8892 = PCURVE('',#8893,#8898);
#8893 = PLANE('',#8894);
#8894 = AXIS2_PLACEMENT_3D('',#8895,#8896,#8897);
#8895 = CARTESIAN_POINT('',(-1.056E+03,-127.,-101.6));
#8896 = DIRECTION('',(0.,1.,0.));
#8897 = DIRECTION('',(0.,0.,1.));
#8898 = DEFINITIONAL_REPRESENTATION('',(#8899),#8903);
#8899 = LINE('',#8900,#8901);
#8900 = CARTESIAN_POINT('',(0.,0.));
#8901 = VECTOR('',#8902,1.);
#8902 = DIRECTION('',(1.,0.));
#8903 = ( GEOMETRIC_REPRESENTATION_CONTEXT(2) 
PARAMETRIC_REPRESENTATION_CONTEXT() REPRESENTATION_CONTEXT('2D SPACE',''
  ) );
#8904 = ORIENTED_EDGE('',*,*,#8905,.T.);
#8905 = EDGE_CURVE('',#8871,#8906,#8908,.T.);
#8906 = VERTEX_POINT('',#8907);
#8907 = CARTESIAN_POINT('',(-1.056E+03,127.,-101.6));
#8908 = SURFACE_CURVE('',#8909,(#8913,#8920),.PCURVE_S1.);
#8909 = LINE('',#8910,#8911);
#8910 = CARTESIAN_POINT('',(-1.056E+03,-127.,-101.6));
#8911 = VECTOR('',#8912,1.);
#8912 = DIRECTION('',(0.,1.,0.));
#8913 = PCURVE('',#8881,#8914);
#8914 = DEFINITIONAL_REPRESENTATION('',(#8915),#8919);
#8915 = LINE('',#8916,#8917);
#8916 = CARTESIAN_POINT('',(0.,0.));
#8917 = VECTOR('',#8918,1.);
#8918 = DIRECTION('',(0.,-1.));
#8919 = ( GEOMETRIC_REPRESENTATION_CONTEXT(2) 
PARAMETRIC_REPRESENTATION_CONTEXT() REPRESENTATION_CONTEXT('2D SPACE',''
  ) );
#8920 = PCURVE('',#8921,#8926);
#8921 = PLANE('',#8922);
#8922 = AXIS2_PLACEMENT_3D('',#8923,#8924,#8925);
#8923 = CARTESIAN_POINT('',(-1.056E+03,-127.,-101.6));
#8924 = DIRECTION('',(0.,0.,1.));
#8925 = DIRECTION('',(1.,0.,0.));
#8926 = DEFINITIONAL_REPRESENTATION('',(#8927),#8931);
#8927 = LINE('',#8928,#8929);
#8928 = CARTESIAN_POINT('',(0.,0.));
#8929 = VECTOR('',#8930,1.);
#8930 = DIRECTION('',(0.,1.));
#8931 = ( GEOMETRIC_REPRESENTATION_CONTEXT(2) 
PARAMETRIC_REPRESENTATION_CONTEXT() REPRESENTATION_CONTEXT('2D SPACE',''
  ) );
#8932 = ORIENTED_EDGE('',*,*,#8933,.T.);
#8933 = EDGE_CURVE('',#8906,#8934,#8936,.T.);
#8934 = VERTEX_POINT('',#8935);
#8935 = CARTESIAN_POINT('',(-1.056E+03,127.,101.6));
#8936 = SURFACE_CURVE('',#8937,(#8941,#8948),.PCURVE_S1.);
#8937 = LINE('',#8938,#8939);
#8938 = CARTESIAN_POINT('',(-1.056E+03,127.,-101.6));
#8939 = VECTOR('',#8940,1.);
#8940 = DIRECTION('',(0.,0.,1.));
#8941 = PCURVE('',#8881,#8942);
#8942 = DEFINITIONAL_REPRESENTATION('',(#8943),#8947);
#8943 = LINE('',#8944,#8945);
#8944 = CARTESIAN_POINT('',(0.,-254.));
#8945 = VECTOR('',#8946,1.);
#8946 = DIRECTION('',(1.,0.));
#8947 = ( GEOMETRIC_REPRESENTATION_CONTEXT(2) 
PARAMETRIC_REPRESENTATION_CONTEXT() REPRESENTATION_CONTEXT('2D SPACE',''
  ) );
#8948 = PCURVE('',#8949,#8954);
#8949 = PLANE('',#8950);
#8950 = AXIS2_PLACEMENT_3D('',#8951,#8952,#8953);
#8951 = CARTESIAN_POINT('',(-1.056E+03,127.,-101.6));
#8952 = DIRECTION('',(0.,1.,0.));
#8953 = DIRECTION('',(0.,0.,1.));
#8954 = DEFINITIONAL_REPRESENTATION('',(#8955),#8959);
#8955 = LINE('',#8956,#8957);
#8956 = CARTESIAN_POINT('',(0.,0.));
#8957 = VECTOR('',#8958,1.);
#8958 = DIRECTION('',(1.,0.));
#8959 = ( GEOMETRIC_REPRESENTATION_CONTEXT(2) 
PARAMETRIC_REPRESENTATION_CONTEXT() REPRESENTATION_CONTEXT('2D SPACE',''
  ) );
#8960 = ORIENTED_EDGE('',*,*,#8961,.F.);
#8961 = EDGE_CURVE('',#8873,#8934,#8962,.T.);
#8962 = SURFACE_CURVE('',#8963,(#8967,#8974),.PCURVE_S1.);
#8963 = LINE('',#8964,#8965);
#8964 = CARTESIAN_POINT('',(-1.056E+03,-127.,101.6));
#8965 = VECTOR('',#8966,1.);
#8966 = DIRECTION('',(0.,1.,0.));
#8967 = PCURVE('',#8881,#8968);
#8968 = DEFINITIONAL_REPRESENTATION('',(#8969),#8973);
#8969 = LINE('',#8970,#8971);
#8970 = CARTESIAN_POINT('',(203.2,0.));
#8971 = VECTOR('',#8972,1.);
#8972 = DIRECTION('',(0.,-1.));
#8973 = ( GEOMETRIC_REPRESENTATION_CONTEXT(2) 
PARAMETRIC_REPRESENTATION_CONTEXT() REPRESENTATION_CONTEXT('2D SPACE',''
  ) );
#8974 = PCURVE('',#8975,#8980);
#8975 = PLANE('',#8976);
#8976 = AXIS2_PLACEMENT_3D('',#8977,#8978,#8979);
#8977 = CARTESIAN_POINT('',(-1.056E+03,-127.,101.6));
#8978 = DIRECTION('',(0.,0.,1.));
#8979 = DIRECTION('',(1.,0.,0.));
#8980 = DEFINITIONAL_REPRESENTATION('',(#8981),#8985);
#8981 = LINE('',#8982,#8983);
#8982 = CARTESIAN_POINT('',(0.,0.));
#8983 = VECTOR('',#8984,1.);
#8984 = DIRECTION('',(0.,1.));
#8985 = ( GEOMETRIC_REPRESENTATION_CONTEXT(2) 
PARAMETRIC_REPRESENTATION_CONTEXT() REPRESENTATION_CONTEXT('2D SPACE',''
  ) );
#8986 = ADVANCED_FACE('',(#8987),#9001,.T.);
#8987 = FACE_BOUND('',#8988,.T.);
#8988 = EDGE_LOOP('',(#8989,#9019,#9042,#9065));
#8989 = ORIENTED_EDGE('',*,*,#8990,.F.);
#8990 = EDGE_CURVE('',#8991,#8993,#8995,.T.);
#8991 = VERTEX_POINT('',#8992);
#8992 = CARTESIAN_POINT('',(1.056E+03,-127.,-101.6));
#8993 = VERTEX_POINT('',#8994);
#8994 = CARTESIAN_POINT('',(1.056E+03,-127.,101.6));
#8995 = SURFACE_CURVE('',#8996,(#9000,#9012),.PCURVE_S1.);
#8996 = LINE('',#8997,#8998);
#8997 = CARTESIAN_POINT('',(1.056E+03,-127.,-101.6));
#8998 = VECTOR('',#8999,1.);
#8999 = DIRECTION('',(0.,0.,1.));
#9000 = PCURVE('',#9001,#9006);
#9001 = PLANE('',#9002);
#9002 = AXIS2_PLACEMENT_3D('',#9003,#9004,#9005);
#9003 = CARTESIAN_POINT('',(1.056E+03,-127.,-101.6));
#9004 = DIRECTION('',(1.,0.,0.));
#9005 = DIRECTION('',(0.,0.,1.));
#9006 = DEFINITIONAL_REPRESENTATION('',(#9007),#9011);
#9007 = LINE('',#9008,#9009);
#9008 = CARTESIAN_POINT('',(0.,0.));
#9009 = VECTOR('',#9010,1.);
#9010 = DIRECTION('',(1.,0.));
#9011 = ( GEOMETRIC_REPRESENTATION_CONTEXT(2) 
PARAMETRIC_REPRESENTATION_CONTEXT() REPRESENTATION_CONTEXT('2D SPACE',''
  ) );
#9012 = PCURVE('',#8893,#9013);
#9013 = DEFINITIONAL_REPRESENTATION('',(#9014),#9018);
#9014 = LINE('',#9015,#9016);
#9015 = CARTESIAN_POINT('',(0.,2.112E+03));
#9016 = VECTOR('',#9017,1.);
#9017 = DIRECTION('',(1.,0.));
#9018 = ( GEOMETRIC_REPRESENTATION_CONTEXT(2) 
PARAMETRIC_REPRESENTATION_CONTEXT() REPRESENTATION_CONTEXT('2D SPACE',''
  ) );
#9019 = ORIENTED_EDGE('',*,*,#9020,.T.);
#9020 = EDGE_CURVE('',#8991,#9021,#9023,.T.);
#9021 = VERTEX_POINT('',#9022);
#9022 = CARTESIAN_POINT('',(1.056E+03,127.,-101.6));
#9023 = SURFACE_CURVE('',#9024,(#9028,#9035),.PCURVE_S1.);
#9024 = LINE('',#9025,#9026);
#9025 = CARTESIAN_POINT('',(1.056E+03,-127.,-101.6));
#9026 = VECTOR('',#9027,1.);
#9027 = DIRECTION('',(0.,1.,0.));
#9028 = PCURVE('',#9001,#9029);
#9029 = DEFINITIONAL_REPRESENTATION('',(#9030),#9034);
#9030 = LINE('',#9031,#9032);
#9031 = CARTESIAN_POINT('',(0.,0.));
#9032 = VECTOR('',#9033,1.);
#9033 = DIRECTION('',(0.,-1.));
#9034 = ( GEOMETRIC_REPRESENTATION_CONTEXT(2) 
PARAMETRIC_REPRESENTATION_CONTEXT() REPRESENTATION_CONTEXT('2D SPACE',''
  ) );
#9035 = PCURVE('',#8921,#9036);
#9036 = DEFINITIONAL_REPRESENTATION('',(#9037),#9041);
#9037 = LINE('',#9038,#9039);
#9038 = CARTESIAN_POINT('',(2.112E+03,0.));
#9039 = VECTOR('',#9040,1.);
#9040 = DIRECTION('',(0.,1.));
#9041 = ( GEOMETRIC_REPRESENTATION_CONTEXT(2) 
PARAMETRIC_REPRESENTATION_CONTEXT() REPRESENTATION_CONTEXT('2D SPACE',''
  ) );
#9042 = ORIENTED_EDGE('',*,*,#9043,.T.);
#9043 = EDGE_CURVE('',#9021,#9044,#9046,.T.);
#9044 = VERTEX_POINT('',#9045);
#9045 = CARTESIAN_POINT('',(1.056E+03,127.,101.6));
#9046 = SURFACE_CURVE('',#9047,(#9051,#9058),.PCURVE_S1.);
#9047 = LINE('',#9048,#9049);
#9048 = CARTESIAN_POINT('',(1.056E+03,127.,-101.6));
#9049 = VECTOR('',#9050,1.);
#9050 = DIRECTION('',(0.,0.,1.));
#9051 = PCURVE('',#9001,#9052);
#9052 = DEFINITIONAL_REPRESENTATION('',(#9053),#9057);
#9053 = LINE('',#9054,#9055);
#9054 = CARTESIAN_POINT('',(0.,-254.));
#9055 = VECTOR('',#9056,1.);
#9056 = DIRECTION('',(1.,0.));
#9057 = ( GEOMETRIC_REPRESENTATION_CONTEXT(2) 
PARAMETRIC_REPRESENTATION_CONTEXT() REPRESENTATION_CONTEXT('2D SPACE',''
  ) );
#9058 = PCURVE('',#8949,#9059);
#9059 = DEFINITIONAL_REPRESENTATION('',(#9060),#9064);
#9060 = LINE('',#9061,#9062);
#9061 = CARTESIAN_POINT('',(0.,2.112E+03));
#9062 = VECTOR('',#9063,1.);
#9063 = DIRECTION('',(1.,0.));
#9064 = ( GEOMETRIC_REPRESENTATION_CONTEXT(2) 
PARAMETRIC_REPRESENTATION_CONTEXT() REPRESENTATION_CONTEXT('2D SPACE',''
  ) );
#9065 = ORIENTED_EDGE('',*,*,#9066,.F.);
#9066 = EDGE_CURVE('',#8993,#9044,#9067,.T.);
#9067 = SURFACE_CURVE('',#9068,(#9072,#9079),.PCURVE_S1.);
#9068 = LINE('',#9069,#9070);
#9069 = CARTESIAN_POINT('',(1.056E+03,-127.,101.6));
#9070 = VECTOR('',#9071,1.);
#9071 = DIRECTION('',(0.,1.,0.));
#9072 = PCURVE('',#9001,#9073);
#9073 = DEFINITIONAL_REPRESENTATION('',(#9074),#9078);
#9074 = LINE('',#9075,#9076);
#9075 = CARTESIAN_POINT('',(203.2,0.));
#9076 = VECTOR('',#9077,1.);
#9077 = DIRECTION('',(0.,-1.));
#9078 = ( GEOMETRIC_REPRESENTATION_CONTEXT(2) 
PARAMETRIC_REPRESENTATION_CONTEXT() REPRESENTATION_CONTEXT('2D SPACE',''
  ) );
#9079 = PCURVE('',#8975,#9080);
#9080 = DEFINITIONAL_REPRESENTATION('',(#9081),#9085);
#9081 = LINE('',#9082,#9083);
#9082 = CARTESIAN_POINT('',(2.112E+03,0.));
#9083 = VECTOR('',#9084,1.);
#9084 = DIRECTION('',(0.,1.));
#9085 = ( GEOMETRIC_REPRESENTATION_CONTEXT(2) 
PARAMETRIC_REPRESENTATION_CONTEXT() REPRESENTATION_CONTEXT('2D SPACE',''
  ) );
#9086 = ADVANCED_FACE('',(#9087),#8893,.F.);
#9087 = FACE_BOUND('',#9088,.F.);
#9088 = EDGE_LOOP('',(#9089,#9110,#9111,#9132));
#9089 = ORIENTED_EDGE('',*,*,#9090,.F.);
#9090 = EDGE_CURVE('',#8871,#8991,#9091,.T.);
#9091 = SURFACE_CURVE('',#9092,(#9096,#9103),.PCURVE_S1.);
#9092 = LINE('',#9093,#9094);
#9093 = CARTESIAN_POINT('',(-1.056E+03,-127.,-101.6));
#9094 = VECTOR('',#9095,1.);
#9095 = DIRECTION('',(1.,0.,0.));
#9096 = PCURVE('',#8893,#9097);
#9097 = DEFINITIONAL_REPRESENTATION('',(#9098),#9102);
#9098 = LINE('',#9099,#9100);
#9099 = CARTESIAN_POINT('',(0.,0.));
#9100 = VECTOR('',#9101,1.);
#9101 = DIRECTION('',(0.,1.));
#9102 = ( GEOMETRIC_REPRESENTATION_CONTEXT(2) 
PARAMETRIC_REPRESENTATION_CONTEXT() REPRESENTATION_CONTEXT('2D SPACE',''
  ) );
#9103 = PCURVE('',#8921,#9104);
#9104 = DEFINITIONAL_REPRESENTATION('',(#9105),#9109);
#9105 = LINE('',#9106,#9107);
#9106 = CARTESIAN_POINT('',(0.,0.));
#9107 = VECTOR('',#9108,1.);
#9108 = DIRECTION('',(1.,0.));
#9109 = ( GEOMETRIC_REPRESENTATION_CONTEXT(2) 
PARAMETRIC_REPRESENTATION_CONTEXT() REPRESENTATION_CONTEXT('2D SPACE',''
  ) );
#9110 = ORIENTED_EDGE('',*,*,#8870,.T.);
#9111 = ORIENTED_EDGE('',*,*,#9112,.T.);
#9112 = EDGE_CURVE('',#8873,#8993,#9113,.T.);
#9113 = SURFACE_CURVE('',#9114,(#9118,#9125),.PCURVE_S1.);
#9114 = LINE('',#9115,#9116);
#9115 = CARTESIAN_POINT('',(-1.056E+03,-127.,101.6));
#9116 = VECTOR('',#9117,1.);
#9117 = DIRECTION('',(1.,0.,0.));
#9118 = PCURVE('',#8893,#9119);
#9119 = DEFINITIONAL_REPRESENTATION('',(#9120),#9124);
#9120 = LINE('',#9121,#9122);
#9121 = CARTESIAN_POINT('',(203.2,0.));
#9122 = VECTOR('',#9123,1.);
#9123 = DIRECTION('',(0.,1.));
#9124 = ( GEOMETRIC_REPRESENTATION_CONTEXT(2) 
PARAMETRIC_REPRESENTATION_CONTEXT() REPRESENTATION_CONTEXT('2D SPACE',''
  ) );
#9125 = PCURVE('',#8975,#9126);
#9126 = DEFINITIONAL_REPRESENTATION('',(#9127),#9131);
#9127 = LINE('',#9128,#9129);
#9128 = CARTESIAN_POINT('',(0.,0.));
#9129 = VECTOR('',#9130,1.);
#9130 = DIRECTION('',(1.,0.));
#9131 = ( GEOMETRIC_REPRESENTATION_CONTEXT(2) 
PARAMETRIC_REPRESENTATION_CONTEXT() REPRESENTATION_CONTEXT('2D SPACE',''
  ) );
#9132 = ORIENTED_EDGE('',*,*,#8990,.F.);
#9133 = ADVANCED_FACE('',(#9134),#8949,.T.);
#9134 = FACE_BOUND('',#9135,.T.);
#9135 = EDGE_LOOP('',(#9136,#9157,#9158,#9179));
#9136 = ORIENTED_EDGE('',*,*,#9137,.F.);
#9137 = EDGE_CURVE('',#8906,#9021,#9138,.T.);
#9138 = SURFACE_CURVE('',#9139,(#9143,#9150),.PCURVE_S1.);
#9139 = LINE('',#9140,#9141);
#9140 = CARTESIAN_POINT('',(-1.056E+03,127.,-101.6));
#9141 = VECTOR('',#9142,1.);
#9142 = DIRECTION('',(1.,0.,0.));
#9143 = PCURVE('',#8949,#9144);
#9144 = DEFINITIONAL_REPRESENTATION('',(#9145),#9149);
#9145 = LINE('',#9146,#9147);
#9146 = CARTESIAN_POINT('',(0.,0.));
#9147 = VECTOR('',#9148,1.);
#9148 = DIRECTION('',(0.,1.));
#9149 = ( GEOMETRIC_REPRESENTATION_CONTEXT(2) 
PARAMETRIC_REPRESENTATION_CONTEXT() REPRESENTATION_CONTEXT('2D SPACE',''
  ) );
#9150 = PCURVE('',#8921,#9151);
#9151 = DEFINITIONAL_REPRESENTATION('',(#9152),#9156);
#9152 = LINE('',#9153,#9154);
#9153 = CARTESIAN_POINT('',(0.,254.));
#9154 = VECTOR('',#9155,1.);
#9155 = DIRECTION('',(1.,0.));
#9156 = ( GEOMETRIC_REPRESENTATION_CONTEXT(2) 
PARAMETRIC_REPRESENTATION_CONTEXT() REPRESENTATION_CONTEXT('2D SPACE',''
  ) );
#9157 = ORIENTED_EDGE('',*,*,#8933,.T.);
#9158 = ORIENTED_EDGE('',*,*,#9159,.T.);
#9159 = EDGE_CURVE('',#8934,#9044,#9160,.T.);
#9160 = SURFACE_CURVE('',#9161,(#9165,#9172),.PCURVE_S1.);
#9161 = LINE('',#9162,#9163);
#9162 = CARTESIAN_POINT('',(-1.056E+03,127.,101.6));
#9163 = VECTOR('',#9164,1.);
#9164 = DIRECTION('',(1.,0.,0.));
#9165 = PCURVE('',#8949,#9166);
#9166 = DEFINITIONAL_REPRESENTATION('',(#9167),#9171);
#9167 = LINE('',#9168,#9169);
#9168 = CARTESIAN_POINT('',(203.2,0.));
#9169 = VECTOR('',#9170,1.);
#9170 = DIRECTION('',(0.,1.));
#9171 = ( GEOMETRIC_REPRESENTATION_CONTEXT(2) 
PARAMETRIC_REPRESENTATION_CONTEXT() REPRESENTATION_CONTEXT('2D SPACE',''
  ) );
#9172 = PCURVE('',#8975,#9173);
#9173 = DEFINITIONAL_REPRESENTATION('',(#9174),#9178);
#9174 = LINE('',#9175,#9176);
#9175 = CARTESIAN_POINT('',(0.,254.));
#9176 = VECTOR('',#9177,1.);
#9177 = DIRECTION('',(1.,0.));
#9178 = ( GEOMETRIC_REPRESENTATION_CONTEXT(2) 
PARAMETRIC_REPRESENTATION_CONTEXT() REPRESENTATION_CONTEXT('2D SPACE',''
  ) );
#9179 = ORIENTED_EDGE('',*,*,#9043,.F.);
#9180 = ADVANCED_FACE('',(#9181),#8921,.F.);
#9181 = FACE_BOUND('',#9182,.F.);
#9182 = EDGE_LOOP('',(#9183,#9184,#9185,#9186));
#9183 = ORIENTED_EDGE('',*,*,#8905,.F.);
#9184 = ORIENTED_EDGE('',*,*,#9090,.T.);
#9185 = ORIENTED_EDGE('',*,*,#9020,.T.);
#9186 = ORIENTED_EDGE('',*,*,#9137,.F.);
#9187 = ADVANCED_FACE('',(#9188),#8975,.T.);
#9188 = FACE_BOUND('',#9189,.T.);
#9189 = EDGE_LOOP('',(#9190,#9191,#9192,#9193));
#9190 = ORIENTED_EDGE('',*,*,#8961,.F.);
#9191 = ORIENTED_EDGE('',*,*,#9112,.T.);
#9192 = ORIENTED_EDGE('',*,*,#9066,.T.);
#9193 = ORIENTED_EDGE('',*,*,#9159,.F.);
#9194 = ( GEOMETRIC_REPRESENTATION_CONTEXT(3) 
GLOBAL_UNCERTAINTY_ASSIGNED_CONTEXT((#9198)) 
GLOBAL_UNIT_ASSIGNED_CONTEXT((#9195,#9196,#9197)) REPRESENTATION_CONTEXT
('Context #1','3D Context with UNIT and UNCERTAINTY') );
#9195 = ( LENGTH_UNIT() NAMED_UNIT(*) SI_UNIT(.MILLI.,.METRE.) );
#9196 = ( NAMED_UNIT(*) PLANE_ANGLE_UNIT() SI_UNIT($,.RADIAN.) );
#9197 = ( NAMED_UNIT(*) SI_UNIT($,.STERADIAN.) SOLID_ANGLE_UNIT() );
#9198 = UNCERTAINTY_MEASURE_WITH_UNIT(LENGTH_MEASURE(1.E-07),#9195,
  'distance_accuracy_value','confusion accuracy');
#9199 = CONTEXT_DEPENDENT_SHAPE_REPRESENTATION(#9200,#9202);
#9200 = ( REPRESENTATION_RELATIONSHIP('','',#8863,#10) 
REPRESENTATION_RELATIONSHIP_WITH_TRANSFORMATION(#9201) 
SHAPE_REPRESENTATION_RELATIONSHIP() );
#9201 = ITEM_DEFINED_TRANSFORMATION('','',#11,#115);
#9202 = PRODUCT_DEFINITION_SHAPE('Placement','Placement of an item',
  #9203);
#9203 = NEXT_ASSEMBLY_USAGE_OCCURRENCE('26','lift_boom','',#5,#8858,$);
#9204 = PRODUCT_RELATED_PRODUCT_CATEGORY('part',$,(#8860));
#9205 = SHAPE_DEFINITION_REPRESENTATION(#9206,#9212);
#9206 = PRODUCT_DEFINITION_SHAPE('','',#9207);
#9207 = PRODUCT_DEFINITION('design','',#9208,#9211);
#9208 = PRODUCT_DEFINITION_FORMATION('','',#9209);
#9209 = PRODUCT('chute_saddle','chute_saddle','',(#9210));
#9210 = PRODUCT_CONTEXT('',#2,'mechanical');
#9211 = PRODUCT_DEFINITION_CONTEXT('part definition',#2,'design');
#9212 = ADVANCED_BREP_SHAPE_REPRESENTATION('',(#11,#9213),#9543);
#9213 = MANIFOLD_SOLID_BREP('',#9214);
#9214 = CLOSED_SHELL('',(#9215,#9335,#9435,#9482,#9529,#9536));
#9215 = ADVANCED_FACE('',(#9216),#9230,.F.);
#9216 = FACE_BOUND('',#9217,.F.);
#9217 = EDGE_LOOP('',(#9218,#9253,#9281,#9309));
#9218 = ORIENTED_EDGE('',*,*,#9219,.F.);
#9219 = EDGE_CURVE('',#9220,#9222,#9224,.T.);
#9220 = VERTEX_POINT('',#9221);
#9221 = CARTESIAN_POINT('',(-152.4,-457.2,-76.2));
#9222 = VERTEX_POINT('',#9223);
#9223 = CARTESIAN_POINT('',(-152.4,-457.2,76.2));
#9224 = SURFACE_CURVE('',#9225,(#9229,#9241),.PCURVE_S1.);
#9225 = LINE('',#9226,#9227);
#9226 = CARTESIAN_POINT('',(-152.4,-457.2,-76.2));
#9227 = VECTOR('',#9228,1.);
#9228 = DIRECTION('',(0.,0.,1.));
#9229 = PCURVE('',#9230,#9235);
#9230 = PLANE('',#9231);
#9231 = AXIS2_PLACEMENT_3D('',#9232,#9233,#9234);
#9232 = CARTESIAN_POINT('',(-152.4,-457.2,-76.2));
#9233 = DIRECTION('',(1.,0.,0.));
#9234 = DIRECTION('',(0.,0.,1.));
#9235 = DEFINITIONAL_REPRESENTATION('',(#9236),#9240);
#9236 = LINE('',#9237,#9238);
#9237 = CARTESIAN_POINT('',(0.,0.));
#9238 = VECTOR('',#9239,1.);
#9239 = DIRECTION('',(1.,0.));
#9240 = ( GEOMETRIC_REPRESENTATION_CONTEXT(2) 
PARAMETRIC_REPRESENTATION_CONTEXT() REPRESENTATION_CONTEXT('2D SPACE',''
  ) );
#9241 = PCURVE('',#9242,#9247);
#9242 = PLANE('',#9243);
#9243 = AXIS2_PLACEMENT_3D('',#9244,#9245,#9246);
#9244 = CARTESIAN_POINT('',(-152.4,-457.2,-76.2));
#9245 = DIRECTION('',(0.,1.,0.));
#9246 = DIRECTION('',(0.,0.,1.));
#9247 = DEFINITIONAL_REPRESENTATION('',(#9248),#9252);
#9248 = LINE('',#9249,#9250);
#9249 = CARTESIAN_POINT('',(0.,0.));
#9250 = VECTOR('',#9251,1.);
#9251 = DIRECTION('',(1.,0.));
#9252 = ( GEOMETRIC_REPRESENTATION_CONTEXT(2) 
PARAMETRIC_REPRESENTATION_CONTEXT() REPRESENTATION_CONTEXT('2D SPACE',''
  ) );
#9253 = ORIENTED_EDGE('',*,*,#9254,.T.);
#9254 = EDGE_CURVE('',#9220,#9255,#9257,.T.);
#9255 = VERTEX_POINT('',#9256);
#9256 = CARTESIAN_POINT('',(-152.4,457.2,-76.2));
#9257 = SURFACE_CURVE('',#9258,(#9262,#9269),.PCURVE_S1.);
#9258 = LINE('',#9259,#9260);
#9259 = CARTESIAN_POINT('',(-152.4,-457.2,-76.2));
#9260 = VECTOR('',#9261,1.);
#9261 = DIRECTION('',(0.,1.,0.));
#9262 = PCURVE('',#9230,#9263);
#9263 = DEFINITIONAL_REPRESENTATION('',(#9264),#9268);
#9264 = LINE('',#9265,#9266);
#9265 = CARTESIAN_POINT('',(0.,0.));
#9266 = VECTOR('',#9267,1.);
#9267 = DIRECTION('',(0.,-1.));
#9268 = ( GEOMETRIC_REPRESENTATION_CONTEXT(2) 
PARAMETRIC_REPRESENTATION_CONTEXT() REPRESENTATION_CONTEXT('2D SPACE',''
  ) );
#9269 = PCURVE('',#9270,#9275);
#9270 = PLANE('',#9271);
#9271 = AXIS2_PLACEMENT_3D('',#9272,#9273,#9274);
#9272 = CARTESIAN_POINT('',(-152.4,-457.2,-76.2));
#9273 = DIRECTION('',(0.,0.,1.));
#9274 = DIRECTION('',(1.,0.,0.));
#9275 = DEFINITIONAL_REPRESENTATION('',(#9276),#9280);
#9276 = LINE('',#9277,#9278);
#9277 = CARTESIAN_POINT('',(0.,0.));
#9278 = VECTOR('',#9279,1.);
#9279 = DIRECTION('',(0.,1.));
#9280 = ( GEOMETRIC_REPRESENTATION_CONTEXT(2) 
PARAMETRIC_REPRESENTATION_CONTEXT() REPRESENTATION_CONTEXT('2D SPACE',''
  ) );
#9281 = ORIENTED_EDGE('',*,*,#9282,.T.);
#9282 = EDGE_CURVE('',#9255,#9283,#9285,.T.);
#9283 = VERTEX_POINT('',#9284);
#9284 = CARTESIAN_POINT('',(-152.4,457.2,76.2));
#9285 = SURFACE_CURVE('',#9286,(#9290,#9297),.PCURVE_S1.);
#9286 = LINE('',#9287,#9288);
#9287 = CARTESIAN_POINT('',(-152.4,457.2,-76.2));
#9288 = VECTOR('',#9289,1.);
#9289 = DIRECTION('',(0.,0.,1.));
#9290 = PCURVE('',#9230,#9291);
#9291 = DEFINITIONAL_REPRESENTATION('',(#9292),#9296);
#9292 = LINE('',#9293,#9294);
#9293 = CARTESIAN_POINT('',(0.,-914.4));
#9294 = VECTOR('',#9295,1.);
#9295 = DIRECTION('',(1.,0.));
#9296 = ( GEOMETRIC_REPRESENTATION_CONTEXT(2) 
PARAMETRIC_REPRESENTATION_CONTEXT() REPRESENTATION_CONTEXT('2D SPACE',''
  ) );
#9297 = PCURVE('',#9298,#9303);
#9298 = PLANE('',#9299);
#9299 = AXIS2_PLACEMENT_3D('',#9300,#9301,#9302);
#9300 = CARTESIAN_POINT('',(-152.4,457.2,-76.2));
#9301 = DIRECTION('',(0.,1.,0.));
#9302 = DIRECTION('',(0.,0.,1.));
#9303 = DEFINITIONAL_REPRESENTATION('',(#9304),#9308);
#9304 = LINE('',#9305,#9306);
#9305 = CARTESIAN_POINT('',(0.,0.));
#9306 = VECTOR('',#9307,1.);
#9307 = DIRECTION('',(1.,0.));
#9308 = ( GEOMETRIC_REPRESENTATION_CONTEXT(2) 
PARAMETRIC_REPRESENTATION_CONTEXT() REPRESENTATION_CONTEXT('2D SPACE',''
  ) );
#9309 = ORIENTED_EDGE('',*,*,#9310,.F.);
#9310 = EDGE_CURVE('',#9222,#9283,#9311,.T.);
#9311 = SURFACE_CURVE('',#9312,(#9316,#9323),.PCURVE_S1.);
#9312 = LINE('',#9313,#9314);
#9313 = CARTESIAN_POINT('',(-152.4,-457.2,76.2));
#9314 = VECTOR('',#9315,1.);
#9315 = DIRECTION('',(0.,1.,0.));
#9316 = PCURVE('',#9230,#9317);
#9317 = DEFINITIONAL_REPRESENTATION('',(#9318),#9322);
#9318 = LINE('',#9319,#9320);
#9319 = CARTESIAN_POINT('',(152.4,0.));
#9320 = VECTOR('',#9321,1.);
#9321 = DIRECTION('',(0.,-1.));
#9322 = ( GEOMETRIC_REPRESENTATION_CONTEXT(2) 
PARAMETRIC_REPRESENTATION_CONTEXT() REPRESENTATION_CONTEXT('2D SPACE',''
  ) );
#9323 = PCURVE('',#9324,#9329);
#9324 = PLANE('',#9325);
#9325 = AXIS2_PLACEMENT_3D('',#9326,#9327,#9328);
#9326 = CARTESIAN_POINT('',(-152.4,-457.2,76.2));
#9327 = DIRECTION('',(0.,0.,1.));
#9328 = DIRECTION('',(1.,0.,0.));
#9329 = DEFINITIONAL_REPRESENTATION('',(#9330),#9334);
#9330 = LINE('',#9331,#9332);
#9331 = CARTESIAN_POINT('',(0.,0.));
#9332 = VECTOR('',#9333,1.);
#9333 = DIRECTION('',(0.,1.));
#9334 = ( GEOMETRIC_REPRESENTATION_CONTEXT(2) 
PARAMETRIC_REPRESENTATION_CONTEXT() REPRESENTATION_CONTEXT('2D SPACE',''
  ) );
#9335 = ADVANCED_FACE('',(#9336),#9350,.T.);
#9336 = FACE_BOUND('',#9337,.T.);
#9337 = EDGE_LOOP('',(#9338,#9368,#9391,#9414));
#9338 = ORIENTED_EDGE('',*,*,#9339,.F.);
#9339 = EDGE_CURVE('',#9340,#9342,#9344,.T.);
#9340 = VERTEX_POINT('',#9341);
#9341 = CARTESIAN_POINT('',(152.4,-457.2,-76.2));
#9342 = VERTEX_POINT('',#9343);
#9343 = CARTESIAN_POINT('',(152.4,-457.2,76.2));
#9344 = SURFACE_CURVE('',#9345,(#9349,#9361),.PCURVE_S1.);
#9345 = LINE('',#9346,#9347);
#9346 = CARTESIAN_POINT('',(152.4,-457.2,-76.2));
#9347 = VECTOR('',#9348,1.);
#9348 = DIRECTION('',(0.,0.,1.));
#9349 = PCURVE('',#9350,#9355);
#9350 = PLANE('',#9351);
#9351 = AXIS2_PLACEMENT_3D('',#9352,#9353,#9354);
#9352 = CARTESIAN_POINT('',(152.4,-457.2,-76.2));
#9353 = DIRECTION('',(1.,0.,0.));
#9354 = DIRECTION('',(0.,0.,1.));
#9355 = DEFINITIONAL_REPRESENTATION('',(#9356),#9360);
#9356 = LINE('',#9357,#9358);
#9357 = CARTESIAN_POINT('',(0.,0.));
#9358 = VECTOR('',#9359,1.);
#9359 = DIRECTION('',(1.,0.));
#9360 = ( GEOMETRIC_REPRESENTATION_CONTEXT(2) 
PARAMETRIC_REPRESENTATION_CONTEXT() REPRESENTATION_CONTEXT('2D SPACE',''
  ) );
#9361 = PCURVE('',#9242,#9362);
#9362 = DEFINITIONAL_REPRESENTATION('',(#9363),#9367);
#9363 = LINE('',#9364,#9365);
#9364 = CARTESIAN_POINT('',(0.,304.8));
#9365 = VECTOR('',#9366,1.);
#9366 = DIRECTION('',(1.,0.));
#9367 = ( GEOMETRIC_REPRESENTATION_CONTEXT(2) 
PARAMETRIC_REPRESENTATION_CONTEXT() REPRESENTATION_CONTEXT('2D SPACE',''
  ) );
#9368 = ORIENTED_EDGE('',*,*,#9369,.T.);
#9369 = EDGE_CURVE('',#9340,#9370,#9372,.T.);
#9370 = VERTEX_POINT('',#9371);
#9371 = CARTESIAN_POINT('',(152.4,457.2,-76.2));
#9372 = SURFACE_CURVE('',#9373,(#9377,#9384),.PCURVE_S1.);
#9373 = LINE('',#9374,#9375);
#9374 = CARTESIAN_POINT('',(152.4,-457.2,-76.2));
#9375 = VECTOR('',#9376,1.);
#9376 = DIRECTION('',(0.,1.,0.));
#9377 = PCURVE('',#9350,#9378);
#9378 = DEFINITIONAL_REPRESENTATION('',(#9379),#9383);
#9379 = LINE('',#9380,#9381);
#9380 = CARTESIAN_POINT('',(0.,0.));
#9381 = VECTOR('',#9382,1.);
#9382 = DIRECTION('',(0.,-1.));
#9383 = ( GEOMETRIC_REPRESENTATION_CONTEXT(2) 
PARAMETRIC_REPRESENTATION_CONTEXT() REPRESENTATION_CONTEXT('2D SPACE',''
  ) );
#9384 = PCURVE('',#9270,#9385);
#9385 = DEFINITIONAL_REPRESENTATION('',(#9386),#9390);
#9386 = LINE('',#9387,#9388);
#9387 = CARTESIAN_POINT('',(304.8,0.));
#9388 = VECTOR('',#9389,1.);
#9389 = DIRECTION('',(0.,1.));
#9390 = ( GEOMETRIC_REPRESENTATION_CONTEXT(2) 
PARAMETRIC_REPRESENTATION_CONTEXT() REPRESENTATION_CONTEXT('2D SPACE',''
  ) );
#9391 = ORIENTED_EDGE('',*,*,#9392,.T.);
#9392 = EDGE_CURVE('',#9370,#9393,#9395,.T.);
#9393 = VERTEX_POINT('',#9394);
#9394 = CARTESIAN_POINT('',(152.4,457.2,76.2));
#9395 = SURFACE_CURVE('',#9396,(#9400,#9407),.PCURVE_S1.);
#9396 = LINE('',#9397,#9398);
#9397 = CARTESIAN_POINT('',(152.4,457.2,-76.2));
#9398 = VECTOR('',#9399,1.);
#9399 = DIRECTION('',(0.,0.,1.));
#9400 = PCURVE('',#9350,#9401);
#9401 = DEFINITIONAL_REPRESENTATION('',(#9402),#9406);
#9402 = LINE('',#9403,#9404);
#9403 = CARTESIAN_POINT('',(0.,-914.4));
#9404 = VECTOR('',#9405,1.);
#9405 = DIRECTION('',(1.,0.));
#9406 = ( GEOMETRIC_REPRESENTATION_CONTEXT(2) 
PARAMETRIC_REPRESENTATION_CONTEXT() REPRESENTATION_CONTEXT('2D SPACE',''
  ) );
#9407 = PCURVE('',#9298,#9408);
#9408 = DEFINITIONAL_REPRESENTATION('',(#9409),#9413);
#9409 = LINE('',#9410,#9411);
#9410 = CARTESIAN_POINT('',(0.,304.8));
#9411 = VECTOR('',#9412,1.);
#9412 = DIRECTION('',(1.,0.));
#9413 = ( GEOMETRIC_REPRESENTATION_CONTEXT(2) 
PARAMETRIC_REPRESENTATION_CONTEXT() REPRESENTATION_CONTEXT('2D SPACE',''
  ) );
#9414 = ORIENTED_EDGE('',*,*,#9415,.F.);
#9415 = EDGE_CURVE('',#9342,#9393,#9416,.T.);
#9416 = SURFACE_CURVE('',#9417,(#9421,#9428),.PCURVE_S1.);
#9417 = LINE('',#9418,#9419);
#9418 = CARTESIAN_POINT('',(152.4,-457.2,76.2));
#9419 = VECTOR('',#9420,1.);
#9420 = DIRECTION('',(0.,1.,0.));
#9421 = PCURVE('',#9350,#9422);
#9422 = DEFINITIONAL_REPRESENTATION('',(#9423),#9427);
#9423 = LINE('',#9424,#9425);
#9424 = CARTESIAN_POINT('',(152.4,0.));
#9425 = VECTOR('',#9426,1.);
#9426 = DIRECTION('',(0.,-1.));
#9427 = ( GEOMETRIC_REPRESENTATION_CONTEXT(2) 
PARAMETRIC_REPRESENTATION_CONTEXT() REPRESENTATION_CONTEXT('2D SPACE',''
  ) );
#9428 = PCURVE('',#9324,#9429);
#9429 = DEFINITIONAL_REPRESENTATION('',(#9430),#9434);
#9430 = LINE('',#9431,#9432);
#9431 = CARTESIAN_POINT('',(304.8,0.));
#9432 = VECTOR('',#9433,1.);
#9433 = DIRECTION('',(0.,1.));
#9434 = ( GEOMETRIC_REPRESENTATION_CONTEXT(2) 
PARAMETRIC_REPRESENTATION_CONTEXT() REPRESENTATION_CONTEXT('2D SPACE',''
  ) );
#9435 = ADVANCED_FACE('',(#9436),#9242,.F.);
#9436 = FACE_BOUND('',#9437,.F.);
#9437 = EDGE_LOOP('',(#9438,#9459,#9460,#9481));
#9438 = ORIENTED_EDGE('',*,*,#9439,.F.);
#9439 = EDGE_CURVE('',#9220,#9340,#9440,.T.);
#9440 = SURFACE_CURVE('',#9441,(#9445,#9452),.PCURVE_S1.);
#9441 = LINE('',#9442,#9443);
#9442 = CARTESIAN_POINT('',(-152.4,-457.2,-76.2));
#9443 = VECTOR('',#9444,1.);
#9444 = DIRECTION('',(1.,0.,0.));
#9445 = PCURVE('',#9242,#9446);
#9446 = DEFINITIONAL_REPRESENTATION('',(#9447),#9451);
#9447 = LINE('',#9448,#9449);
#9448 = CARTESIAN_POINT('',(0.,0.));
#9449 = VECTOR('',#9450,1.);
#9450 = DIRECTION('',(0.,1.));
#9451 = ( GEOMETRIC_REPRESENTATION_CONTEXT(2) 
PARAMETRIC_REPRESENTATION_CONTEXT() REPRESENTATION_CONTEXT('2D SPACE',''
  ) );
#9452 = PCURVE('',#9270,#9453);
#9453 = DEFINITIONAL_REPRESENTATION('',(#9454),#9458);
#9454 = LINE('',#9455,#9456);
#9455 = CARTESIAN_POINT('',(0.,0.));
#9456 = VECTOR('',#9457,1.);
#9457 = DIRECTION('',(1.,0.));
#9458 = ( GEOMETRIC_REPRESENTATION_CONTEXT(2) 
PARAMETRIC_REPRESENTATION_CONTEXT() REPRESENTATION_CONTEXT('2D SPACE',''
  ) );
#9459 = ORIENTED_EDGE('',*,*,#9219,.T.);
#9460 = ORIENTED_EDGE('',*,*,#9461,.T.);
#9461 = EDGE_CURVE('',#9222,#9342,#9462,.T.);
#9462 = SURFACE_CURVE('',#9463,(#9467,#9474),.PCURVE_S1.);
#9463 = LINE('',#9464,#9465);
#9464 = CARTESIAN_POINT('',(-152.4,-457.2,76.2));
#9465 = VECTOR('',#9466,1.);
#9466 = DIRECTION('',(1.,0.,0.));
#9467 = PCURVE('',#9242,#9468);
#9468 = DEFINITIONAL_REPRESENTATION('',(#9469),#9473);
#9469 = LINE('',#9470,#9471);
#9470 = CARTESIAN_POINT('',(152.4,0.));
#9471 = VECTOR('',#9472,1.);
#9472 = DIRECTION('',(0.,1.));
#9473 = ( GEOMETRIC_REPRESENTATION_CONTEXT(2) 
PARAMETRIC_REPRESENTATION_CONTEXT() REPRESENTATION_CONTEXT('2D SPACE',''
  ) );
#9474 = PCURVE('',#9324,#9475);
#9475 = DEFINITIONAL_REPRESENTATION('',(#9476),#9480);
#9476 = LINE('',#9477,#9478);
#9477 = CARTESIAN_POINT('',(0.,0.));
#9478 = VECTOR('',#9479,1.);
#9479 = DIRECTION('',(1.,0.));
#9480 = ( GEOMETRIC_REPRESENTATION_CONTEXT(2) 
PARAMETRIC_REPRESENTATION_CONTEXT() REPRESENTATION_CONTEXT('2D SPACE',''
  ) );
#9481 = ORIENTED_EDGE('',*,*,#9339,.F.);
#9482 = ADVANCED_FACE('',(#9483),#9298,.T.);
#9483 = FACE_BOUND('',#9484,.T.);
#9484 = EDGE_LOOP('',(#9485,#9506,#9507,#9528));
#9485 = ORIENTED_EDGE('',*,*,#9486,.F.);
#9486 = EDGE_CURVE('',#9255,#9370,#9487,.T.);
#9487 = SURFACE_CURVE('',#9488,(#9492,#9499),.PCURVE_S1.);
#9488 = LINE('',#9489,#9490);
#9489 = CARTESIAN_POINT('',(-152.4,457.2,-76.2));
#9490 = VECTOR('',#9491,1.);
#9491 = DIRECTION('',(1.,0.,0.));
#9492 = PCURVE('',#9298,#9493);
#9493 = DEFINITIONAL_REPRESENTATION('',(#9494),#9498);
#9494 = LINE('',#9495,#9496);
#9495 = CARTESIAN_POINT('',(0.,0.));
#9496 = VECTOR('',#9497,1.);
#9497 = DIRECTION('',(0.,1.));
#9498 = ( GEOMETRIC_REPRESENTATION_CONTEXT(2) 
PARAMETRIC_REPRESENTATION_CONTEXT() REPRESENTATION_CONTEXT('2D SPACE',''
  ) );
#9499 = PCURVE('',#9270,#9500);
#9500 = DEFINITIONAL_REPRESENTATION('',(#9501),#9505);
#9501 = LINE('',#9502,#9503);
#9502 = CARTESIAN_POINT('',(0.,914.4));
#9503 = VECTOR('',#9504,1.);
#9504 = DIRECTION('',(1.,0.));
#9505 = ( GEOMETRIC_REPRESENTATION_CONTEXT(2) 
PARAMETRIC_REPRESENTATION_CONTEXT() REPRESENTATION_CONTEXT('2D SPACE',''
  ) );
#9506 = ORIENTED_EDGE('',*,*,#9282,.T.);
#9507 = ORIENTED_EDGE('',*,*,#9508,.T.);
#9508 = EDGE_CURVE('',#9283,#9393,#9509,.T.);
#9509 = SURFACE_CURVE('',#9510,(#9514,#9521),.PCURVE_S1.);
#9510 = LINE('',#9511,#9512);
#9511 = CARTESIAN_POINT('',(-152.4,457.2,76.2));
#9512 = VECTOR('',#9513,1.);
#9513 = DIRECTION('',(1.,0.,0.));
#9514 = PCURVE('',#9298,#9515);
#9515 = DEFINITIONAL_REPRESENTATION('',(#9516),#9520);
#9516 = LINE('',#9517,#9518);
#9517 = CARTESIAN_POINT('',(152.4,0.));
#9518 = VECTOR('',#9519,1.);
#9519 = DIRECTION('',(0.,1.));
#9520 = ( GEOMETRIC_REPRESENTATION_CONTEXT(2) 
PARAMETRIC_REPRESENTATION_CONTEXT() REPRESENTATION_CONTEXT('2D SPACE',''
  ) );
#9521 = PCURVE('',#9324,#9522);
#9522 = DEFINITIONAL_REPRESENTATION('',(#9523),#9527);
#9523 = LINE('',#9524,#9525);
#9524 = CARTESIAN_POINT('',(0.,914.4));
#9525 = VECTOR('',#9526,1.);
#9526 = DIRECTION('',(1.,0.));
#9527 = ( GEOMETRIC_REPRESENTATION_CONTEXT(2) 
PARAMETRIC_REPRESENTATION_CONTEXT() REPRESENTATION_CONTEXT('2D SPACE',''
  ) );
#9528 = ORIENTED_EDGE('',*,*,#9392,.F.);
#9529 = ADVANCED_FACE('',(#9530),#9270,.F.);
#9530 = FACE_BOUND('',#9531,.F.);
#9531 = EDGE_LOOP('',(#9532,#9533,#9534,#9535));
#9532 = ORIENTED_EDGE('',*,*,#9254,.F.);
#9533 = ORIENTED_EDGE('',*,*,#9439,.T.);
#9534 = ORIENTED_EDGE('',*,*,#9369,.T.);
#9535 = ORIENTED_EDGE('',*,*,#9486,.F.);
#9536 = ADVANCED_FACE('',(#9537),#9324,.T.);
#9537 = FACE_BOUND('',#9538,.T.);
#9538 = EDGE_LOOP('',(#9539,#9540,#9541,#9542));
#9539 = ORIENTED_EDGE('',*,*,#9310,.F.);
#9540 = ORIENTED_EDGE('',*,*,#9461,.T.);
#9541 = ORIENTED_EDGE('',*,*,#9415,.T.);
#9542 = ORIENTED_EDGE('',*,*,#9508,.F.);
#9543 = ( GEOMETRIC_REPRESENTATION_CONTEXT(3) 
GLOBAL_UNCERTAINTY_ASSIGNED_CONTEXT((#9547)) 
GLOBAL_UNIT_ASSIGNED_CONTEXT((#9544,#9545,#9546)) REPRESENTATION_CONTEXT
('Context #1','3D Context with UNIT and UNCERTAINTY') );
#9544 = ( LENGTH_UNIT() NAMED_UNIT(*) SI_UNIT(.MILLI.,.METRE.) );
#9545 = ( NAMED_UNIT(*) PLANE_ANGLE_UNIT() SI_UNIT($,.RADIAN.) );
#9546 = ( NAMED_UNIT(*) SI_UNIT($,.STERADIAN.) SOLID_ANGLE_UNIT() );
#9547 = UNCERTAINTY_MEASURE_WITH_UNIT(LENGTH_MEASURE(1.E-07),#9544,
  'distance_accuracy_value','confusion accuracy');
#9548 = CONTEXT_DEPENDENT_SHAPE_REPRESENTATION(#9549,#9551);
#9549 = ( REPRESENTATION_RELATIONSHIP('','',#9212,#10) 
REPRESENTATION_RELATIONSHIP_WITH_TRANSFORMATION(#9550) 
SHAPE_REPRESENTATION_RELATIONSHIP() );
#9550 = ITEM_DEFINED_TRANSFORMATION('','',#11,#119);
#9551 = PRODUCT_DEFINITION_SHAPE('Placement','Placement of an item',
  #9552);
#9552 = NEXT_ASSEMBLY_USAGE_OCCURRENCE('27','chute_saddle','',#5,#9207,$
  );
#9553 = PRODUCT_RELATED_PRODUCT_CATEGORY('part',$,(#9209));
#9554 = SHAPE_DEFINITION_REPRESENTATION(#9555,#9561);
#9555 = PRODUCT_DEFINITION_SHAPE('','',#9556);
#9556 = PRODUCT_DEFINITION('design','',#9557,#9560);
#9557 = PRODUCT_DEFINITION_FORMATION('','',#9558);
#9558 = PRODUCT('discharge_deflector','discharge_deflector','',(#9559));
#9559 = PRODUCT_CONTEXT('',#2,'mechanical');
#9560 = PRODUCT_DEFINITION_CONTEXT('part definition',#2,'design');
#9561 = ADVANCED_BREP_SHAPE_REPRESENTATION('',(#11,#9562),#9892);
#9562 = MANIFOLD_SOLID_BREP('',#9563);
#9563 = CLOSED_SHELL('',(#9564,#9684,#9784,#9831,#9878,#9885));
#9564 = ADVANCED_FACE('',(#9565),#9579,.F.);
#9565 = FACE_BOUND('',#9566,.F.);
#9566 = EDGE_LOOP('',(#9567,#9602,#9630,#9658));
#9567 = ORIENTED_EDGE('',*,*,#9568,.F.);
#9568 = EDGE_CURVE('',#9569,#9571,#9573,.T.);
#9569 = VERTEX_POINT('',#9570);
#9570 = CARTESIAN_POINT('',(-500.,-508.,-25.4));
#9571 = VERTEX_POINT('',#9572);
#9572 = CARTESIAN_POINT('',(-500.,-508.,25.4));
#9573 = SURFACE_CURVE('',#9574,(#9578,#9590),.PCURVE_S1.);
#9574 = LINE('',#9575,#9576);
#9575 = CARTESIAN_POINT('',(-500.,-508.,-25.4));
#9576 = VECTOR('',#9577,1.);
#9577 = DIRECTION('',(0.,0.,1.));
#9578 = PCURVE('',#9579,#9584);
#9579 = PLANE('',#9580);
#9580 = AXIS2_PLACEMENT_3D('',#9581,#9582,#9583);
#9581 = CARTESIAN_POINT('',(-500.,-508.,-25.4));
#9582 = DIRECTION('',(1.,0.,0.));
#9583 = DIRECTION('',(0.,0.,1.));
#9584 = DEFINITIONAL_REPRESENTATION('',(#9585),#9589);
#9585 = LINE('',#9586,#9587);
#9586 = CARTESIAN_POINT('',(0.,0.));
#9587 = VECTOR('',#9588,1.);
#9588 = DIRECTION('',(1.,0.));
#9589 = ( GEOMETRIC_REPRESENTATION_CONTEXT(2) 
PARAMETRIC_REPRESENTATION_CONTEXT() REPRESENTATION_CONTEXT('2D SPACE',''
  ) );
#9590 = PCURVE('',#9591,#9596);
#9591 = PLANE('',#9592);
#9592 = AXIS2_PLACEMENT_3D('',#9593,#9594,#9595);
#9593 = CARTESIAN_POINT('',(-500.,-508.,-25.4));
#9594 = DIRECTION('',(0.,1.,0.));
#9595 = DIRECTION('',(0.,0.,1.));
#9596 = DEFINITIONAL_REPRESENTATION('',(#9597),#9601);
#9597 = LINE('',#9598,#9599);
#9598 = CARTESIAN_POINT('',(0.,0.));
#9599 = VECTOR('',#9600,1.);
#9600 = DIRECTION('',(1.,0.));
#9601 = ( GEOMETRIC_REPRESENTATION_CONTEXT(2) 
PARAMETRIC_REPRESENTATION_CONTEXT() REPRESENTATION_CONTEXT('2D SPACE',''
  ) );
#9602 = ORIENTED_EDGE('',*,*,#9603,.T.);
#9603 = EDGE_CURVE('',#9569,#9604,#9606,.T.);
#9604 = VERTEX_POINT('',#9605);
#9605 = CARTESIAN_POINT('',(-500.,508.,-25.4));
#9606 = SURFACE_CURVE('',#9607,(#9611,#9618),.PCURVE_S1.);
#9607 = LINE('',#9608,#9609);
#9608 = CARTESIAN_POINT('',(-500.,-508.,-25.4));
#9609 = VECTOR('',#9610,1.);
#9610 = DIRECTION('',(0.,1.,0.));
#9611 = PCURVE('',#9579,#9612);
#9612 = DEFINITIONAL_REPRESENTATION('',(#9613),#9617);
#9613 = LINE('',#9614,#9615);
#9614 = CARTESIAN_POINT('',(0.,0.));
#9615 = VECTOR('',#9616,1.);
#9616 = DIRECTION('',(0.,-1.));
#9617 = ( GEOMETRIC_REPRESENTATION_CONTEXT(2) 
PARAMETRIC_REPRESENTATION_CONTEXT() REPRESENTATION_CONTEXT('2D SPACE',''
  ) );
#9618 = PCURVE('',#9619,#9624);
#9619 = PLANE('',#9620);
#9620 = AXIS2_PLACEMENT_3D('',#9621,#9622,#9623);
#9621 = CARTESIAN_POINT('',(-500.,-508.,-25.4));
#9622 = DIRECTION('',(0.,0.,1.));
#9623 = DIRECTION('',(1.,0.,0.));
#9624 = DEFINITIONAL_REPRESENTATION('',(#9625),#9629);
#9625 = LINE('',#9626,#9627);
#9626 = CARTESIAN_POINT('',(0.,0.));
#9627 = VECTOR('',#9628,1.);
#9628 = DIRECTION('',(0.,1.));
#9629 = ( GEOMETRIC_REPRESENTATION_CONTEXT(2) 
PARAMETRIC_REPRESENTATION_CONTEXT() REPRESENTATION_CONTEXT('2D SPACE',''
  ) );
#9630 = ORIENTED_EDGE('',*,*,#9631,.T.);
#9631 = EDGE_CURVE('',#9604,#9632,#9634,.T.);
#9632 = VERTEX_POINT('',#9633);
#9633 = CARTESIAN_POINT('',(-500.,508.,25.4));
#9634 = SURFACE_CURVE('',#9635,(#9639,#9646),.PCURVE_S1.);
#9635 = LINE('',#9636,#9637);
#9636 = CARTESIAN_POINT('',(-500.,508.,-25.4));
#9637 = VECTOR('',#9638,1.);
#9638 = DIRECTION('',(0.,0.,1.));
#9639 = PCURVE('',#9579,#9640);
#9640 = DEFINITIONAL_REPRESENTATION('',(#9641),#9645);
#9641 = LINE('',#9642,#9643);
#9642 = CARTESIAN_POINT('',(0.,-1.016E+03));
#9643 = VECTOR('',#9644,1.);
#9644 = DIRECTION('',(1.,0.));
#9645 = ( GEOMETRIC_REPRESENTATION_CONTEXT(2) 
PARAMETRIC_REPRESENTATION_CONTEXT() REPRESENTATION_CONTEXT('2D SPACE',''
  ) );
#9646 = PCURVE('',#9647,#9652);
#9647 = PLANE('',#9648);
#9648 = AXIS2_PLACEMENT_3D('',#9649,#9650,#9651);
#9649 = CARTESIAN_POINT('',(-500.,508.,-25.4));
#9650 = DIRECTION('',(0.,1.,0.));
#9651 = DIRECTION('',(0.,0.,1.));
#9652 = DEFINITIONAL_REPRESENTATION('',(#9653),#9657);
#9653 = LINE('',#9654,#9655);
#9654 = CARTESIAN_POINT('',(0.,0.));
#9655 = VECTOR('',#9656,1.);
#9656 = DIRECTION('',(1.,0.));
#9657 = ( GEOMETRIC_REPRESENTATION_CONTEXT(2) 
PARAMETRIC_REPRESENTATION_CONTEXT() REPRESENTATION_CONTEXT('2D SPACE',''
  ) );
#9658 = ORIENTED_EDGE('',*,*,#9659,.F.);
#9659 = EDGE_CURVE('',#9571,#9632,#9660,.T.);
#9660 = SURFACE_CURVE('',#9661,(#9665,#9672),.PCURVE_S1.);
#9661 = LINE('',#9662,#9663);
#9662 = CARTESIAN_POINT('',(-500.,-508.,25.4));
#9663 = VECTOR('',#9664,1.);
#9664 = DIRECTION('',(0.,1.,0.));
#9665 = PCURVE('',#9579,#9666);
#9666 = DEFINITIONAL_REPRESENTATION('',(#9667),#9671);
#9667 = LINE('',#9668,#9669);
#9668 = CARTESIAN_POINT('',(50.8,0.));
#9669 = VECTOR('',#9670,1.);
#9670 = DIRECTION('',(0.,-1.));
#9671 = ( GEOMETRIC_REPRESENTATION_CONTEXT(2) 
PARAMETRIC_REPRESENTATION_CONTEXT() REPRESENTATION_CONTEXT('2D SPACE',''
  ) );
#9672 = PCURVE('',#9673,#9678);
#9673 = PLANE('',#9674);
#9674 = AXIS2_PLACEMENT_3D('',#9675,#9676,#9677);
#9675 = CARTESIAN_POINT('',(-500.,-508.,25.4));
#9676 = DIRECTION('',(0.,0.,1.));
#9677 = DIRECTION('',(1.,0.,0.));
#9678 = DEFINITIONAL_REPRESENTATION('',(#9679),#9683);
#9679 = LINE('',#9680,#9681);
#9680 = CARTESIAN_POINT('',(0.,0.));
#9681 = VECTOR('',#9682,1.);
#9682 = DIRECTION('',(0.,1.));
#9683 = ( GEOMETRIC_REPRESENTATION_CONTEXT(2) 
PARAMETRIC_REPRESENTATION_CONTEXT() REPRESENTATION_CONTEXT('2D SPACE',''
  ) );
#9684 = ADVANCED_FACE('',(#9685),#9699,.T.);
#9685 = FACE_BOUND('',#9686,.T.);
#9686 = EDGE_LOOP('',(#9687,#9717,#9740,#9763));
#9687 = ORIENTED_EDGE('',*,*,#9688,.F.);
#9688 = EDGE_CURVE('',#9689,#9691,#9693,.T.);
#9689 = VERTEX_POINT('',#9690);
#9690 = CARTESIAN_POINT('',(500.,-508.,-25.4));
#9691 = VERTEX_POINT('',#9692);
#9692 = CARTESIAN_POINT('',(500.,-508.,25.4));
#9693 = SURFACE_CURVE('',#9694,(#9698,#9710),.PCURVE_S1.);
#9694 = LINE('',#9695,#9696);
#9695 = CARTESIAN_POINT('',(500.,-508.,-25.4));
#9696 = VECTOR('',#9697,1.);
#9697 = DIRECTION('',(0.,0.,1.));
#9698 = PCURVE('',#9699,#9704);
#9699 = PLANE('',#9700);
#9700 = AXIS2_PLACEMENT_3D('',#9701,#9702,#9703);
#9701 = CARTESIAN_POINT('',(500.,-508.,-25.4));
#9702 = DIRECTION('',(1.,0.,0.));
#9703 = DIRECTION('',(0.,0.,1.));
#9704 = DEFINITIONAL_REPRESENTATION('',(#9705),#9709);
#9705 = LINE('',#9706,#9707);
#9706 = CARTESIAN_POINT('',(0.,0.));
#9707 = VECTOR('',#9708,1.);
#9708 = DIRECTION('',(1.,0.));
#9709 = ( GEOMETRIC_REPRESENTATION_CONTEXT(2) 
PARAMETRIC_REPRESENTATION_CONTEXT() REPRESENTATION_CONTEXT('2D SPACE',''
  ) );
#9710 = PCURVE('',#9591,#9711);
#9711 = DEFINITIONAL_REPRESENTATION('',(#9712),#9716);
#9712 = LINE('',#9713,#9714);
#9713 = CARTESIAN_POINT('',(0.,1.E+03));
#9714 = VECTOR('',#9715,1.);
#9715 = DIRECTION('',(1.,0.));
#9716 = ( GEOMETRIC_REPRESENTATION_CONTEXT(2) 
PARAMETRIC_REPRESENTATION_CONTEXT() REPRESENTATION_CONTEXT('2D SPACE',''
  ) );
#9717 = ORIENTED_EDGE('',*,*,#9718,.T.);
#9718 = EDGE_CURVE('',#9689,#9719,#9721,.T.);
#9719 = VERTEX_POINT('',#9720);
#9720 = CARTESIAN_POINT('',(500.,508.,-25.4));
#9721 = SURFACE_CURVE('',#9722,(#9726,#9733),.PCURVE_S1.);
#9722 = LINE('',#9723,#9724);
#9723 = CARTESIAN_POINT('',(500.,-508.,-25.4));
#9724 = VECTOR('',#9725,1.);
#9725 = DIRECTION('',(0.,1.,0.));
#9726 = PCURVE('',#9699,#9727);
#9727 = DEFINITIONAL_REPRESENTATION('',(#9728),#9732);
#9728 = LINE('',#9729,#9730);
#9729 = CARTESIAN_POINT('',(0.,0.));
#9730 = VECTOR('',#9731,1.);
#9731 = DIRECTION('',(0.,-1.));
#9732 = ( GEOMETRIC_REPRESENTATION_CONTEXT(2) 
PARAMETRIC_REPRESENTATION_CONTEXT() REPRESENTATION_CONTEXT('2D SPACE',''
  ) );
#9733 = PCURVE('',#9619,#9734);
#9734 = DEFINITIONAL_REPRESENTATION('',(#9735),#9739);
#9735 = LINE('',#9736,#9737);
#9736 = CARTESIAN_POINT('',(1.E+03,0.));
#9737 = VECTOR('',#9738,1.);
#9738 = DIRECTION('',(0.,1.));
#9739 = ( GEOMETRIC_REPRESENTATION_CONTEXT(2) 
PARAMETRIC_REPRESENTATION_CONTEXT() REPRESENTATION_CONTEXT('2D SPACE',''
  ) );
#9740 = ORIENTED_EDGE('',*,*,#9741,.T.);
#9741 = EDGE_CURVE('',#9719,#9742,#9744,.T.);
#9742 = VERTEX_POINT('',#9743);
#9743 = CARTESIAN_POINT('',(500.,508.,25.4));
#9744 = SURFACE_CURVE('',#9745,(#9749,#9756),.PCURVE_S1.);
#9745 = LINE('',#9746,#9747);
#9746 = CARTESIAN_POINT('',(500.,508.,-25.4));
#9747 = VECTOR('',#9748,1.);
#9748 = DIRECTION('',(0.,0.,1.));
#9749 = PCURVE('',#9699,#9750);
#9750 = DEFINITIONAL_REPRESENTATION('',(#9751),#9755);
#9751 = LINE('',#9752,#9753);
#9752 = CARTESIAN_POINT('',(0.,-1.016E+03));
#9753 = VECTOR('',#9754,1.);
#9754 = DIRECTION('',(1.,0.));
#9755 = ( GEOMETRIC_REPRESENTATION_CONTEXT(2) 
PARAMETRIC_REPRESENTATION_CONTEXT() REPRESENTATION_CONTEXT('2D SPACE',''
  ) );
#9756 = PCURVE('',#9647,#9757);
#9757 = DEFINITIONAL_REPRESENTATION('',(#9758),#9762);
#9758 = LINE('',#9759,#9760);
#9759 = CARTESIAN_POINT('',(0.,1.E+03));
#9760 = VECTOR('',#9761,1.);
#9761 = DIRECTION('',(1.,0.));
#9762 = ( GEOMETRIC_REPRESENTATION_CONTEXT(2) 
PARAMETRIC_REPRESENTATION_CONTEXT() REPRESENTATION_CONTEXT('2D SPACE',''
  ) );
#9763 = ORIENTED_EDGE('',*,*,#9764,.F.);
#9764 = EDGE_CURVE('',#9691,#9742,#9765,.T.);
#9765 = SURFACE_CURVE('',#9766,(#9770,#9777),.PCURVE_S1.);
#9766 = LINE('',#9767,#9768);
#9767 = CARTESIAN_POINT('',(500.,-508.,25.4));
#9768 = VECTOR('',#9769,1.);
#9769 = DIRECTION('',(0.,1.,0.));
#9770 = PCURVE('',#9699,#9771);
#9771 = DEFINITIONAL_REPRESENTATION('',(#9772),#9776);
#9772 = LINE('',#9773,#9774);
#9773 = CARTESIAN_POINT('',(50.8,0.));
#9774 = VECTOR('',#9775,1.);
#9775 = DIRECTION('',(0.,-1.));
#9776 = ( GEOMETRIC_REPRESENTATION_CONTEXT(2) 
PARAMETRIC_REPRESENTATION_CONTEXT() REPRESENTATION_CONTEXT('2D SPACE',''
  ) );
#9777 = PCURVE('',#9673,#9778);
#9778 = DEFINITIONAL_REPRESENTATION('',(#9779),#9783);
#9779 = LINE('',#9780,#9781);
#9780 = CARTESIAN_POINT('',(1.E+03,0.));
#9781 = VECTOR('',#9782,1.);
#9782 = DIRECTION('',(0.,1.));
#9783 = ( GEOMETRIC_REPRESENTATION_CONTEXT(2) 
PARAMETRIC_REPRESENTATION_CONTEXT() REPRESENTATION_CONTEXT('2D SPACE',''
  ) );
#9784 = ADVANCED_FACE('',(#9785),#9591,.F.);
#9785 = FACE_BOUND('',#9786,.F.);
#9786 = EDGE_LOOP('',(#9787,#9808,#9809,#9830));
#9787 = ORIENTED_EDGE('',*,*,#9788,.F.);
#9788 = EDGE_CURVE('',#9569,#9689,#9789,.T.);
#9789 = SURFACE_CURVE('',#9790,(#9794,#9801),.PCURVE_S1.);
#9790 = LINE('',#9791,#9792);
#9791 = CARTESIAN_POINT('',(-500.,-508.,-25.4));
#9792 = VECTOR('',#9793,1.);
#9793 = DIRECTION('',(1.,0.,0.));
#9794 = PCURVE('',#9591,#9795);
#9795 = DEFINITIONAL_REPRESENTATION('',(#9796),#9800);
#9796 = LINE('',#9797,#9798);
#9797 = CARTESIAN_POINT('',(0.,0.));
#9798 = VECTOR('',#9799,1.);
#9799 = DIRECTION('',(0.,1.));
#9800 = ( GEOMETRIC_REPRESENTATION_CONTEXT(2) 
PARAMETRIC_REPRESENTATION_CONTEXT() REPRESENTATION_CONTEXT('2D SPACE',''
  ) );
#9801 = PCURVE('',#9619,#9802);
#9802 = DEFINITIONAL_REPRESENTATION('',(#9803),#9807);
#9803 = LINE('',#9804,#9805);
#9804 = CARTESIAN_POINT('',(0.,0.));
#9805 = VECTOR('',#9806,1.);
#9806 = DIRECTION('',(1.,0.));
#9807 = ( GEOMETRIC_REPRESENTATION_CONTEXT(2) 
PARAMETRIC_REPRESENTATION_CONTEXT() REPRESENTATION_CONTEXT('2D SPACE',''
  ) );
#9808 = ORIENTED_EDGE('',*,*,#9568,.T.);
#9809 = ORIENTED_EDGE('',*,*,#9810,.T.);
#9810 = EDGE_CURVE('',#9571,#9691,#9811,.T.);
#9811 = SURFACE_CURVE('',#9812,(#9816,#9823),.PCURVE_S1.);
#9812 = LINE('',#9813,#9814);
#9813 = CARTESIAN_POINT('',(-500.,-508.,25.4));
#9814 = VECTOR('',#9815,1.);
#9815 = DIRECTION('',(1.,0.,0.));
#9816 = PCURVE('',#9591,#9817);
#9817 = DEFINITIONAL_REPRESENTATION('',(#9818),#9822);
#9818 = LINE('',#9819,#9820);
#9819 = CARTESIAN_POINT('',(50.8,0.));
#9820 = VECTOR('',#9821,1.);
#9821 = DIRECTION('',(0.,1.));
#9822 = ( GEOMETRIC_REPRESENTATION_CONTEXT(2) 
PARAMETRIC_REPRESENTATION_CONTEXT() REPRESENTATION_CONTEXT('2D SPACE',''
  ) );
#9823 = PCURVE('',#9673,#9824);
#9824 = DEFINITIONAL_REPRESENTATION('',(#9825),#9829);
#9825 = LINE('',#9826,#9827);
#9826 = CARTESIAN_POINT('',(0.,0.));
#9827 = VECTOR('',#9828,1.);
#9828 = DIRECTION('',(1.,0.));
#9829 = ( GEOMETRIC_REPRESENTATION_CONTEXT(2) 
PARAMETRIC_REPRESENTATION_CONTEXT() REPRESENTATION_CONTEXT('2D SPACE',''
  ) );
#9830 = ORIENTED_EDGE('',*,*,#9688,.F.);
#9831 = ADVANCED_FACE('',(#9832),#9647,.T.);
#9832 = FACE_BOUND('',#9833,.T.);
#9833 = EDGE_LOOP('',(#9834,#9855,#9856,#9877));
#9834 = ORIENTED_EDGE('',*,*,#9835,.F.);
#9835 = EDGE_CURVE('',#9604,#9719,#9836,.T.);
#9836 = SURFACE_CURVE('',#9837,(#9841,#9848),.PCURVE_S1.);
#9837 = LINE('',#9838,#9839);
#9838 = CARTESIAN_POINT('',(-500.,508.,-25.4));
#9839 = VECTOR('',#9840,1.);
#9840 = DIRECTION('',(1.,0.,0.));
#9841 = PCURVE('',#9647,#9842);
#9842 = DEFINITIONAL_REPRESENTATION('',(#9843),#9847);
#9843 = LINE('',#9844,#9845);
#9844 = CARTESIAN_POINT('',(0.,0.));
#9845 = VECTOR('',#9846,1.);
#9846 = DIRECTION('',(0.,1.));
#9847 = ( GEOMETRIC_REPRESENTATION_CONTEXT(2) 
PARAMETRIC_REPRESENTATION_CONTEXT() REPRESENTATION_CONTEXT('2D SPACE',''
  ) );
#9848 = PCURVE('',#9619,#9849);
#9849 = DEFINITIONAL_REPRESENTATION('',(#9850),#9854);
#9850 = LINE('',#9851,#9852);
#9851 = CARTESIAN_POINT('',(0.,1.016E+03));
#9852 = VECTOR('',#9853,1.);
#9853 = DIRECTION('',(1.,0.));
#9854 = ( GEOMETRIC_REPRESENTATION_CONTEXT(2) 
PARAMETRIC_REPRESENTATION_CONTEXT() REPRESENTATION_CONTEXT('2D SPACE',''
  ) );
#9855 = ORIENTED_EDGE('',*,*,#9631,.T.);
#9856 = ORIENTED_EDGE('',*,*,#9857,.T.);
#9857 = EDGE_CURVE('',#9632,#9742,#9858,.T.);
#9858 = SURFACE_CURVE('',#9859,(#9863,#9870),.PCURVE_S1.);
#9859 = LINE('',#9860,#9861);
#9860 = CARTESIAN_POINT('',(-500.,508.,25.4));
#9861 = VECTOR('',#9862,1.);
#9862 = DIRECTION('',(1.,0.,0.));
#9863 = PCURVE('',#9647,#9864);
#9864 = DEFINITIONAL_REPRESENTATION('',(#9865),#9869);
#9865 = LINE('',#9866,#9867);
#9866 = CARTESIAN_POINT('',(50.8,0.));
#9867 = VECTOR('',#9868,1.);
#9868 = DIRECTION('',(0.,1.));
#9869 = ( GEOMETRIC_REPRESENTATION_CONTEXT(2) 
PARAMETRIC_REPRESENTATION_CONTEXT() REPRESENTATION_CONTEXT('2D SPACE',''
  ) );
#9870 = PCURVE('',#9673,#9871);
#9871 = DEFINITIONAL_REPRESENTATION('',(#9872),#9876);
#9872 = LINE('',#9873,#9874);
#9873 = CARTESIAN_POINT('',(0.,1.016E+03));
#9874 = VECTOR('',#9875,1.);
#9875 = DIRECTION('',(1.,0.));
#9876 = ( GEOMETRIC_REPRESENTATION_CONTEXT(2) 
PARAMETRIC_REPRESENTATION_CONTEXT() REPRESENTATION_CONTEXT('2D SPACE',''
  ) );
#9877 = ORIENTED_EDGE('',*,*,#9741,.F.);
#9878 = ADVANCED_FACE('',(#9879),#9619,.F.);
#9879 = FACE_BOUND('',#9880,.F.);
#9880 = EDGE_LOOP('',(#9881,#9882,#9883,#9884));
#9881 = ORIENTED_EDGE('',*,*,#9603,.F.);
#9882 = ORIENTED_EDGE('',*,*,#9788,.T.);
#9883 = ORIENTED_EDGE('',*,*,#9718,.T.);
#9884 = ORIENTED_EDGE('',*,*,#9835,.F.);
#9885 = ADVANCED_FACE('',(#9886),#9673,.T.);
#9886 = FACE_BOUND('',#9887,.T.);
#9887 = EDGE_LOOP('',(#9888,#9889,#9890,#9891));
#9888 = ORIENTED_EDGE('',*,*,#9659,.F.);
#9889 = ORIENTED_EDGE('',*,*,#9810,.T.);
#9890 = ORIENTED_EDGE('',*,*,#9764,.T.);
#9891 = ORIENTED_EDGE('',*,*,#9857,.F.);
#9892 = ( GEOMETRIC_REPRESENTATION_CONTEXT(3) 
GLOBAL_UNCERTAINTY_ASSIGNED_CONTEXT((#9896)) 
GLOBAL_UNIT_ASSIGNED_CONTEXT((#9893,#9894,#9895)) REPRESENTATION_CONTEXT
('Context #1','3D Context with UNIT and UNCERTAINTY') );
#9893 = ( LENGTH_UNIT() NAMED_UNIT(*) SI_UNIT(.MILLI.,.METRE.) );
#9894 = ( NAMED_UNIT(*) PLANE_ANGLE_UNIT() SI_UNIT($,.RADIAN.) );
#9895 = ( NAMED_UNIT(*) SI_UNIT($,.STERADIAN.) SOLID_ANGLE_UNIT() );
#9896 = UNCERTAINTY_MEASURE_WITH_UNIT(LENGTH_MEASURE(1.E-07),#9893,
  'distance_accuracy_value','confusion accuracy');
#9897 = CONTEXT_DEPENDENT_SHAPE_REPRESENTATION(#9898,#9900);
#9898 = ( REPRESENTATION_RELATIONSHIP('','',#9561,#10) 
REPRESENTATION_RELATIONSHIP_WITH_TRANSFORMATION(#9899) 
SHAPE_REPRESENTATION_RELATIONSHIP() );
#9899 = ITEM_DEFINED_TRANSFORMATION('','',#11,#123);
#9900 = PRODUCT_DEFINITION_SHAPE('Placement','Placement of an item',
  #9901);
#9901 = NEXT_ASSEMBLY_USAGE_OCCURRENCE('28','discharge_deflector','',#5,
  #9556,$);
#9902 = PRODUCT_RELATED_PRODUCT_CATEGORY('part',$,(#9558));
#9903 = SHAPE_DEFINITION_REPRESENTATION(#9904,#9910);
#9904 = PRODUCT_DEFINITION_SHAPE('','',#9905);
#9905 = PRODUCT_DEFINITION('design','',#9906,#9909);
#9906 = PRODUCT_DEFINITION_FORMATION('','',#9907);
#9907 = PRODUCT('chute_section:1','chute_section:1','',(#9908));
#9908 = PRODUCT_CONTEXT('',#2,'mechanical');
#9909 = PRODUCT_DEFINITION_CONTEXT('part definition',#2,'design');
#9910 = ADVANCED_BREP_SHAPE_REPRESENTATION('',(#11,#9911),#10093);
#9911 = MANIFOLD_SOLID_BREP('',#9912);
#9912 = CLOSED_SHELL('',(#9913,#10001,#10036,#10066));
#9913 = ADVANCED_FACE('',(#9914),#9927,.T.);
#9914 = FACE_BOUND('',#9915,.T.);
#9915 = EDGE_LOOP('',(#9916,#9950,#9973,#10000));
#9916 = ORIENTED_EDGE('',*,*,#9917,.F.);
#9917 = EDGE_CURVE('',#9918,#9918,#9920,.T.);
#9918 = VERTEX_POINT('',#9919);
#9919 = CARTESIAN_POINT('',(2.4384E+03,-1.11981703314E-13,
    -457.1999999999));
#9920 = SURFACE_CURVE('',#9921,(#9926,#9938),.PCURVE_S1.);
#9921 = CIRCLE('',#9922,457.2);
#9922 = AXIS2_PLACEMENT_3D('',#9923,#9924,#9925);
#9923 = CARTESIAN_POINT('',(2.4384E+03,0.,5.414335646492E-13));
#9924 = DIRECTION('',(1.,-0.,2.22044604925E-16));
#9925 = DIRECTION('',(2.22044604925E-16,0.,-1.));
#9926 = PCURVE('',#9927,#9932);
#9927 = CYLINDRICAL_SURFACE('',#9928,457.2);
#9928 = AXIS2_PLACEMENT_3D('',#9929,#9930,#9931);
#9929 = CARTESIAN_POINT('',(-2.4384E+03,0.,-5.414335646492E-13));
#9930 = DIRECTION('',(1.,0.,2.22044604925E-16));
#9931 = DIRECTION('',(2.22044604925E-16,0.,-1.));
#9932 = DEFINITIONAL_REPRESENTATION('',(#9933),#9937);
#9933 = LINE('',#9934,#9935);
#9934 = CARTESIAN_POINT('',(0.,4.8768E+03));
#9935 = VECTOR('',#9936,1.);
#9936 = DIRECTION('',(1.,0.));
#9937 = ( GEOMETRIC_REPRESENTATION_CONTEXT(2) 
PARAMETRIC_REPRESENTATION_CONTEXT() REPRESENTATION_CONTEXT('2D SPACE',''
  ) );
#9938 = PCURVE('',#9939,#9944);
#9939 = PLANE('',#9940);
#9940 = AXIS2_PLACEMENT_3D('',#9941,#9942,#9943);
#9941 = CARTESIAN_POINT('',(2.4384E+03,0.,5.414335646492E-13));
#9942 = DIRECTION('',(1.,0.,2.22044604925E-16));
#9943 = DIRECTION('',(2.22044604925E-16,0.,-1.));
#9944 = DEFINITIONAL_REPRESENTATION('',(#9945),#9949);
#9945 = CIRCLE('',#9946,457.2);
#9946 = AXIS2_PLACEMENT_2D('',#9947,#9948);
#9947 = CARTESIAN_POINT('',(0.,0.));
#9948 = DIRECTION('',(1.,0.));
#9949 = ( GEOMETRIC_REPRESENTATION_CONTEXT(2) 
PARAMETRIC_REPRESENTATION_CONTEXT() REPRESENTATION_CONTEXT('2D SPACE',''
  ) );
#9950 = ORIENTED_EDGE('',*,*,#9951,.F.);
#9951 = EDGE_CURVE('',#9952,#9918,#9954,.T.);
#9952 = VERTEX_POINT('',#9953);
#9953 = CARTESIAN_POINT('',(-2.4384E+03,-1.11981703314E-13,-457.2));
#9954 = SEAM_CURVE('',#9955,(#9959,#9966),.PCURVE_S1.);
#9955 = LINE('',#9956,#9957);
#9956 = CARTESIAN_POINT('',(-2.4384E+03,-1.11981703314E-13,-457.2));
#9957 = VECTOR('',#9958,1.);
#9958 = DIRECTION('',(1.,0.,2.22044604925E-16));
#9959 = PCURVE('',#9927,#9960);
#9960 = DEFINITIONAL_REPRESENTATION('',(#9961),#9965);
#9961 = LINE('',#9962,#9963);
#9962 = CARTESIAN_POINT('',(6.28318530718,-0.));
#9963 = VECTOR('',#9964,1.);
#9964 = DIRECTION('',(0.,1.));
#9965 = ( GEOMETRIC_REPRESENTATION_CONTEXT(2) 
PARAMETRIC_REPRESENTATION_CONTEXT() REPRESENTATION_CONTEXT('2D SPACE',''
  ) );
#9966 = PCURVE('',#9927,#9967);
#9967 = DEFINITIONAL_REPRESENTATION('',(#9968),#9972);
#9968 = LINE('',#9969,#9970);
#9969 = CARTESIAN_POINT('',(0.,-0.));
#9970 = VECTOR('',#9971,1.);
#9971 = DIRECTION('',(0.,1.));
#9972 = ( GEOMETRIC_REPRESENTATION_CONTEXT(2) 
PARAMETRIC_REPRESENTATION_CONTEXT() REPRESENTATION_CONTEXT('2D SPACE',''
  ) );
#9973 = ORIENTED_EDGE('',*,*,#9974,.T.);
#9974 = EDGE_CURVE('',#9952,#9952,#9975,.T.);
#9975 = SURFACE_CURVE('',#9976,(#9981,#9988),.PCURVE_S1.);
#9976 = CIRCLE('',#9977,457.2);
#9977 = AXIS2_PLACEMENT_3D('',#9978,#9979,#9980);
#9978 = CARTESIAN_POINT('',(-2.4384E+03,0.,-5.414335646492E-13));
#9979 = DIRECTION('',(1.,-0.,2.22044604925E-16));
#9980 = DIRECTION('',(2.22044604925E-16,0.,-1.));
#9981 = PCURVE('',#9927,#9982);
#9982 = DEFINITIONAL_REPRESENTATION('',(#9983),#9987);
#9983 = LINE('',#9984,#9985);
#9984 = CARTESIAN_POINT('',(0.,0.));
#9985 = VECTOR('',#9986,1.);
#9986 = DIRECTION('',(1.,0.));
#9987 = ( GEOMETRIC_REPRESENTATION_CONTEXT(2) 
PARAMETRIC_REPRESENTATION_CONTEXT() REPRESENTATION_CONTEXT('2D SPACE',''
  ) );
#9988 = PCURVE('',#9989,#9994);
#9989 = PLANE('',#9990);
#9990 = AXIS2_PLACEMENT_3D('',#9991,#9992,#9993);
#9991 = CARTESIAN_POINT('',(-2.4384E+03,0.,-5.414335646492E-13));
#9992 = DIRECTION('',(1.,0.,2.22044604925E-16));
#9993 = DIRECTION('',(2.22044604925E-16,0.,-1.));
#9994 = DEFINITIONAL_REPRESENTATION('',(#9995),#9999);
#9995 = CIRCLE('',#9996,457.2);
#9996 = AXIS2_PLACEMENT_2D('',#9997,#9998);
#9997 = CARTESIAN_POINT('',(0.,0.));
#9998 = DIRECTION('',(1.,0.));
#9999 = ( GEOMETRIC_REPRESENTATION_CONTEXT(2) 
PARAMETRIC_REPRESENTATION_CONTEXT() REPRESENTATION_CONTEXT('2D SPACE',''
  ) );
#10000 = ORIENTED_EDGE('',*,*,#9951,.T.);
#10001 = ADVANCED_FACE('',(#10002,#10005),#9939,.T.);
#10002 = FACE_BOUND('',#10003,.T.);
#10003 = EDGE_LOOP('',(#10004));
#10004 = ORIENTED_EDGE('',*,*,#9917,.T.);
#10005 = FACE_BOUND('',#10006,.T.);
#10006 = EDGE_LOOP('',(#10007));
#10007 = ORIENTED_EDGE('',*,*,#10008,.F.);
#10008 = EDGE_CURVE('',#10009,#10009,#10011,.T.);
#10009 = VERTEX_POINT('',#10010);
#10010 = CARTESIAN_POINT('',(2.4384E+03,-1.112040525966E-13,
    -454.0249999999));
#10011 = SURFACE_CURVE('',#10012,(#10017,#10024),.PCURVE_S1.);
#10012 = CIRCLE('',#10013,454.025);
#10013 = AXIS2_PLACEMENT_3D('',#10014,#10015,#10016);
#10014 = CARTESIAN_POINT('',(2.4384E+03,0.,5.414335646492E-13));
#10015 = DIRECTION('',(1.,0.,2.22044604925E-16));
#10016 = DIRECTION('',(2.22044604925E-16,0.,-1.));
#10017 = PCURVE('',#9939,#10018);
#10018 = DEFINITIONAL_REPRESENTATION('',(#10019),#10023);
#10019 = CIRCLE('',#10020,454.025);
#10020 = AXIS2_PLACEMENT_2D('',#10021,#10022);
#10021 = CARTESIAN_POINT('',(0.,0.));
#10022 = DIRECTION('',(1.,0.));
#10023 = ( GEOMETRIC_REPRESENTATION_CONTEXT(2) 
PARAMETRIC_REPRESENTATION_CONTEXT() REPRESENTATION_CONTEXT('2D SPACE',''
  ) );
#10024 = PCURVE('',#10025,#10030);
#10025 = CYLINDRICAL_SURFACE('',#10026,454.025);
#10026 = AXIS2_PLACEMENT_3D('',#10027,#10028,#10029);
#10027 = CARTESIAN_POINT('',(-2.4394E+03,0.,-5.416556092541E-13));
#10028 = DIRECTION('',(1.,0.,2.22044604925E-16));
#10029 = DIRECTION('',(2.22044604925E-16,0.,-1.));
#10030 = DEFINITIONAL_REPRESENTATION('',(#10031),#10035);
#10031 = LINE('',#10032,#10033);
#10032 = CARTESIAN_POINT('',(0.,4.8778E+03));
#10033 = VECTOR('',#10034,1.);
#10034 = DIRECTION('',(1.,0.));
#10035 = ( GEOMETRIC_REPRESENTATION_CONTEXT(2) 
PARAMETRIC_REPRESENTATION_CONTEXT() REPRESENTATION_CONTEXT('2D SPACE',''
  ) );
#10036 = ADVANCED_FACE('',(#10037,#10040),#9989,.F.);
#10037 = FACE_BOUND('',#10038,.F.);
#10038 = EDGE_LOOP('',(#10039));
#10039 = ORIENTED_EDGE('',*,*,#9974,.T.);
#10040 = FACE_BOUND('',#10041,.F.);
#10041 = EDGE_LOOP('',(#10042));
#10042 = ORIENTED_EDGE('',*,*,#10043,.F.);
#10043 = EDGE_CURVE('',#10044,#10044,#10046,.T.);
#10044 = VERTEX_POINT('',#10045);
#10045 = CARTESIAN_POINT('',(-2.4384E+03,-1.112040525966E-13,-454.025));
#10046 = SURFACE_CURVE('',#10047,(#10052,#10059),.PCURVE_S1.);
#10047 = CIRCLE('',#10048,454.025);
#10048 = AXIS2_PLACEMENT_3D('',#10049,#10050,#10051);
#10049 = CARTESIAN_POINT('',(-2.4384E+03,0.,-5.414335646492E-13));
#10050 = DIRECTION('',(1.,0.,2.22044604925E-16));
#10051 = DIRECTION('',(2.22044604925E-16,0.,-1.));
#10052 = PCURVE('',#9989,#10053);
#10053 = DEFINITIONAL_REPRESENTATION('',(#10054),#10058);
#10054 = CIRCLE('',#10055,454.025);
#10055 = AXIS2_PLACEMENT_2D('',#10056,#10057);
#10056 = CARTESIAN_POINT('',(0.,0.));
#10057 = DIRECTION('',(1.,0.));
#10058 = ( GEOMETRIC_REPRESENTATION_CONTEXT(2) 
PARAMETRIC_REPRESENTATION_CONTEXT() REPRESENTATION_CONTEXT('2D SPACE',''
  ) );
#10059 = PCURVE('',#10025,#10060);
#10060 = DEFINITIONAL_REPRESENTATION('',(#10061),#10065);
#10061 = LINE('',#10062,#10063);
#10062 = CARTESIAN_POINT('',(0.,1.));
#10063 = VECTOR('',#10064,1.);
#10064 = DIRECTION('',(1.,0.));
#10065 = ( GEOMETRIC_REPRESENTATION_CONTEXT(2) 
PARAMETRIC_REPRESENTATION_CONTEXT() REPRESENTATION_CONTEXT('2D SPACE',''
  ) );
#10066 = ADVANCED_FACE('',(#10067),#10025,.F.);
#10067 = FACE_BOUND('',#10068,.F.);
#10068 = EDGE_LOOP('',(#10069,#10070,#10091,#10092));
#10069 = ORIENTED_EDGE('',*,*,#10008,.F.);
#10070 = ORIENTED_EDGE('',*,*,#10071,.F.);
#10071 = EDGE_CURVE('',#10044,#10009,#10072,.T.);
#10072 = SEAM_CURVE('',#10073,(#10077,#10084),.PCURVE_S1.);
#10073 = LINE('',#10074,#10075);
#10074 = CARTESIAN_POINT('',(-2.4394E+03,-1.112040525966E-13,-454.025));
#10075 = VECTOR('',#10076,1.);
#10076 = DIRECTION('',(1.,0.,2.22044604925E-16));
#10077 = PCURVE('',#10025,#10078);
#10078 = DEFINITIONAL_REPRESENTATION('',(#10079),#10083);
#10079 = LINE('',#10080,#10081);
#10080 = CARTESIAN_POINT('',(6.28318530718,-0.));
#10081 = VECTOR('',#10082,1.);
#10082 = DIRECTION('',(0.,1.));
#10083 = ( GEOMETRIC_REPRESENTATION_CONTEXT(2) 
PARAMETRIC_REPRESENTATION_CONTEXT() REPRESENTATION_CONTEXT('2D SPACE',''
  ) );
#10084 = PCURVE('',#10025,#10085);
#10085 = DEFINITIONAL_REPRESENTATION('',(#10086),#10090);
#10086 = LINE('',#10087,#10088);
#10087 = CARTESIAN_POINT('',(0.,-0.));
#10088 = VECTOR('',#10089,1.);
#10089 = DIRECTION('',(0.,1.));
#10090 = ( GEOMETRIC_REPRESENTATION_CONTEXT(2) 
PARAMETRIC_REPRESENTATION_CONTEXT() REPRESENTATION_CONTEXT('2D SPACE',''
  ) );
#10091 = ORIENTED_EDGE('',*,*,#10043,.T.);
#10092 = ORIENTED_EDGE('',*,*,#10071,.T.);
#10093 = ( GEOMETRIC_REPRESENTATION_CONTEXT(3) 
GLOBAL_UNCERTAINTY_ASSIGNED_CONTEXT((#10097)) 
GLOBAL_UNIT_ASSIGNED_CONTEXT((#10094,#10095,#10096)) 
REPRESENTATION_CONTEXT('Context #1',
  '3D Context with UNIT and UNCERTAINTY') );
#10094 = ( LENGTH_UNIT() NAMED_UNIT(*) SI_UNIT(.MILLI.,.METRE.) );
#10095 = ( NAMED_UNIT(*) PLANE_ANGLE_UNIT() SI_UNIT($,.RADIAN.) );
#10096 = ( NAMED_UNIT(*) SI_UNIT($,.STERADIAN.) SOLID_ANGLE_UNIT() );
#10097 = UNCERTAINTY_MEASURE_WITH_UNIT(LENGTH_MEASURE(1.E-07),#10094,
  'distance_accuracy_value','confusion accuracy');
#10098 = CONTEXT_DEPENDENT_SHAPE_REPRESENTATION(#10099,#10101);
#10099 = ( REPRESENTATION_RELATIONSHIP('','',#9910,#10) 
REPRESENTATION_RELATIONSHIP_WITH_TRANSFORMATION(#10100) 
SHAPE_REPRESENTATION_RELATIONSHIP() );
#10100 = ITEM_DEFINED_TRANSFORMATION('','',#11,#127);
#10101 = PRODUCT_DEFINITION_SHAPE('Placement','Placement of an item',
  #10102);
#10102 = NEXT_ASSEMBLY_USAGE_OCCURRENCE('29','chute_section:1','',#5,
  #9905,$);
#10103 = PRODUCT_RELATED_PRODUCT_CATEGORY('part',$,(#9907));
#10104 = SHAPE_DEFINITION_REPRESENTATION(#10105,#10111);
#10105 = PRODUCT_DEFINITION_SHAPE('','',#10106);
#10106 = PRODUCT_DEFINITION('design','',#10107,#10110);
#10107 = PRODUCT_DEFINITION_FORMATION('','',#10108);
#10108 = PRODUCT('chute_section:2','chute_section:2','',(#10109));
#10109 = PRODUCT_CONTEXT('',#2,'mechanical');
#10110 = PRODUCT_DEFINITION_CONTEXT('part definition',#2,'design');
#10111 = ADVANCED_BREP_SHAPE_REPRESENTATION('',(#11,#10112),#10294);
#10112 = MANIFOLD_SOLID_BREP('',#10113);
#10113 = CLOSED_SHELL('',(#10114,#10202,#10237,#10267));
#10114 = ADVANCED_FACE('',(#10115),#10128,.T.);
#10115 = FACE_BOUND('',#10116,.T.);
#10116 = EDGE_LOOP('',(#10117,#10151,#10174,#10201));
#10117 = ORIENTED_EDGE('',*,*,#10118,.F.);
#10118 = EDGE_CURVE('',#10119,#10119,#10121,.T.);
#10119 = VERTEX_POINT('',#10120);
#10120 = CARTESIAN_POINT('',(2.4384E+03,-1.026498947045E-13,
    -419.0999999999));
#10121 = SURFACE_CURVE('',#10122,(#10127,#10139),.PCURVE_S1.);
#10122 = CIRCLE('',#10123,419.1);
#10123 = AXIS2_PLACEMENT_3D('',#10124,#10125,#10126);
#10124 = CARTESIAN_POINT('',(2.4384E+03,0.,5.414335646492E-13));
#10125 = DIRECTION('',(1.,-0.,2.22044604925E-16));
#10126 = DIRECTION('',(2.22044604925E-16,0.,-1.));
#10127 = PCURVE('',#10128,#10133);
#10128 = CYLINDRICAL_SURFACE('',#10129,419.1);
#10129 = AXIS2_PLACEMENT_3D('',#10130,#10131,#10132);
#10130 = CARTESIAN_POINT('',(-2.4384E+03,0.,-5.414335646492E-13));
#10131 = DIRECTION('',(1.,0.,2.22044604925E-16));
#10132 = DIRECTION('',(2.22044604925E-16,0.,-1.));
#10133 = DEFINITIONAL_REPRESENTATION('',(#10134),#10138);
#10134 = LINE('',#10135,#10136);
#10135 = CARTESIAN_POINT('',(0.,4.8768E+03));
#10136 = VECTOR('',#10137,1.);
#10137 = DIRECTION('',(1.,0.));
#10138 = ( GEOMETRIC_REPRESENTATION_CONTEXT(2) 
PARAMETRIC_REPRESENTATION_CONTEXT() REPRESENTATION_CONTEXT('2D SPACE',''
  ) );
#10139 = PCURVE('',#10140,#10145);
#10140 = PLANE('',#10141);
#10141 = AXIS2_PLACEMENT_3D('',#10142,#10143,#10144);
#10142 = CARTESIAN_POINT('',(2.4384E+03,0.,5.414335646492E-13));
#10143 = DIRECTION('',(1.,0.,2.22044604925E-16));
#10144 = DIRECTION('',(2.22044604925E-16,0.,-1.));
#10145 = DEFINITIONAL_REPRESENTATION('',(#10146),#10150);
#10146 = CIRCLE('',#10147,419.1);
#10147 = AXIS2_PLACEMENT_2D('',#10148,#10149);
#10148 = CARTESIAN_POINT('',(0.,0.));
#10149 = DIRECTION('',(1.,0.));
#10150 = ( GEOMETRIC_REPRESENTATION_CONTEXT(2) 
PARAMETRIC_REPRESENTATION_CONTEXT() REPRESENTATION_CONTEXT('2D SPACE',''
  ) );
#10151 = ORIENTED_EDGE('',*,*,#10152,.F.);
#10152 = EDGE_CURVE('',#10153,#10119,#10155,.T.);
#10153 = VERTEX_POINT('',#10154);
#10154 = CARTESIAN_POINT('',(-2.4384E+03,-1.026498947045E-13,-419.1));
#10155 = SEAM_CURVE('',#10156,(#10160,#10167),.PCURVE_S1.);
#10156 = LINE('',#10157,#10158);
#10157 = CARTESIAN_POINT('',(-2.4384E+03,-1.026498947045E-13,-419.1));
#10158 = VECTOR('',#10159,1.);
#10159 = DIRECTION('',(1.,0.,2.22044604925E-16));
#10160 = PCURVE('',#10128,#10161);
#10161 = DEFINITIONAL_REPRESENTATION('',(#10162),#10166);
#10162 = LINE('',#10163,#10164);
#10163 = CARTESIAN_POINT('',(6.28318530718,-0.));
#10164 = VECTOR('',#10165,1.);
#10165 = DIRECTION('',(0.,1.));
#10166 = ( GEOMETRIC_REPRESENTATION_CONTEXT(2) 
PARAMETRIC_REPRESENTATION_CONTEXT() REPRESENTATION_CONTEXT('2D SPACE',''
  ) );
#10167 = PCURVE('',#10128,#10168);
#10168 = DEFINITIONAL_REPRESENTATION('',(#10169),#10173);
#10169 = LINE('',#10170,#10171);
#10170 = CARTESIAN_POINT('',(0.,-0.));
#10171 = VECTOR('',#10172,1.);
#10172 = DIRECTION('',(0.,1.));
#10173 = ( GEOMETRIC_REPRESENTATION_CONTEXT(2) 
PARAMETRIC_REPRESENTATION_CONTEXT() REPRESENTATION_CONTEXT('2D SPACE',''
  ) );
#10174 = ORIENTED_EDGE('',*,*,#10175,.T.);
#10175 = EDGE_CURVE('',#10153,#10153,#10176,.T.);
#10176 = SURFACE_CURVE('',#10177,(#10182,#10189),.PCURVE_S1.);
#10177 = CIRCLE('',#10178,419.1);
#10178 = AXIS2_PLACEMENT_3D('',#10179,#10180,#10181);
#10179 = CARTESIAN_POINT('',(-2.4384E+03,0.,-5.414335646492E-13));
#10180 = DIRECTION('',(1.,-0.,2.22044604925E-16));
#10181 = DIRECTION('',(2.22044604925E-16,0.,-1.));
#10182 = PCURVE('',#10128,#10183);
#10183 = DEFINITIONAL_REPRESENTATION('',(#10184),#10188);
#10184 = LINE('',#10185,#10186);
#10185 = CARTESIAN_POINT('',(0.,0.));
#10186 = VECTOR('',#10187,1.);
#10187 = DIRECTION('',(1.,0.));
#10188 = ( GEOMETRIC_REPRESENTATION_CONTEXT(2) 
PARAMETRIC_REPRESENTATION_CONTEXT() REPRESENTATION_CONTEXT('2D SPACE',''
  ) );
#10189 = PCURVE('',#10190,#10195);
#10190 = PLANE('',#10191);
#10191 = AXIS2_PLACEMENT_3D('',#10192,#10193,#10194);
#10192 = CARTESIAN_POINT('',(-2.4384E+03,0.,-5.414335646492E-13));
#10193 = DIRECTION('',(1.,0.,2.22044604925E-16));
#10194 = DIRECTION('',(2.22044604925E-16,0.,-1.));
#10195 = DEFINITIONAL_REPRESENTATION('',(#10196),#10200);
#10196 = CIRCLE('',#10197,419.1);
#10197 = AXIS2_PLACEMENT_2D('',#10198,#10199);
#10198 = CARTESIAN_POINT('',(0.,0.));
#10199 = DIRECTION('',(1.,0.));
#10200 = ( GEOMETRIC_REPRESENTATION_CONTEXT(2) 
PARAMETRIC_REPRESENTATION_CONTEXT() REPRESENTATION_CONTEXT('2D SPACE',''
  ) );
#10201 = ORIENTED_EDGE('',*,*,#10152,.T.);
#10202 = ADVANCED_FACE('',(#10203,#10206),#10140,.T.);
#10203 = FACE_BOUND('',#10204,.T.);
#10204 = EDGE_LOOP('',(#10205));
#10205 = ORIENTED_EDGE('',*,*,#10118,.T.);
#10206 = FACE_BOUND('',#10207,.T.);
#10207 = EDGE_LOOP('',(#10208));
#10208 = ORIENTED_EDGE('',*,*,#10209,.F.);
#10209 = EDGE_CURVE('',#10210,#10210,#10212,.T.);
#10210 = VERTEX_POINT('',#10211);
#10211 = CARTESIAN_POINT('',(2.4384E+03,-1.018722439871E-13,
    -415.9249999999));
#10212 = SURFACE_CURVE('',#10213,(#10218,#10225),.PCURVE_S1.);
#10213 = CIRCLE('',#10214,415.925);
#10214 = AXIS2_PLACEMENT_3D('',#10215,#10216,#10217);
#10215 = CARTESIAN_POINT('',(2.4384E+03,0.,5.414335646492E-13));
#10216 = DIRECTION('',(1.,0.,2.22044604925E-16));
#10217 = DIRECTION('',(2.22044604925E-16,0.,-1.));
#10218 = PCURVE('',#10140,#10219);
#10219 = DEFINITIONAL_REPRESENTATION('',(#10220),#10224);
#10220 = CIRCLE('',#10221,415.925);
#10221 = AXIS2_PLACEMENT_2D('',#10222,#10223);
#10222 = CARTESIAN_POINT('',(0.,0.));
#10223 = DIRECTION('',(1.,0.));
#10224 = ( GEOMETRIC_REPRESENTATION_CONTEXT(2) 
PARAMETRIC_REPRESENTATION_CONTEXT() REPRESENTATION_CONTEXT('2D SPACE',''
  ) );
#10225 = PCURVE('',#10226,#10231);
#10226 = CYLINDRICAL_SURFACE('',#10227,415.925);
#10227 = AXIS2_PLACEMENT_3D('',#10228,#10229,#10230);
#10228 = CARTESIAN_POINT('',(-2.4394E+03,0.,-5.416556092541E-13));
#10229 = DIRECTION('',(1.,0.,2.22044604925E-16));
#10230 = DIRECTION('',(2.22044604925E-16,0.,-1.));
#10231 = DEFINITIONAL_REPRESENTATION('',(#10232),#10236);
#10232 = LINE('',#10233,#10234);
#10233 = CARTESIAN_POINT('',(0.,4.8778E+03));
#10234 = VECTOR('',#10235,1.);
#10235 = DIRECTION('',(1.,0.));
#10236 = ( GEOMETRIC_REPRESENTATION_CONTEXT(2) 
PARAMETRIC_REPRESENTATION_CONTEXT() REPRESENTATION_CONTEXT('2D SPACE',''
  ) );
#10237 = ADVANCED_FACE('',(#10238,#10241),#10190,.F.);
#10238 = FACE_BOUND('',#10239,.F.);
#10239 = EDGE_LOOP('',(#10240));
#10240 = ORIENTED_EDGE('',*,*,#10175,.T.);
#10241 = FACE_BOUND('',#10242,.F.);
#10242 = EDGE_LOOP('',(#10243));
#10243 = ORIENTED_EDGE('',*,*,#10244,.F.);
#10244 = EDGE_CURVE('',#10245,#10245,#10247,.T.);
#10245 = VERTEX_POINT('',#10246);
#10246 = CARTESIAN_POINT('',(-2.4384E+03,-1.018722439871E-13,-415.925));
#10247 = SURFACE_CURVE('',#10248,(#10253,#10260),.PCURVE_S1.);
#10248 = CIRCLE('',#10249,415.925);
#10249 = AXIS2_PLACEMENT_3D('',#10250,#10251,#10252);
#10250 = CARTESIAN_POINT('',(-2.4384E+03,0.,-5.414335646492E-13));
#10251 = DIRECTION('',(1.,0.,2.22044604925E-16));
#10252 = DIRECTION('',(2.22044604925E-16,0.,-1.));
#10253 = PCURVE('',#10190,#10254);
#10254 = DEFINITIONAL_REPRESENTATION('',(#10255),#10259);
#10255 = CIRCLE('',#10256,415.925);
#10256 = AXIS2_PLACEMENT_2D('',#10257,#10258);
#10257 = CARTESIAN_POINT('',(0.,0.));
#10258 = DIRECTION('',(1.,0.));
#10259 = ( GEOMETRIC_REPRESENTATION_CONTEXT(2) 
PARAMETRIC_REPRESENTATION_CONTEXT() REPRESENTATION_CONTEXT('2D SPACE',''
  ) );
#10260 = PCURVE('',#10226,#10261);
#10261 = DEFINITIONAL_REPRESENTATION('',(#10262),#10266);
#10262 = LINE('',#10263,#10264);
#10263 = CARTESIAN_POINT('',(0.,1.));
#10264 = VECTOR('',#10265,1.);
#10265 = DIRECTION('',(1.,0.));
#10266 = ( GEOMETRIC_REPRESENTATION_CONTEXT(2) 
PARAMETRIC_REPRESENTATION_CONTEXT() REPRESENTATION_CONTEXT('2D SPACE',''
  ) );
#10267 = ADVANCED_FACE('',(#10268),#10226,.F.);
#10268 = FACE_BOUND('',#10269,.F.);
#10269 = EDGE_LOOP('',(#10270,#10271,#10292,#10293));
#10270 = ORIENTED_EDGE('',*,*,#10209,.F.);
#10271 = ORIENTED_EDGE('',*,*,#10272,.F.);
#10272 = EDGE_CURVE('',#10245,#10210,#10273,.T.);
#10273 = SEAM_CURVE('',#10274,(#10278,#10285),.PCURVE_S1.);
#10274 = LINE('',#10275,#10276);
#10275 = CARTESIAN_POINT('',(-2.4394E+03,-1.018722439871E-13,-415.925));
#10276 = VECTOR('',#10277,1.);
#10277 = DIRECTION('',(1.,0.,2.22044604925E-16));
#10278 = PCURVE('',#10226,#10279);
#10279 = DEFINITIONAL_REPRESENTATION('',(#10280),#10284);
#10280 = LINE('',#10281,#10282);
#10281 = CARTESIAN_POINT('',(6.28318530718,-0.));
#10282 = VECTOR('',#10283,1.);
#10283 = DIRECTION('',(0.,1.));
#10284 = ( GEOMETRIC_REPRESENTATION_CONTEXT(2) 
PARAMETRIC_REPRESENTATION_CONTEXT() REPRESENTATION_CONTEXT('2D SPACE',''
  ) );
#10285 = PCURVE('',#10226,#10286);
#10286 = DEFINITIONAL_REPRESENTATION('',(#10287),#10291);
#10287 = LINE('',#10288,#10289);
#10288 = CARTESIAN_POINT('',(0.,-0.));
#10289 = VECTOR('',#10290,1.);
#10290 = DIRECTION('',(0.,1.));
#10291 = ( GEOMETRIC_REPRESENTATION_CONTEXT(2) 
PARAMETRIC_REPRESENTATION_CONTEXT() REPRESENTATION_CONTEXT('2D SPACE',''
  ) );
#10292 = ORIENTED_EDGE('',*,*,#10244,.T.);
#10293 = ORIENTED_EDGE('',*,*,#10272,.T.);
#10294 = ( GEOMETRIC_REPRESENTATION_CONTEXT(3) 
GLOBAL_UNCERTAINTY_ASSIGNED_CONTEXT((#10298)) 
GLOBAL_UNIT_ASSIGNED_CONTEXT((#10295,#10296,#10297)) 
REPRESENTATION_CONTEXT('Context #1',
  '3D Context with UNIT and UNCERTAINTY') );
#10295 = ( LENGTH_UNIT() NAMED_UNIT(*) SI_UNIT(.MILLI.,.METRE.) );
#10296 = ( NAMED_UNIT(*) PLANE_ANGLE_UNIT() SI_UNIT($,.RADIAN.) );
#10297 = ( NAMED_UNIT(*) SI_UNIT($,.STERADIAN.) SOLID_ANGLE_UNIT() );
#10298 = UNCERTAINTY_MEASURE_WITH_UNIT(LENGTH_MEASURE(1.E-07),#10295,
  'distance_accuracy_value','confusion accuracy');
#10299 = CONTEXT_DEPENDENT_SHAPE_REPRESENTATION(#10300,#10302);
#10300 = ( REPRESENTATION_RELATIONSHIP('','',#10111,#10) 
REPRESENTATION_RELATIONSHIP_WITH_TRANSFORMATION(#10301) 
SHAPE_REPRESENTATION_RELATIONSHIP() );
#10301 = ITEM_DEFINED_TRANSFORMATION('','',#11,#131);
#10302 = PRODUCT_DEFINITION_SHAPE('Placement','Placement of an item',
  #10303);
#10303 = NEXT_ASSEMBLY_USAGE_OCCURRENCE('30','chute_section:2','',#5,
  #10106,$);
#10304 = PRODUCT_RELATED_PRODUCT_CATEGORY('part',$,(#10108));
#10305 = SHAPE_DEFINITION_REPRESENTATION(#10306,#10312);
#10306 = PRODUCT_DEFINITION_SHAPE('','',#10307);
#10307 = PRODUCT_DEFINITION('design','',#10308,#10311);
#10308 = PRODUCT_DEFINITION_FORMATION('','',#10309);
#10309 = PRODUCT('chute_section:3','chute_section:3','',(#10310));
#10310 = PRODUCT_CONTEXT('',#2,'mechanical');
#10311 = PRODUCT_DEFINITION_CONTEXT('part definition',#2,'design');
#10312 = ADVANCED_BREP_SHAPE_REPRESENTATION('',(#11,#10313),#10495);
#10313 = MANIFOLD_SOLID_BREP('',#10314);
#10314 = CLOSED_SHELL('',(#10315,#10403,#10438,#10468));
#10315 = ADVANCED_FACE('',(#10316),#10329,.T.);
#10316 = FACE_BOUND('',#10317,.T.);
#10317 = EDGE_LOOP('',(#10318,#10352,#10375,#10402));
#10318 = ORIENTED_EDGE('',*,*,#10319,.F.);
#10319 = EDGE_CURVE('',#10320,#10320,#10322,.T.);
#10320 = VERTEX_POINT('',#10321);
#10321 = CARTESIAN_POINT('',(2.4384E+03,-9.642868896486E-14,
    -393.6999999999));
#10322 = SURFACE_CURVE('',#10323,(#10328,#10340),.PCURVE_S1.);
#10323 = CIRCLE('',#10324,393.7);
#10324 = AXIS2_PLACEMENT_3D('',#10325,#10326,#10327);
#10325 = CARTESIAN_POINT('',(2.4384E+03,0.,5.414335646492E-13));
#10326 = DIRECTION('',(1.,-0.,2.22044604925E-16));
#10327 = DIRECTION('',(2.22044604925E-16,0.,-1.));
#10328 = PCURVE('',#10329,#10334);
#10329 = CYLINDRICAL_SURFACE('',#10330,393.7);
#10330 = AXIS2_PLACEMENT_3D('',#10331,#10332,#10333);
#10331 = CARTESIAN_POINT('',(-2.4384E+03,0.,-5.414335646492E-13));
#10332 = DIRECTION('',(1.,0.,2.22044604925E-16));
#10333 = DIRECTION('',(2.22044604925E-16,0.,-1.));
#10334 = DEFINITIONAL_REPRESENTATION('',(#10335),#10339);
#10335 = LINE('',#10336,#10337);
#10336 = CARTESIAN_POINT('',(0.,4.8768E+03));
#10337 = VECTOR('',#10338,1.);
#10338 = DIRECTION('',(1.,0.));
#10339 = ( GEOMETRIC_REPRESENTATION_CONTEXT(2) 
PARAMETRIC_REPRESENTATION_CONTEXT() REPRESENTATION_CONTEXT('2D SPACE',''
  ) );
#10340 = PCURVE('',#10341,#10346);
#10341 = PLANE('',#10342);
#10342 = AXIS2_PLACEMENT_3D('',#10343,#10344,#10345);
#10343 = CARTESIAN_POINT('',(2.4384E+03,0.,5.414335646492E-13));
#10344 = DIRECTION('',(1.,0.,2.22044604925E-16));
#10345 = DIRECTION('',(2.22044604925E-16,0.,-1.));
#10346 = DEFINITIONAL_REPRESENTATION('',(#10347),#10351);
#10347 = CIRCLE('',#10348,393.7);
#10348 = AXIS2_PLACEMENT_2D('',#10349,#10350);
#10349 = CARTESIAN_POINT('',(0.,0.));
#10350 = DIRECTION('',(1.,0.));
#10351 = ( GEOMETRIC_REPRESENTATION_CONTEXT(2) 
PARAMETRIC_REPRESENTATION_CONTEXT() REPRESENTATION_CONTEXT('2D SPACE',''
  ) );
#10352 = ORIENTED_EDGE('',*,*,#10353,.F.);
#10353 = EDGE_CURVE('',#10354,#10320,#10356,.T.);
#10354 = VERTEX_POINT('',#10355);
#10355 = CARTESIAN_POINT('',(-2.4384E+03,-9.642868896486E-14,-393.7));
#10356 = SEAM_CURVE('',#10357,(#10361,#10368),.PCURVE_S1.);
#10357 = LINE('',#10358,#10359);
#10358 = CARTESIAN_POINT('',(-2.4384E+03,-9.642868896486E-14,-393.7));
#10359 = VECTOR('',#10360,1.);
#10360 = DIRECTION('',(1.,0.,2.22044604925E-16));
#10361 = PCURVE('',#10329,#10362);
#10362 = DEFINITIONAL_REPRESENTATION('',(#10363),#10367);
#10363 = LINE('',#10364,#10365);
#10364 = CARTESIAN_POINT('',(6.28318530718,-0.));
#10365 = VECTOR('',#10366,1.);
#10366 = DIRECTION('',(0.,1.));
#10367 = ( GEOMETRIC_REPRESENTATION_CONTEXT(2) 
PARAMETRIC_REPRESENTATION_CONTEXT() REPRESENTATION_CONTEXT('2D SPACE',''
  ) );
#10368 = PCURVE('',#10329,#10369);
#10369 = DEFINITIONAL_REPRESENTATION('',(#10370),#10374);
#10370 = LINE('',#10371,#10372);
#10371 = CARTESIAN_POINT('',(0.,-0.));
#10372 = VECTOR('',#10373,1.);
#10373 = DIRECTION('',(0.,1.));
#10374 = ( GEOMETRIC_REPRESENTATION_CONTEXT(2) 
PARAMETRIC_REPRESENTATION_CONTEXT() REPRESENTATION_CONTEXT('2D SPACE',''
  ) );
#10375 = ORIENTED_EDGE('',*,*,#10376,.T.);
#10376 = EDGE_CURVE('',#10354,#10354,#10377,.T.);
#10377 = SURFACE_CURVE('',#10378,(#10383,#10390),.PCURVE_S1.);
#10378 = CIRCLE('',#10379,393.7);
#10379 = AXIS2_PLACEMENT_3D('',#10380,#10381,#10382);
#10380 = CARTESIAN_POINT('',(-2.4384E+03,0.,-5.414335646492E-13));
#10381 = DIRECTION('',(1.,-0.,2.22044604925E-16));
#10382 = DIRECTION('',(2.22044604925E-16,0.,-1.));
#10383 = PCURVE('',#10329,#10384);
#10384 = DEFINITIONAL_REPRESENTATION('',(#10385),#10389);
#10385 = LINE('',#10386,#10387);
#10386 = CARTESIAN_POINT('',(0.,0.));
#10387 = VECTOR('',#10388,1.);
#10388 = DIRECTION('',(1.,0.));
#10389 = ( GEOMETRIC_REPRESENTATION_CONTEXT(2) 
PARAMETRIC_REPRESENTATION_CONTEXT() REPRESENTATION_CONTEXT('2D SPACE',''
  ) );
#10390 = PCURVE('',#10391,#10396);
#10391 = PLANE('',#10392);
#10392 = AXIS2_PLACEMENT_3D('',#10393,#10394,#10395);
#10393 = CARTESIAN_POINT('',(-2.4384E+03,0.,-5.414335646492E-13));
#10394 = DIRECTION('',(1.,0.,2.22044604925E-16));
#10395 = DIRECTION('',(2.22044604925E-16,0.,-1.));
#10396 = DEFINITIONAL_REPRESENTATION('',(#10397),#10401);
#10397 = CIRCLE('',#10398,393.7);
#10398 = AXIS2_PLACEMENT_2D('',#10399,#10400);
#10399 = CARTESIAN_POINT('',(0.,0.));
#10400 = DIRECTION('',(1.,0.));
#10401 = ( GEOMETRIC_REPRESENTATION_CONTEXT(2) 
PARAMETRIC_REPRESENTATION_CONTEXT() REPRESENTATION_CONTEXT('2D SPACE',''
  ) );
#10402 = ORIENTED_EDGE('',*,*,#10353,.T.);
#10403 = ADVANCED_FACE('',(#10404,#10407),#10341,.T.);
#10404 = FACE_BOUND('',#10405,.T.);
#10405 = EDGE_LOOP('',(#10406));
#10406 = ORIENTED_EDGE('',*,*,#10319,.T.);
#10407 = FACE_BOUND('',#10408,.T.);
#10408 = EDGE_LOOP('',(#10409));
#10409 = ORIENTED_EDGE('',*,*,#10410,.F.);
#10410 = EDGE_CURVE('',#10411,#10411,#10413,.T.);
#10411 = VERTEX_POINT('',#10412);
#10412 = CARTESIAN_POINT('',(2.4384E+03,-9.56510382474E-14,
    -390.5249999999));
#10413 = SURFACE_CURVE('',#10414,(#10419,#10426),.PCURVE_S1.);
#10414 = CIRCLE('',#10415,390.525);
#10415 = AXIS2_PLACEMENT_3D('',#10416,#10417,#10418);
#10416 = CARTESIAN_POINT('',(2.4384E+03,0.,5.414335646492E-13));
#10417 = DIRECTION('',(1.,0.,2.22044604925E-16));
#10418 = DIRECTION('',(2.22044604925E-16,0.,-1.));
#10419 = PCURVE('',#10341,#10420);
#10420 = DEFINITIONAL_REPRESENTATION('',(#10421),#10425);
#10421 = CIRCLE('',#10422,390.525);
#10422 = AXIS2_PLACEMENT_2D('',#10423,#10424);
#10423 = CARTESIAN_POINT('',(0.,0.));
#10424 = DIRECTION('',(1.,0.));
#10425 = ( GEOMETRIC_REPRESENTATION_CONTEXT(2) 
PARAMETRIC_REPRESENTATION_CONTEXT() REPRESENTATION_CONTEXT('2D SPACE',''
  ) );
#10426 = PCURVE('',#10427,#10432);
#10427 = CYLINDRICAL_SURFACE('',#10428,390.525);
#10428 = AXIS2_PLACEMENT_3D('',#10429,#10430,#10431);
#10429 = CARTESIAN_POINT('',(-2.4394E+03,0.,-5.416556092541E-13));
#10430 = DIRECTION('',(1.,0.,2.22044604925E-16));
#10431 = DIRECTION('',(2.22044604925E-16,0.,-1.));
#10432 = DEFINITIONAL_REPRESENTATION('',(#10433),#10437);
#10433 = LINE('',#10434,#10435);
#10434 = CARTESIAN_POINT('',(0.,4.8778E+03));
#10435 = VECTOR('',#10436,1.);
#10436 = DIRECTION('',(1.,0.));
#10437 = ( GEOMETRIC_REPRESENTATION_CONTEXT(2) 
PARAMETRIC_REPRESENTATION_CONTEXT() REPRESENTATION_CONTEXT('2D SPACE',''
  ) );
#10438 = ADVANCED_FACE('',(#10439,#10442),#10391,.F.);
#10439 = FACE_BOUND('',#10440,.F.);
#10440 = EDGE_LOOP('',(#10441));
#10441 = ORIENTED_EDGE('',*,*,#10376,.T.);
#10442 = FACE_BOUND('',#10443,.F.);
#10443 = EDGE_LOOP('',(#10444));
#10444 = ORIENTED_EDGE('',*,*,#10445,.F.);
#10445 = EDGE_CURVE('',#10446,#10446,#10448,.T.);
#10446 = VERTEX_POINT('',#10447);
#10447 = CARTESIAN_POINT('',(-2.4384E+03,-9.56510382474E-14,-390.525));
#10448 = SURFACE_CURVE('',#10449,(#10454,#10461),.PCURVE_S1.);
#10449 = CIRCLE('',#10450,390.525);
#10450 = AXIS2_PLACEMENT_3D('',#10451,#10452,#10453);
#10451 = CARTESIAN_POINT('',(-2.4384E+03,0.,-5.414335646492E-13));
#10452 = DIRECTION('',(1.,0.,2.22044604925E-16));
#10453 = DIRECTION('',(2.22044604925E-16,0.,-1.));
#10454 = PCURVE('',#10391,#10455);
#10455 = DEFINITIONAL_REPRESENTATION('',(#10456),#10460);
#10456 = CIRCLE('',#10457,390.525);
#10457 = AXIS2_PLACEMENT_2D('',#10458,#10459);
#10458 = CARTESIAN_POINT('',(0.,0.));
#10459 = DIRECTION('',(1.,0.));
#10460 = ( GEOMETRIC_REPRESENTATION_CONTEXT(2) 
PARAMETRIC_REPRESENTATION_CONTEXT() REPRESENTATION_CONTEXT('2D SPACE',''
  ) );
#10461 = PCURVE('',#10427,#10462);
#10462 = DEFINITIONAL_REPRESENTATION('',(#10463),#10467);
#10463 = LINE('',#10464,#10465);
#10464 = CARTESIAN_POINT('',(0.,1.));
#10465 = VECTOR('',#10466,1.);
#10466 = DIRECTION('',(1.,0.));
#10467 = ( GEOMETRIC_REPRESENTATION_CONTEXT(2) 
PARAMETRIC_REPRESENTATION_CONTEXT() REPRESENTATION_CONTEXT('2D SPACE',''
  ) );
#10468 = ADVANCED_FACE('',(#10469),#10427,.F.);
#10469 = FACE_BOUND('',#10470,.F.);
#10470 = EDGE_LOOP('',(#10471,#10472,#10493,#10494));
#10471 = ORIENTED_EDGE('',*,*,#10410,.F.);
#10472 = ORIENTED_EDGE('',*,*,#10473,.F.);
#10473 = EDGE_CURVE('',#10446,#10411,#10474,.T.);
#10474 = SEAM_CURVE('',#10475,(#10479,#10486),.PCURVE_S1.);
#10475 = LINE('',#10476,#10477);
#10476 = CARTESIAN_POINT('',(-2.4394E+03,-9.56510382474E-14,-390.525));
#10477 = VECTOR('',#10478,1.);
#10478 = DIRECTION('',(1.,0.,2.22044604925E-16));
#10479 = PCURVE('',#10427,#10480);
#10480 = DEFINITIONAL_REPRESENTATION('',(#10481),#10485);
#10481 = LINE('',#10482,#10483);
#10482 = CARTESIAN_POINT('',(6.28318530718,-0.));
#10483 = VECTOR('',#10484,1.);
#10484 = DIRECTION('',(0.,1.));
#10485 = ( GEOMETRIC_REPRESENTATION_CONTEXT(2) 
PARAMETRIC_REPRESENTATION_CONTEXT() REPRESENTATION_CONTEXT('2D SPACE',''
  ) );
#10486 = PCURVE('',#10427,#10487);
#10487 = DEFINITIONAL_REPRESENTATION('',(#10488),#10492);
#10488 = LINE('',#10489,#10490);
#10489 = CARTESIAN_POINT('',(0.,-0.));
#10490 = VECTOR('',#10491,1.);
#10491 = DIRECTION('',(0.,1.));
#10492 = ( GEOMETRIC_REPRESENTATION_CONTEXT(2) 
PARAMETRIC_REPRESENTATION_CONTEXT() REPRESENTATION_CONTEXT('2D SPACE',''
  ) );
#10493 = ORIENTED_EDGE('',*,*,#10445,.T.);
#10494 = ORIENTED_EDGE('',*,*,#10473,.T.);
#10495 = ( GEOMETRIC_REPRESENTATION_CONTEXT(3) 
GLOBAL_UNCERTAINTY_ASSIGNED_CONTEXT((#10499)) 
GLOBAL_UNIT_ASSIGNED_CONTEXT((#10496,#10497,#10498)) 
REPRESENTATION_CONTEXT('Context #1',
  '3D Context with UNIT and UNCERTAINTY') );
#10496 = ( LENGTH_UNIT() NAMED_UNIT(*) SI_UNIT(.MILLI.,.METRE.) );
#10497 = ( NAMED_UNIT(*) PLANE_ANGLE_UNIT() SI_UNIT($,.RADIAN.) );
#10498 = ( NAMED_UNIT(*) SI_UNIT($,.STERADIAN.) SOLID_ANGLE_UNIT() );
#10499 = UNCERTAINTY_MEASURE_WITH_UNIT(LENGTH_MEASURE(1.E-07),#10496,
  'distance_accuracy_value','confusion accuracy');
#10500 = CONTEXT_DEPENDENT_SHAPE_REPRESENTATION(#10501,#10503);
#10501 = ( REPRESENTATION_RELATIONSHIP('','',#10312,#10) 
REPRESENTATION_RELATIONSHIP_WITH_TRANSFORMATION(#10502) 
SHAPE_REPRESENTATION_RELATIONSHIP() );
#10502 = ITEM_DEFINED_TRANSFORMATION('','',#11,#135);
#10503 = PRODUCT_DEFINITION_SHAPE('Placement','Placement of an item',
  #10504);
#10504 = NEXT_ASSEMBLY_USAGE_OCCURRENCE('31','chute_section:3','',#5,
  #10307,$);
#10505 = PRODUCT_RELATED_PRODUCT_CATEGORY('part',$,(#10309));
#10506 = SHAPE_DEFINITION_REPRESENTATION(#10507,#10513);
#10507 = PRODUCT_DEFINITION_SHAPE('','',#10508);
#10508 = PRODUCT_DEFINITION('design','',#10509,#10512);
#10509 = PRODUCT_DEFINITION_FORMATION('','',#10510);
#10510 = PRODUCT('chute_section:4','chute_section:4','',(#10511));
#10511 = PRODUCT_CONTEXT('',#2,'mechanical');
#10512 = PRODUCT_DEFINITION_CONTEXT('part definition',#2,'design');
#10513 = ADVANCED_BREP_SHAPE_REPRESENTATION('',(#11,#10514),#10696);
#10514 = MANIFOLD_SOLID_BREP('',#10515);
#10515 = CLOSED_SHELL('',(#10516,#10604,#10639,#10669));
#10516 = ADVANCED_FACE('',(#10517),#10530,.T.);
#10517 = FACE_BOUND('',#10518,.T.);
#10518 = EDGE_LOOP('',(#10519,#10553,#10576,#10603));
#10519 = ORIENTED_EDGE('',*,*,#10520,.F.);
#10520 = EDGE_CURVE('',#10521,#10521,#10523,.T.);
#10521 = VERTEX_POINT('',#10522);
#10522 = CARTESIAN_POINT('',(2.4384E+03,-9.176278466011E-14,
    -374.6499999999));
#10523 = SURFACE_CURVE('',#10524,(#10529,#10541),.PCURVE_S1.);
#10524 = CIRCLE('',#10525,374.65);
#10525 = AXIS2_PLACEMENT_3D('',#10526,#10527,#10528);
#10526 = CARTESIAN_POINT('',(2.4384E+03,0.,5.414335646492E-13));
#10527 = DIRECTION('',(1.,-0.,2.22044604925E-16));
#10528 = DIRECTION('',(2.22044604925E-16,0.,-1.));
#10529 = PCURVE('',#10530,#10535);
#10530 = CYLINDRICAL_SURFACE('',#10531,374.65);
#10531 = AXIS2_PLACEMENT_3D('',#10532,#10533,#10534);
#10532 = CARTESIAN_POINT('',(-2.4384E+03,0.,-5.414335646492E-13));
#10533 = DIRECTION('',(1.,0.,2.22044604925E-16));
#10534 = DIRECTION('',(2.22044604925E-16,0.,-1.));
#10535 = DEFINITIONAL_REPRESENTATION('',(#10536),#10540);
#10536 = LINE('',#10537,#10538);
#10537 = CARTESIAN_POINT('',(0.,4.8768E+03));
#10538 = VECTOR('',#10539,1.);
#10539 = DIRECTION('',(1.,0.));
#10540 = ( GEOMETRIC_REPRESENTATION_CONTEXT(2) 
PARAMETRIC_REPRESENTATION_CONTEXT() REPRESENTATION_CONTEXT('2D SPACE',''
  ) );
#10541 = PCURVE('',#10542,#10547);
#10542 = PLANE('',#10543);
#10543 = AXIS2_PLACEMENT_3D('',#10544,#10545,#10546);
#10544 = CARTESIAN_POINT('',(2.4384E+03,0.,5.414335646492E-13));
#10545 = DIRECTION('',(1.,0.,2.22044604925E-16));
#10546 = DIRECTION('',(2.22044604925E-16,0.,-1.));
#10547 = DEFINITIONAL_REPRESENTATION('',(#10548),#10552);
#10548 = CIRCLE('',#10549,374.65);
#10549 = AXIS2_PLACEMENT_2D('',#10550,#10551);
#10550 = CARTESIAN_POINT('',(0.,0.));
#10551 = DIRECTION('',(1.,0.));
#10552 = ( GEOMETRIC_REPRESENTATION_CONTEXT(2) 
PARAMETRIC_REPRESENTATION_CONTEXT() REPRESENTATION_CONTEXT('2D SPACE',''
  ) );
#10553 = ORIENTED_EDGE('',*,*,#10554,.F.);
#10554 = EDGE_CURVE('',#10555,#10521,#10557,.T.);
#10555 = VERTEX_POINT('',#10556);
#10556 = CARTESIAN_POINT('',(-2.4384E+03,-9.176278466011E-14,-374.65));
#10557 = SEAM_CURVE('',#10558,(#10562,#10569),.PCURVE_S1.);
#10558 = LINE('',#10559,#10560);
#10559 = CARTESIAN_POINT('',(-2.4384E+03,-9.176278466011E-14,-374.65));
#10560 = VECTOR('',#10561,1.);
#10561 = DIRECTION('',(1.,0.,2.22044604925E-16));
#10562 = PCURVE('',#10530,#10563);
#10563 = DEFINITIONAL_REPRESENTATION('',(#10564),#10568);
#10564 = LINE('',#10565,#10566);
#10565 = CARTESIAN_POINT('',(6.28318530718,-0.));
#10566 = VECTOR('',#10567,1.);
#10567 = DIRECTION('',(0.,1.));
#10568 = ( GEOMETRIC_REPRESENTATION_CONTEXT(2) 
PARAMETRIC_REPRESENTATION_CONTEXT() REPRESENTATION_CONTEXT('2D SPACE',''
  ) );
#10569 = PCURVE('',#10530,#10570);
#10570 = DEFINITIONAL_REPRESENTATION('',(#10571),#10575);
#10571 = LINE('',#10572,#10573);
#10572 = CARTESIAN_POINT('',(0.,-0.));
#10573 = VECTOR('',#10574,1.);
#10574 = DIRECTION('',(0.,1.));
#10575 = ( GEOMETRIC_REPRESENTATION_CONTEXT(2) 
PARAMETRIC_REPRESENTATION_CONTEXT() REPRESENTATION_CONTEXT('2D SPACE',''
  ) );
#10576 = ORIENTED_EDGE('',*,*,#10577,.T.);
#10577 = EDGE_CURVE('',#10555,#10555,#10578,.T.);
#10578 = SURFACE_CURVE('',#10579,(#10584,#10591),.PCURVE_S1.);
#10579 = CIRCLE('',#10580,374.65);
#10580 = AXIS2_PLACEMENT_3D('',#10581,#10582,#10583);
#10581 = CARTESIAN_POINT('',(-2.4384E+03,0.,-5.414335646492E-13));
#10582 = DIRECTION('',(1.,-0.,2.22044604925E-16));
#10583 = DIRECTION('',(2.22044604925E-16,0.,-1.));
#10584 = PCURVE('',#10530,#10585);
#10585 = DEFINITIONAL_REPRESENTATION('',(#10586),#10590);
#10586 = LINE('',#10587,#10588);
#10587 = CARTESIAN_POINT('',(0.,0.));
#10588 = VECTOR('',#10589,1.);
#10589 = DIRECTION('',(1.,0.));
#10590 = ( GEOMETRIC_REPRESENTATION_CONTEXT(2) 
PARAMETRIC_REPRESENTATION_CONTEXT() REPRESENTATION_CONTEXT('2D SPACE',''
  ) );
#10591 = PCURVE('',#10592,#10597);
#10592 = PLANE('',#10593);
#10593 = AXIS2_PLACEMENT_3D('',#10594,#10595,#10596);
#10594 = CARTESIAN_POINT('',(-2.4384E+03,0.,-5.414335646492E-13));
#10595 = DIRECTION('',(1.,0.,2.22044604925E-16));
#10596 = DIRECTION('',(2.22044604925E-16,0.,-1.));
#10597 = DEFINITIONAL_REPRESENTATION('',(#10598),#10602);
#10598 = CIRCLE('',#10599,374.65);
#10599 = AXIS2_PLACEMENT_2D('',#10600,#10601);
#10600 = CARTESIAN_POINT('',(0.,0.));
#10601 = DIRECTION('',(1.,0.));
#10602 = ( GEOMETRIC_REPRESENTATION_CONTEXT(2) 
PARAMETRIC_REPRESENTATION_CONTEXT() REPRESENTATION_CONTEXT('2D SPACE',''
  ) );
#10603 = ORIENTED_EDGE('',*,*,#10554,.T.);
#10604 = ADVANCED_FACE('',(#10605,#10608),#10542,.T.);
#10605 = FACE_BOUND('',#10606,.T.);
#10606 = EDGE_LOOP('',(#10607));
#10607 = ORIENTED_EDGE('',*,*,#10520,.T.);
#10608 = FACE_BOUND('',#10609,.T.);
#10609 = EDGE_LOOP('',(#10610));
#10610 = ORIENTED_EDGE('',*,*,#10611,.F.);
#10611 = EDGE_CURVE('',#10612,#10612,#10614,.T.);
#10612 = VERTEX_POINT('',#10613);
#10613 = CARTESIAN_POINT('',(2.4384E+03,-9.098513394265E-14,
    -371.4749999999));
#10614 = SURFACE_CURVE('',#10615,(#10620,#10627),.PCURVE_S1.);
#10615 = CIRCLE('',#10616,371.475);
#10616 = AXIS2_PLACEMENT_3D('',#10617,#10618,#10619);
#10617 = CARTESIAN_POINT('',(2.4384E+03,0.,5.414335646492E-13));
#10618 = DIRECTION('',(1.,0.,2.22044604925E-16));
#10619 = DIRECTION('',(2.22044604925E-16,0.,-1.));
#10620 = PCURVE('',#10542,#10621);
#10621 = DEFINITIONAL_REPRESENTATION('',(#10622),#10626);
#10622 = CIRCLE('',#10623,371.475);
#10623 = AXIS2_PLACEMENT_2D('',#10624,#10625);
#10624 = CARTESIAN_POINT('',(0.,0.));
#10625 = DIRECTION('',(1.,0.));
#10626 = ( GEOMETRIC_REPRESENTATION_CONTEXT(2) 
PARAMETRIC_REPRESENTATION_CONTEXT() REPRESENTATION_CONTEXT('2D SPACE',''
  ) );
#10627 = PCURVE('',#10628,#10633);
#10628 = CYLINDRICAL_SURFACE('',#10629,371.475);
#10629 = AXIS2_PLACEMENT_3D('',#10630,#10631,#10632);
#10630 = CARTESIAN_POINT('',(-2.4394E+03,0.,-5.416556092541E-13));
#10631 = DIRECTION('',(1.,0.,2.22044604925E-16));
#10632 = DIRECTION('',(2.22044604925E-16,0.,-1.));
#10633 = DEFINITIONAL_REPRESENTATION('',(#10634),#10638);
#10634 = LINE('',#10635,#10636);
#10635 = CARTESIAN_POINT('',(0.,4.8778E+03));
#10636 = VECTOR('',#10637,1.);
#10637 = DIRECTION('',(1.,0.));
#10638 = ( GEOMETRIC_REPRESENTATION_CONTEXT(2) 
PARAMETRIC_REPRESENTATION_CONTEXT() REPRESENTATION_CONTEXT('2D SPACE',''
  ) );
#10639 = ADVANCED_FACE('',(#10640,#10643),#10592,.F.);
#10640 = FACE_BOUND('',#10641,.F.);
#10641 = EDGE_LOOP('',(#10642));
#10642 = ORIENTED_EDGE('',*,*,#10577,.T.);
#10643 = FACE_BOUND('',#10644,.F.);
#10644 = EDGE_LOOP('',(#10645));
#10645 = ORIENTED_EDGE('',*,*,#10646,.F.);
#10646 = EDGE_CURVE('',#10647,#10647,#10649,.T.);
#10647 = VERTEX_POINT('',#10648);
#10648 = CARTESIAN_POINT('',(-2.4384E+03,-9.098513394265E-14,-371.475));
#10649 = SURFACE_CURVE('',#10650,(#10655,#10662),.PCURVE_S1.);
#10650 = CIRCLE('',#10651,371.475);
#10651 = AXIS2_PLACEMENT_3D('',#10652,#10653,#10654);
#10652 = CARTESIAN_POINT('',(-2.4384E+03,0.,-5.414335646492E-13));
#10653 = DIRECTION('',(1.,0.,2.22044604925E-16));
#10654 = DIRECTION('',(2.22044604925E-16,0.,-1.));
#10655 = PCURVE('',#10592,#10656);
#10656 = DEFINITIONAL_REPRESENTATION('',(#10657),#10661);
#10657 = CIRCLE('',#10658,371.475);
#10658 = AXIS2_PLACEMENT_2D('',#10659,#10660);
#10659 = CARTESIAN_POINT('',(0.,0.));
#10660 = DIRECTION('',(1.,0.));
#10661 = ( GEOMETRIC_REPRESENTATION_CONTEXT(2) 
PARAMETRIC_REPRESENTATION_CONTEXT() REPRESENTATION_CONTEXT('2D SPACE',''
  ) );
#10662 = PCURVE('',#10628,#10663);
#10663 = DEFINITIONAL_REPRESENTATION('',(#10664),#10668);
#10664 = LINE('',#10665,#10666);
#10665 = CARTESIAN_POINT('',(0.,1.));
#10666 = VECTOR('',#10667,1.);
#10667 = DIRECTION('',(1.,0.));
#10668 = ( GEOMETRIC_REPRESENTATION_CONTEXT(2) 
PARAMETRIC_REPRESENTATION_CONTEXT() REPRESENTATION_CONTEXT('2D SPACE',''
  ) );
#10669 = ADVANCED_FACE('',(#10670),#10628,.F.);
#10670 = FACE_BOUND('',#10671,.F.);
#10671 = EDGE_LOOP('',(#10672,#10673,#10694,#10695));
#10672 = ORIENTED_EDGE('',*,*,#10611,.F.);
#10673 = ORIENTED_EDGE('',*,*,#10674,.F.);
#10674 = EDGE_CURVE('',#10647,#10612,#10675,.T.);
#10675 = SEAM_CURVE('',#10676,(#10680,#10687),.PCURVE_S1.);
#10676 = LINE('',#10677,#10678);
#10677 = CARTESIAN_POINT('',(-2.4394E+03,-9.098513394265E-14,-371.475));
#10678 = VECTOR('',#10679,1.);
#10679 = DIRECTION('',(1.,0.,2.22044604925E-16));
#10680 = PCURVE('',#10628,#10681);
#10681 = DEFINITIONAL_REPRESENTATION('',(#10682),#10686);
#10682 = LINE('',#10683,#10684);
#10683 = CARTESIAN_POINT('',(6.28318530718,-0.));
#10684 = VECTOR('',#10685,1.);
#10685 = DIRECTION('',(0.,1.));
#10686 = ( GEOMETRIC_REPRESENTATION_CONTEXT(2) 
PARAMETRIC_REPRESENTATION_CONTEXT() REPRESENTATION_CONTEXT('2D SPACE',''
  ) );
#10687 = PCURVE('',#10628,#10688);
#10688 = DEFINITIONAL_REPRESENTATION('',(#10689),#10693);
#10689 = LINE('',#10690,#10691);
#10690 = CARTESIAN_POINT('',(0.,-0.));
#10691 = VECTOR('',#10692,1.);
#10692 = DIRECTION('',(0.,1.));
#10693 = ( GEOMETRIC_REPRESENTATION_CONTEXT(2) 
PARAMETRIC_REPRESENTATION_CONTEXT() REPRESENTATION_CONTEXT('2D SPACE',''
  ) );
#10694 = ORIENTED_EDGE('',*,*,#10646,.T.);
#10695 = ORIENTED_EDGE('',*,*,#10674,.T.);
#10696 = ( GEOMETRIC_REPRESENTATION_CONTEXT(3) 
GLOBAL_UNCERTAINTY_ASSIGNED_CONTEXT((#10700)) 
GLOBAL_UNIT_ASSIGNED_CONTEXT((#10697,#10698,#10699)) 
REPRESENTATION_CONTEXT('Context #1',
  '3D Context with UNIT and UNCERTAINTY') );
#10697 = ( LENGTH_UNIT() NAMED_UNIT(*) SI_UNIT(.MILLI.,.METRE.) );
#10698 = ( NAMED_UNIT(*) PLANE_ANGLE_UNIT() SI_UNIT($,.RADIAN.) );
#10699 = ( NAMED_UNIT(*) SI_UNIT($,.STERADIAN.) SOLID_ANGLE_UNIT() );
#10700 = UNCERTAINTY_MEASURE_WITH_UNIT(LENGTH_MEASURE(1.E-07),#10697,
  'distance_accuracy_value','confusion accuracy');
#10701 = CONTEXT_DEPENDENT_SHAPE_REPRESENTATION(#10702,#10704);
#10702 = ( REPRESENTATION_RELATIONSHIP('','',#10513,#10) 
REPRESENTATION_RELATIONSHIP_WITH_TRANSFORMATION(#10703) 
SHAPE_REPRESENTATION_RELATIONSHIP() );
#10703 = ITEM_DEFINED_TRANSFORMATION('','',#11,#139);
#10704 = PRODUCT_DEFINITION_SHAPE('Placement','Placement of an item',
  #10705);
#10705 = NEXT_ASSEMBLY_USAGE_OCCURRENCE('32','chute_section:4','',#5,
  #10508,$);
#10706 = PRODUCT_RELATED_PRODUCT_CATEGORY('part',$,(#10510));
#10707 = SHAPE_DEFINITION_REPRESENTATION(#10708,#10714);
#10708 = PRODUCT_DEFINITION_SHAPE('','',#10709);
#10709 = PRODUCT_DEFINITION('design','',#10710,#10713);
#10710 = PRODUCT_DEFINITION_FORMATION('','',#10711);
#10711 = PRODUCT('hopper','hopper','',(#10712));
#10712 = PRODUCT_CONTEXT('',#2,'mechanical');
#10713 = PRODUCT_DEFINITION_CONTEXT('part definition',#2,'design');
#10714 = ADVANCED_BREP_SHAPE_REPRESENTATION('',(#11,#10715),#11494);
#10715 = MANIFOLD_SOLID_BREP('',#10716);
#10716 = CLOSED_SHELL('',(#10717,#10834,#11004,#11224,#11355,#11381,
    #11388,#11434,#11460,#11487));
#10717 = ADVANCED_FACE('',(#10718),#10732,.F.);
#10718 = FACE_BOUND('',#10719,.F.);
#10719 = EDGE_LOOP('',(#10720,#10754,#10781,#10809));
#10720 = ORIENTED_EDGE('',*,*,#10721,.F.);
#10721 = EDGE_CURVE('',#10722,#10724,#10726,.T.);
#10722 = VERTEX_POINT('',#10723);
#10723 = CARTESIAN_POINT('',(-7.4676E+03,-381.,3.0988E+03));
#10724 = VERTEX_POINT('',#10725);
#10725 = CARTESIAN_POINT('',(-7.4676E+03,-381.,3.8608E+03));
#10726 = SURFACE_CURVE('',#10727,(#10731,#10742),.PCURVE_S1.);
#10727 = LINE('',#10728,#10729);
#10728 = CARTESIAN_POINT('',(-7.4676E+03,-381.,3.4798E+03));
#10729 = VECTOR('',#10730,1.);
#10730 = DIRECTION('',(0.,0.,1.));
#10731 = PCURVE('',#10732,#10737);
#10732 = B_SPLINE_SURFACE_WITH_KNOTS('',1,1,(
    (#10733,#10734)
    ,(#10735,#10736
    )),.UNSPECIFIED.,.F.,.F.,.F.,(2,2),(2,2),(-1.397E+03,1.397E+03),(0.,
    1.),.PIECEWISE_BEZIER_KNOTS.);
#10733 = CARTESIAN_POINT('',(-7.4676E+03,-381.,3.8608E+03));
#10734 = CARTESIAN_POINT('',(-8.8392E+03,-685.8,3.937E+03));
#10735 = CARTESIAN_POINT('',(-7.4676E+03,-381.,3.0988E+03));
#10736 = CARTESIAN_POINT('',(-8.8392E+03,-685.8,1.143E+03));
#10737 = DEFINITIONAL_REPRESENTATION('',(#10738),#10741);
#10738 = B_SPLINE_CURVE_WITH_KNOTS('',1,(#10739,#10740),.UNSPECIFIED.,
  .F.,.F.,(2,2),(-381.,381.),.PIECEWISE_BEZIER_KNOTS.);
#10739 = CARTESIAN_POINT('',(1.397E+03,0.));
#10740 = CARTESIAN_POINT('',(-1.397E+03,0.));
#10741 = ( GEOMETRIC_REPRESENTATION_CONTEXT(2) 
PARAMETRIC_REPRESENTATION_CONTEXT() REPRESENTATION_CONTEXT('2D SPACE',''
  ) );
#10742 = PCURVE('',#10743,#10748);
#10743 = PLANE('',#10744);
#10744 = AXIS2_PLACEMENT_3D('',#10745,#10746,#10747);
#10745 = CARTESIAN_POINT('',(-7.4676E+03,-381.,3.0988E+03));
#10746 = DIRECTION('',(1.,0.,0.));
#10747 = DIRECTION('',(-0.,0.707106781187,0.707106781187));
#10748 = DEFINITIONAL_REPRESENTATION('',(#10749),#10753);
#10749 = LINE('',#10750,#10751);
#10750 = CARTESIAN_POINT('',(269.40768363207,269.40768363207));
#10751 = VECTOR('',#10752,1.);
#10752 = DIRECTION('',(0.707106781187,0.707106781187));
#10753 = ( GEOMETRIC_REPRESENTATION_CONTEXT(2) 
PARAMETRIC_REPRESENTATION_CONTEXT() REPRESENTATION_CONTEXT('2D SPACE',''
  ) );
#10754 = ORIENTED_EDGE('',*,*,#10755,.T.);
#10755 = EDGE_CURVE('',#10722,#10756,#10758,.T.);
#10756 = VERTEX_POINT('',#10757);
#10757 = CARTESIAN_POINT('',(-8.8392E+03,-685.8,1.143E+03));
#10758 = SURFACE_CURVE('',#10759,(#10762,#10769),.PCURVE_S1.);
#10759 = B_SPLINE_CURVE_WITH_KNOTS('',1,(#10760,#10761),.UNSPECIFIED.,
  .F.,.F.,(2,2),(0.,1.),.PIECEWISE_BEZIER_KNOTS.);
#10760 = CARTESIAN_POINT('',(-7.4676E+03,-381.,3.0988E+03));
#10761 = CARTESIAN_POINT('',(-8.8392E+03,-685.8,1.143E+03));
#10762 = PCURVE('',#10732,#10763);
#10763 = DEFINITIONAL_REPRESENTATION('',(#10764),#10768);
#10764 = LINE('',#10765,#10766);
#10765 = CARTESIAN_POINT('',(1.397E+03,0.));
#10766 = VECTOR('',#10767,1.);
#10767 = DIRECTION('',(0.,1.));
#10768 = ( GEOMETRIC_REPRESENTATION_CONTEXT(2) 
PARAMETRIC_REPRESENTATION_CONTEXT() REPRESENTATION_CONTEXT('2D SPACE',''
  ) );
#10769 = PCURVE('',#10770,#10775);
#10770 = B_SPLINE_SURFACE_WITH_KNOTS('',1,1,(
    (#10771,#10772)
    ,(#10773,#10774
    )),.UNSPECIFIED.,.F.,.F.,.F.,(2,2),(2,2),(-685.8,685.8),(0.,1.),
  .PIECEWISE_BEZIER_KNOTS.);
#10771 = CARTESIAN_POINT('',(-7.4676E+03,-381.,3.0988E+03));
#10772 = CARTESIAN_POINT('',(-8.8392E+03,-685.8,1.143E+03));
#10773 = CARTESIAN_POINT('',(-7.4676E+03,381.,3.0988E+03));
#10774 = CARTESIAN_POINT('',(-8.8392E+03,685.8,1.143E+03));
#10775 = DEFINITIONAL_REPRESENTATION('',(#10776),#10780);
#10776 = LINE('',#10777,#10778);
#10777 = CARTESIAN_POINT('',(-685.8,0.));
#10778 = VECTOR('',#10779,1.);
#10779 = DIRECTION('',(0.,1.));
#10780 = ( GEOMETRIC_REPRESENTATION_CONTEXT(2) 
PARAMETRIC_REPRESENTATION_CONTEXT() REPRESENTATION_CONTEXT('2D SPACE',''
  ) );
#10781 = ORIENTED_EDGE('',*,*,#10782,.T.);
#10782 = EDGE_CURVE('',#10756,#10783,#10785,.T.);
#10783 = VERTEX_POINT('',#10784);
#10784 = CARTESIAN_POINT('',(-8.8392E+03,-685.8,3.937E+03));
#10785 = SURFACE_CURVE('',#10786,(#10790,#10797),.PCURVE_S1.);
#10786 = LINE('',#10787,#10788);
#10787 = CARTESIAN_POINT('',(-8.8392E+03,-685.8,2.54E+03));
#10788 = VECTOR('',#10789,1.);
#10789 = DIRECTION('',(0.,0.,1.));
#10790 = PCURVE('',#10732,#10791);
#10791 = DEFINITIONAL_REPRESENTATION('',(#10792),#10796);
#10792 = LINE('',#10793,#10794);
#10793 = CARTESIAN_POINT('',(0.,1.));
#10794 = VECTOR('',#10795,1.);
#10795 = DIRECTION('',(-1.,0.));
#10796 = ( GEOMETRIC_REPRESENTATION_CONTEXT(2) 
PARAMETRIC_REPRESENTATION_CONTEXT() REPRESENTATION_CONTEXT('2D SPACE',''
  ) );
#10797 = PCURVE('',#10798,#10803);
#10798 = PLANE('',#10799);
#10799 = AXIS2_PLACEMENT_3D('',#10800,#10801,#10802);
#10800 = CARTESIAN_POINT('',(-8.8392E+03,-685.8,1.143E+03));
#10801 = DIRECTION('',(1.,0.,0.));
#10802 = DIRECTION('',(-0.,0.440673190639,0.897667610562));
#10803 = DEFINITIONAL_REPRESENTATION('',(#10804),#10808);
#10804 = LINE('',#10805,#10806);
#10805 = CARTESIAN_POINT('',(1.254041651955E+03,615.62044732326));
#10806 = VECTOR('',#10807,1.);
#10807 = DIRECTION('',(0.897667610562,0.440673190639));
#10808 = ( GEOMETRIC_REPRESENTATION_CONTEXT(2) 
PARAMETRIC_REPRESENTATION_CONTEXT() REPRESENTATION_CONTEXT('2D SPACE',''
  ) );
#10809 = ORIENTED_EDGE('',*,*,#10810,.F.);
#10810 = EDGE_CURVE('',#10724,#10783,#10811,.T.);
#10811 = SURFACE_CURVE('',#10812,(#10815,#10822),.PCURVE_S1.);
#10812 = B_SPLINE_CURVE_WITH_KNOTS('',1,(#10813,#10814),.UNSPECIFIED.,
  .F.,.F.,(2,2),(0.,1.),.PIECEWISE_BEZIER_KNOTS.);
#10813 = CARTESIAN_POINT('',(-7.4676E+03,-381.,3.8608E+03));
#10814 = CARTESIAN_POINT('',(-8.8392E+03,-685.8,3.937E+03));
#10815 = PCURVE('',#10732,#10816);
#10816 = DEFINITIONAL_REPRESENTATION('',(#10817),#10821);
#10817 = LINE('',#10818,#10819);
#10818 = CARTESIAN_POINT('',(-1.397E+03,0.));
#10819 = VECTOR('',#10820,1.);
#10820 = DIRECTION('',(0.,1.));
#10821 = ( GEOMETRIC_REPRESENTATION_CONTEXT(2) 
PARAMETRIC_REPRESENTATION_CONTEXT() REPRESENTATION_CONTEXT('2D SPACE',''
  ) );
#10822 = PCURVE('',#10823,#10828);
#10823 = B_SPLINE_SURFACE_WITH_KNOTS('',1,1,(
    (#10824,#10825)
    ,(#10826,#10827
    )),.UNSPECIFIED.,.F.,.F.,.F.,(2,2),(2,2),(-685.8,685.8),(0.,1.),
  .PIECEWISE_BEZIER_KNOTS.);
#10824 = CARTESIAN_POINT('',(-7.4676E+03,381.,3.8608E+03));
#10825 = CARTESIAN_POINT('',(-8.8392E+03,685.8,3.937E+03));
#10826 = CARTESIAN_POINT('',(-7.4676E+03,-381.,3.8608E+03));
#10827 = CARTESIAN_POINT('',(-8.8392E+03,-685.8,3.937E+03));
#10828 = DEFINITIONAL_REPRESENTATION('',(#10829),#10833);
#10829 = LINE('',#10830,#10831);
#10830 = CARTESIAN_POINT('',(685.8,0.));
#10831 = VECTOR('',#10832,1.);
#10832 = DIRECTION('',(0.,1.));
#10833 = ( GEOMETRIC_REPRESENTATION_CONTEXT(2) 
PARAMETRIC_REPRESENTATION_CONTEXT() REPRESENTATION_CONTEXT('2D SPACE',''
  ) );
#10834 = ADVANCED_FACE('',(#10835),#10743,.T.);
#10835 = FACE_BOUND('',#10836,.T.);
#10836 = EDGE_LOOP('',(#10837,#10838,#10860,#10885,#10910,#10935,#10957,
    #10984));
#10837 = ORIENTED_EDGE('',*,*,#10721,.F.);
#10838 = ORIENTED_EDGE('',*,*,#10839,.T.);
#10839 = EDGE_CURVE('',#10722,#10840,#10842,.T.);
#10840 = VERTEX_POINT('',#10841);
#10841 = CARTESIAN_POINT('',(-7.4676E+03,-380.0152845645,3.0988E+03));
#10842 = SURFACE_CURVE('',#10843,(#10847,#10854),.PCURVE_S1.);
#10843 = LINE('',#10844,#10845);
#10844 = CARTESIAN_POINT('',(-7.4676E+03,0.,3.0988E+03));
#10845 = VECTOR('',#10846,1.);
#10846 = DIRECTION('',(0.,1.,0.));
#10847 = PCURVE('',#10743,#10848);
#10848 = DEFINITIONAL_REPRESENTATION('',(#10849),#10853);
#10849 = LINE('',#10850,#10851);
#10850 = CARTESIAN_POINT('',(269.40768363207,-269.407683632));
#10851 = VECTOR('',#10852,1.);
#10852 = DIRECTION('',(0.707106781187,-0.707106781187));
#10853 = ( GEOMETRIC_REPRESENTATION_CONTEXT(2) 
PARAMETRIC_REPRESENTATION_CONTEXT() REPRESENTATION_CONTEXT('2D SPACE',''
  ) );
#10854 = PCURVE('',#10770,#10855);
#10855 = DEFINITIONAL_REPRESENTATION('',(#10856),#10859);
#10856 = B_SPLINE_CURVE_WITH_KNOTS('',1,(#10857,#10858),.UNSPECIFIED.,
  .F.,.F.,(2,2),(-381.,381.),.PIECEWISE_BEZIER_KNOTS.);
#10857 = CARTESIAN_POINT('',(-685.8,0.));
#10858 = CARTESIAN_POINT('',(685.8,0.));
#10859 = ( GEOMETRIC_REPRESENTATION_CONTEXT(2) 
PARAMETRIC_REPRESENTATION_CONTEXT() REPRESENTATION_CONTEXT('2D SPACE',''
  ) );
#10860 = ORIENTED_EDGE('',*,*,#10861,.T.);
#10861 = EDGE_CURVE('',#10840,#10862,#10864,.T.);
#10862 = VERTEX_POINT('',#10863);
#10863 = CARTESIAN_POINT('',(-7.4676E+03,-380.0152845645,
    3.858172571141E+03));
#10864 = SURFACE_CURVE('',#10865,(#10868,#10874),.PCURVE_S1.);
#10865 = B_SPLINE_CURVE_WITH_KNOTS('',1,(#10866,#10867),.UNSPECIFIED.,
  .F.,.F.,(2,2),(0.,1.),.PIECEWISE_BEZIER_KNOTS.);
#10866 = CARTESIAN_POINT('',(-7.4676E+03,-380.0152845645,
    3.097815284565E+03));
#10867 = CARTESIAN_POINT('',(-7.4676E+03,-380.0152845645,
    3.858172571141E+03));
#10868 = PCURVE('',#10743,#10869);
#10869 = DEFINITIONAL_REPRESENTATION('',(#10870),#10873);
#10870 = B_SPLINE_CURVE_WITH_KNOTS('',1,(#10871,#10872),.UNSPECIFIED.,
  .F.,.F.,(2,2),(0.,1.),.PIECEWISE_BEZIER_KNOTS.);
#10871 = CARTESIAN_POINT('',(0.,-1.39259792392));
#10872 = CARTESIAN_POINT('',(537.65379346291,536.26119553899));
#10873 = ( GEOMETRIC_REPRESENTATION_CONTEXT(2) 
PARAMETRIC_REPRESENTATION_CONTEXT() REPRESENTATION_CONTEXT('2D SPACE',''
  ) );
#10874 = PCURVE('',#10875,#10880);
#10875 = B_SPLINE_SURFACE_WITH_KNOTS('',1,1,(
    (#10876,#10877)
    ,(#10878,#10879
    )),.UNSPECIFIED.,.F.,.F.,.F.,(2,2),(2,2),(-1.393825E+03,1.393825E+03
    ),(0.,1.),.PIECEWISE_BEZIER_KNOTS.);
#10876 = CARTESIAN_POINT('',(-7.4576E+03,-377.825,3.857625E+03));
#10877 = CARTESIAN_POINT('',(-8.8492E+03,-682.625,3.933825E+03));
#10878 = CARTESIAN_POINT('',(-7.4576E+03,-377.825,3.101975E+03));
#10879 = CARTESIAN_POINT('',(-8.8492E+03,-682.625,1.146175E+03));
#10880 = DEFINITIONAL_REPRESENTATION('',(#10881),#10884);
#10881 = B_SPLINE_CURVE_WITH_KNOTS('',1,(#10882,#10883),.UNSPECIFIED.,
  .F.,.F.,(2,2),(0.,1.),.PIECEWISE_BEZIER_KNOTS.);
#10882 = CARTESIAN_POINT('',(1.358015012227E+03,7.185972980742E-03));
#10883 = CARTESIAN_POINT('',(-1.393825E+03,7.185972980742E-03));
#10884 = ( GEOMETRIC_REPRESENTATION_CONTEXT(2) 
PARAMETRIC_REPRESENTATION_CONTEXT() REPRESENTATION_CONTEXT('2D SPACE',''
  ) );
#10885 = ORIENTED_EDGE('',*,*,#10886,.T.);
#10886 = EDGE_CURVE('',#10862,#10887,#10889,.T.);
#10887 = VERTEX_POINT('',#10888);
#10888 = CARTESIAN_POINT('',(-7.4676E+03,380.01528456453,
    3.858172571141E+03));
#10889 = SURFACE_CURVE('',#10890,(#10893,#10899),.PCURVE_S1.);
#10890 = B_SPLINE_CURVE_WITH_KNOTS('',1,(#10891,#10892),.UNSPECIFIED.,
  .F.,.F.,(2,2),(0.,1.),.PIECEWISE_BEZIER_KNOTS.);
#10891 = CARTESIAN_POINT('',(-7.4676E+03,-380.0152845645,
    3.858172571141E+03));
#10892 = CARTESIAN_POINT('',(-7.4676E+03,380.01528456453,
    3.858172571141E+03));
#10893 = PCURVE('',#10743,#10894);
#10894 = DEFINITIONAL_REPRESENTATION('',(#10895),#10898);
#10895 = B_SPLINE_CURVE_WITH_KNOTS('',1,(#10896,#10897),.UNSPECIFIED.,
  .F.,.F.,(2,2),(0.,1.),.PIECEWISE_BEZIER_KNOTS.);
#10896 = CARTESIAN_POINT('',(537.65379346291,536.26119553899));
#10897 = CARTESIAN_POINT('',(1.075076562803E+03,-1.16157380123));
#10898 = ( GEOMETRIC_REPRESENTATION_CONTEXT(2) 
PARAMETRIC_REPRESENTATION_CONTEXT() REPRESENTATION_CONTEXT('2D SPACE',''
  ) );
#10899 = PCURVE('',#10900,#10905);
#10900 = B_SPLINE_SURFACE_WITH_KNOTS('',1,1,(
    (#10901,#10902)
    ,(#10903,#10904
    )),.UNSPECIFIED.,.F.,.F.,.F.,(2,2),(2,2),(-682.625,682.625),(0.,1.),
  .PIECEWISE_BEZIER_KNOTS.);
#10901 = CARTESIAN_POINT('',(-7.4576E+03,377.825,3.857625E+03));
#10902 = CARTESIAN_POINT('',(-8.8492E+03,682.625,3.933825E+03));
#10903 = CARTESIAN_POINT('',(-7.4576E+03,-377.825,3.857625E+03));
#10904 = CARTESIAN_POINT('',(-8.8492E+03,-682.625,3.933825E+03));
#10905 = DEFINITIONAL_REPRESENTATION('',(#10906),#10909);
#10906 = B_SPLINE_CURVE_WITH_KNOTS('',1,(#10907,#10908),.UNSPECIFIED.,
  .F.,.F.,(2,2),(0.,1.),.PIECEWISE_BEZIER_KNOTS.);
#10907 = CARTESIAN_POINT('',(682.625,7.185972980742E-03));
#10908 = CARTESIAN_POINT('',(-682.625,7.185972980742E-03));
#10909 = ( GEOMETRIC_REPRESENTATION_CONTEXT(2) 
PARAMETRIC_REPRESENTATION_CONTEXT() REPRESENTATION_CONTEXT('2D SPACE',''
  ) );
#10910 = ORIENTED_EDGE('',*,*,#10911,.T.);
#10911 = EDGE_CURVE('',#10887,#10912,#10914,.T.);
#10912 = VERTEX_POINT('',#10913);
#10913 = CARTESIAN_POINT('',(-7.4676E+03,380.01528456453,3.0988E+03));
#10914 = SURFACE_CURVE('',#10915,(#10918,#10924),.PCURVE_S1.);
#10915 = B_SPLINE_CURVE_WITH_KNOTS('',1,(#10916,#10917),.UNSPECIFIED.,
  .F.,.F.,(2,2),(0.,1.),.PIECEWISE_BEZIER_KNOTS.);
#10916 = CARTESIAN_POINT('',(-7.4676E+03,380.01528456453,
    3.858172571141E+03));
#10917 = CARTESIAN_POINT('',(-7.4676E+03,380.01528456453,
    3.097815284565E+03));
#10918 = PCURVE('',#10743,#10919);
#10919 = DEFINITIONAL_REPRESENTATION('',(#10920),#10923);
#10920 = B_SPLINE_CURVE_WITH_KNOTS('',1,(#10921,#10922),.UNSPECIFIED.,
  .F.,.F.,(2,2),(0.,1.),.PIECEWISE_BEZIER_KNOTS.);
#10921 = CARTESIAN_POINT('',(1.075076562803E+03,-1.161573801231));
#10922 = CARTESIAN_POINT('',(537.42276934022,-538.8153672641));
#10923 = ( GEOMETRIC_REPRESENTATION_CONTEXT(2) 
PARAMETRIC_REPRESENTATION_CONTEXT() REPRESENTATION_CONTEXT('2D SPACE',''
  ) );
#10924 = PCURVE('',#10925,#10930);
#10925 = B_SPLINE_SURFACE_WITH_KNOTS('',1,1,(
    (#10926,#10927)
    ,(#10928,#10929
    )),.UNSPECIFIED.,.F.,.F.,.F.,(2,2),(2,2),(-1.393825E+03,1.393825E+03
    ),(0.,1.),.PIECEWISE_BEZIER_KNOTS.);
#10926 = CARTESIAN_POINT('',(-7.4576E+03,377.825,3.101975E+03));
#10927 = CARTESIAN_POINT('',(-8.8492E+03,682.625,1.146175E+03));
#10928 = CARTESIAN_POINT('',(-7.4576E+03,377.825,3.857625E+03));
#10929 = CARTESIAN_POINT('',(-8.8492E+03,682.625,3.933825E+03));
#10930 = DEFINITIONAL_REPRESENTATION('',(#10931),#10934);
#10931 = B_SPLINE_CURVE_WITH_KNOTS('',1,(#10932,#10933),.UNSPECIFIED.,
  .F.,.F.,(2,2),(0.,1.),.PIECEWISE_BEZIER_KNOTS.);
#10932 = CARTESIAN_POINT('',(1.393825E+03,7.185972980742E-03));
#10933 = CARTESIAN_POINT('',(-1.358015012227E+03,7.185972980742E-03));
#10934 = ( GEOMETRIC_REPRESENTATION_CONTEXT(2) 
PARAMETRIC_REPRESENTATION_CONTEXT() REPRESENTATION_CONTEXT('2D SPACE',''
  ) );
#10935 = ORIENTED_EDGE('',*,*,#10936,.T.);
#10936 = EDGE_CURVE('',#10912,#10937,#10939,.T.);
#10937 = VERTEX_POINT('',#10938);
#10938 = CARTESIAN_POINT('',(-7.4676E+03,381.,3.0988E+03));
#10939 = SURFACE_CURVE('',#10940,(#10944,#10951),.PCURVE_S1.);
#10940 = LINE('',#10941,#10942);
#10941 = CARTESIAN_POINT('',(-7.4676E+03,0.,3.0988E+03));
#10942 = VECTOR('',#10943,1.);
#10943 = DIRECTION('',(0.,1.,0.));
#10944 = PCURVE('',#10743,#10945);
#10945 = DEFINITIONAL_REPRESENTATION('',(#10946),#10950);
#10946 = LINE('',#10947,#10948);
#10947 = CARTESIAN_POINT('',(269.40768363207,-269.407683632));
#10948 = VECTOR('',#10949,1.);
#10949 = DIRECTION('',(0.707106781187,-0.707106781187));
#10950 = ( GEOMETRIC_REPRESENTATION_CONTEXT(2) 
PARAMETRIC_REPRESENTATION_CONTEXT() REPRESENTATION_CONTEXT('2D SPACE',''
  ) );
#10951 = PCURVE('',#10770,#10952);
#10952 = DEFINITIONAL_REPRESENTATION('',(#10953),#10956);
#10953 = B_SPLINE_CURVE_WITH_KNOTS('',1,(#10954,#10955),.UNSPECIFIED.,
  .F.,.F.,(2,2),(-381.,381.),.PIECEWISE_BEZIER_KNOTS.);
#10954 = CARTESIAN_POINT('',(-685.8,0.));
#10955 = CARTESIAN_POINT('',(685.8,0.));
#10956 = ( GEOMETRIC_REPRESENTATION_CONTEXT(2) 
PARAMETRIC_REPRESENTATION_CONTEXT() REPRESENTATION_CONTEXT('2D SPACE',''
  ) );
#10957 = ORIENTED_EDGE('',*,*,#10958,.T.);
#10958 = EDGE_CURVE('',#10937,#10959,#10961,.T.);
#10959 = VERTEX_POINT('',#10960);
#10960 = CARTESIAN_POINT('',(-7.4676E+03,381.,3.8608E+03));
#10961 = SURFACE_CURVE('',#10962,(#10966,#10973),.PCURVE_S1.);
#10962 = LINE('',#10963,#10964);
#10963 = CARTESIAN_POINT('',(-7.4676E+03,381.,3.4798E+03));
#10964 = VECTOR('',#10965,1.);
#10965 = DIRECTION('',(0.,0.,1.));
#10966 = PCURVE('',#10743,#10967);
#10967 = DEFINITIONAL_REPRESENTATION('',(#10968),#10972);
#10968 = LINE('',#10969,#10970);
#10969 = CARTESIAN_POINT('',(808.22305089622,-269.407683632));
#10970 = VECTOR('',#10971,1.);
#10971 = DIRECTION('',(0.707106781187,0.707106781187));
#10972 = ( GEOMETRIC_REPRESENTATION_CONTEXT(2) 
PARAMETRIC_REPRESENTATION_CONTEXT() REPRESENTATION_CONTEXT('2D SPACE',''
  ) );
#10973 = PCURVE('',#10974,#10979);
#10974 = B_SPLINE_SURFACE_WITH_KNOTS('',1,1,(
    (#10975,#10976)
    ,(#10977,#10978
    )),.UNSPECIFIED.,.F.,.F.,.F.,(2,2),(2,2),(-1.397E+03,1.397E+03),(0.,
    1.),.PIECEWISE_BEZIER_KNOTS.);
#10975 = CARTESIAN_POINT('',(-7.4676E+03,381.,3.0988E+03));
#10976 = CARTESIAN_POINT('',(-8.8392E+03,685.8,1.143E+03));
#10977 = CARTESIAN_POINT('',(-7.4676E+03,381.,3.8608E+03));
#10978 = CARTESIAN_POINT('',(-8.8392E+03,685.8,3.937E+03));
#10979 = DEFINITIONAL_REPRESENTATION('',(#10980),#10983);
#10980 = B_SPLINE_CURVE_WITH_KNOTS('',1,(#10981,#10982),.UNSPECIFIED.,
  .F.,.F.,(2,2),(-381.,381.),.PIECEWISE_BEZIER_KNOTS.);
#10981 = CARTESIAN_POINT('',(-1.397E+03,0.));
#10982 = CARTESIAN_POINT('',(1.397E+03,0.));
#10983 = ( GEOMETRIC_REPRESENTATION_CONTEXT(2) 
PARAMETRIC_REPRESENTATION_CONTEXT() REPRESENTATION_CONTEXT('2D SPACE',''
  ) );
#10984 = ORIENTED_EDGE('',*,*,#10985,.F.);
#10985 = EDGE_CURVE('',#10724,#10959,#10986,.T.);
#10986 = SURFACE_CURVE('',#10987,(#10991,#10998),.PCURVE_S1.);
#10987 = LINE('',#10988,#10989);
#10988 = CARTESIAN_POINT('',(-7.4676E+03,0.,3.8608E+03));
#10989 = VECTOR('',#10990,1.);
#10990 = DIRECTION('',(0.,1.,0.));
#10991 = PCURVE('',#10743,#10992);
#10992 = DEFINITIONAL_REPRESENTATION('',(#10993),#10997);
#10993 = LINE('',#10994,#10995);
#10994 = CARTESIAN_POINT('',(808.22305089622,269.40768363207));
#10995 = VECTOR('',#10996,1.);
#10996 = DIRECTION('',(0.707106781187,-0.707106781187));
#10997 = ( GEOMETRIC_REPRESENTATION_CONTEXT(2) 
PARAMETRIC_REPRESENTATION_CONTEXT() REPRESENTATION_CONTEXT('2D SPACE',''
  ) );
#10998 = PCURVE('',#10823,#10999);
#10999 = DEFINITIONAL_REPRESENTATION('',(#11000),#11003);
#11000 = B_SPLINE_CURVE_WITH_KNOTS('',1,(#11001,#11002),.UNSPECIFIED.,
  .F.,.F.,(2,2),(-381.,381.),.PIECEWISE_BEZIER_KNOTS.);
#11001 = CARTESIAN_POINT('',(685.8,0.));
#11002 = CARTESIAN_POINT('',(-685.8,0.));
#11003 = ( GEOMETRIC_REPRESENTATION_CONTEXT(2) 
PARAMETRIC_REPRESENTATION_CONTEXT() REPRESENTATION_CONTEXT('2D SPACE',''
  ) );
#11004 = ADVANCED_FACE('',(#11005),#10770,.F.);
#11005 = FACE_BOUND('',#11006,.F.);
#11006 = EDGE_LOOP('',(#11007,#11008,#11009,#11083,#11108,#11180,#11181,
    #11203));
#11007 = ORIENTED_EDGE('',*,*,#10755,.F.);
#11008 = ORIENTED_EDGE('',*,*,#10839,.T.);
#11009 = ORIENTED_EDGE('',*,*,#11010,.F.);
#11010 = EDGE_CURVE('',#11011,#10840,#11013,.T.);
#11011 = VERTEX_POINT('',#11012);
#11012 = CARTESIAN_POINT('',(-7.998471545455E+03,-496.2912597402,
    2.3418165E+03));
#11013 = SURFACE_CURVE('',#11014,(#11035,#11059),.PCURVE_S1.);
#11014 = B_SPLINE_CURVE_WITH_KNOTS('',7,(#11015,#11016,#11017,#11018,
    #11019,#11020,#11021,#11022,#11023,#11024,#11025,#11026,#11027,
    #11028,#11029,#11030,#11031,#11032,#11033,#11034),.UNSPECIFIED.,.F.,
  .F.,(8,6,6,8),(0.,0.279390349523,0.536601806693,1.),.UNSPECIFIED.);
#11015 = CARTESIAN_POINT('',(-7.998471545455E+03,-496.2912597402,
    2.3418165E+03));
#11016 = CARTESIAN_POINT('',(-7.977265486949E+03,-491.6465294783,
    2.37205476861E+03));
#11017 = CARTESIAN_POINT('',(-7.956059872803E+03,-487.0018965438,
    2.402292403595E+03));
#11018 = CARTESIAN_POINT('',(-7.93485475859E+03,-482.3573731089,
    2.432529325714E+03));
#11019 = CARTESIAN_POINT('',(-7.913650219145E+03,-477.7129755644,
    2.462765428256E+03));
#11020 = CARTESIAN_POINT('',(-7.89244634977E+03,-473.0687247843,
    2.493000575328E+03));
#11021 = CARTESIAN_POINT('',(-7.871243268435E+03,-468.4246466075,
    2.523234598712E+03));
#11022 = CARTESIAN_POINT('',(-7.830522063396E+03,-459.5055439229,
    2.581300020712E+03));
#11023 = CARTESIAN_POINT('',(-7.811003810056E+03,-455.2304910211,
    2.60913160418E+03));
#11024 = CARTESIAN_POINT('',(-7.791486463943E+03,-450.9556368279,
    2.636961894008E+03));
#11025 = CARTESIAN_POINT('',(-7.771970171063E+03,-446.6810133229,
    2.664790682002E+03));
#11026 = CARTESIAN_POINT('',(-7.752455121045E+03,-442.4066620396,
    2.69261769777E+03));
#11027 = CARTESIAN_POINT('',(-7.732941552188E+03,-438.132635173,
    2.72044260151E+03));
#11028 = CARTESIAN_POINT('',(-7.678276854723E+03,-426.1595108648,
    2.798390410859E+03));
#11029 = CARTESIAN_POINT('',(-7.643130728853E+03,-418.4615091651,
    2.848506182931E+03));
#11030 = CARTESIAN_POINT('',(-7.607991398376E+03,-410.7649958503,
    2.89861226528E+03));
#11031 = CARTESIAN_POINT('',(-7.572861544843E+03,-403.0705582552,
    2.948704834204E+03));
#11032 = CARTESIAN_POINT('',(-7.537746565667E+03,-395.3793785682,
    2.998776193401E+03));
#11033 = CARTESIAN_POINT('',(-7.502654807738E+03,-387.6932849946,
    3.048814440818E+03));
#11034 = CARTESIAN_POINT('',(-7.4676E+03,-380.0152845645,3.0988E+03));
#11035 = PCURVE('',#10770,#11036);
#11036 = DEFINITIONAL_REPRESENTATION('',(#11037),#11058);
#11037 = B_SPLINE_CURVE_WITH_KNOTS('',7,(#11038,#11039,#11040,#11041,
    #11042,#11043,#11044,#11045,#11046,#11047,#11048,#11049,#11050,
    #11051,#11052,#11053,#11054,#11055,#11056,#11057),.UNSPECIFIED.,.F.,
  .F.,(8,6,6,8),(0.,0.279390349523,0.536601806693,1.),.UNSPECIFIED.);
#11038 = CARTESIAN_POINT('',(-682.1162670315,0.387045454545));
#11039 = CARTESIAN_POINT('',(-682.1745626865,0.371584636154));
#11040 = CARTESIAN_POINT('',(-682.2341417699,0.356124141735));
#11041 = CARTESIAN_POINT('',(-682.2950549881,0.340664011804));
#11042 = CARTESIAN_POINT('',(-682.3573563368,0.325204300922));
#11043 = CARTESIAN_POINT('',(-682.4211034448,0.309745078573));
#11044 = CARTESIAN_POINT('',(-682.4863579983,0.294286430764));
#11045 = CARTESIAN_POINT('',(-682.6147094573,0.264597596527));
#11046 = CARTESIAN_POINT('',(-682.6775663911,0.250367315585));
#11047 = CARTESIAN_POINT('',(-682.74180876,0.23613769608));
#11048 = CARTESIAN_POINT('',(-682.8074914894,0.221908844462));
#11049 = CARTESIAN_POINT('',(-682.8746730384,0.207680898983));
#11050 = CARTESIAN_POINT('',(-682.9434157778,0.193454033383));
#11051 = CARTESIAN_POINT('',(-683.1405678488,0.153599339984));
#11052 = CARTESIAN_POINT('',(-683.2726295674,0.12797515956));
#11053 = CARTESIAN_POINT('',(-683.4103673358,0.102355933491));
#11054 = CARTESIAN_POINT('',(-683.5542169364,7.674361682943E-02));
#11055 = CARTESIAN_POINT('',(-683.704659415,5.114214469777E-02));
#11056 = CARTESIAN_POINT('',(-683.8622303257,2.555760260862E-02));
#11057 = CARTESIAN_POINT('',(-684.0275122161,0.));
#11058 = ( GEOMETRIC_REPRESENTATION_CONTEXT(2) 
PARAMETRIC_REPRESENTATION_CONTEXT() REPRESENTATION_CONTEXT('2D SPACE',''
  ) );
#11059 = PCURVE('',#10875,#11060);
#11060 = DEFINITIONAL_REPRESENTATION('',(#11061),#11082);
#11061 = B_SPLINE_CURVE_WITH_KNOTS('',7,(#11062,#11063,#11064,#11065,
    #11066,#11067,#11068,#11069,#11070,#11071,#11072,#11073,#11074,
    #11075,#11076,#11077,#11078,#11079,#11080,#11081),.UNSPECIFIED.,.F.,
  .F.,(8,6,6,8),(0.,0.279390349523,0.536601806693,1.),.UNSPECIFIED.);
#11062 = CARTESIAN_POINT('',(1.393825E+03,0.388668831169));
#11063 = CARTESIAN_POINT('',(1.393041096269E+03,0.373430214824));
#11064 = CARTESIAN_POINT('',(1.392220559456E+03,0.358191917795));
#11065 = CARTESIAN_POINT('',(1.391360312478E+03,0.342953980016));
#11066 = CARTESIAN_POINT('',(1.390456841361E+03,0.327716455264));
#11067 = CARTESIAN_POINT('',(1.389506109335E+03,0.312479412022));
#11068 = CARTESIAN_POINT('',(1.38850340032E+03,0.297242935064));
#11069 = CARTESIAN_POINT('',(1.386466954081E+03,0.267980787149));
#11070 = CARTESIAN_POINT('',(1.385441997587E+03,0.253955023035));
#11071 = CARTESIAN_POINT('',(1.384363837312E+03,0.239929910853));
#11072 = CARTESIAN_POINT('',(1.38322742067E+03,0.225905555521));
#11073 = CARTESIAN_POINT('',(1.382026891961E+03,0.211882093306));
#11074 = CARTESIAN_POINT('',(1.380755329801E+03,0.19785969545));
#11075 = CARTESIAN_POINT('',(1.376970413348E+03,0.158577791564));
#11076 = CARTESIAN_POINT('',(1.374278794221E+03,0.133321880157));
#11077 = CARTESIAN_POINT('',(1.371280236117E+03,0.10807085571));
#11078 = CARTESIAN_POINT('',(1.367910989123E+03,8.282662710725E-02));
#11079 = CARTESIAN_POINT('',(1.364080897045E+03,5.759311278251E-02));
#11080 = CARTESIAN_POINT('',(1.359667705809E+03,3.237626056159E-02));
#11081 = CARTESIAN_POINT('',(1.354451188528E+03,7.185973097792E-03));
#11082 = ( GEOMETRIC_REPRESENTATION_CONTEXT(2) 
PARAMETRIC_REPRESENTATION_CONTEXT() REPRESENTATION_CONTEXT('2D SPACE',''
  ) );
#11083 = ORIENTED_EDGE('',*,*,#11084,.F.);
#11084 = EDGE_CURVE('',#11085,#11011,#11087,.T.);
#11085 = VERTEX_POINT('',#11086);
#11086 = CARTESIAN_POINT('',(-7.998471545455E+03,496.29125974025,
    2.3418165E+03));
#11087 = SURFACE_CURVE('',#11088,(#11091,#11097),.PCURVE_S1.);
#11088 = B_SPLINE_CURVE_WITH_KNOTS('',1,(#11089,#11090),.UNSPECIFIED.,
  .F.,.F.,(2,2),(0.,1.),.PIECEWISE_BEZIER_KNOTS.);
#11089 = CARTESIAN_POINT('',(-7.998471545454E+03,496.29125974024,
    2.3418165E+03));
#11090 = CARTESIAN_POINT('',(-7.998471545455E+03,-496.2912597402,
    2.3418165E+03));
#11091 = PCURVE('',#10770,#11092);
#11092 = DEFINITIONAL_REPRESENTATION('',(#11093),#11096);
#11093 = B_SPLINE_CURVE_WITH_KNOTS('',1,(#11094,#11095),.UNSPECIFIED.,
  .F.,.F.,(2,2),(0.,1.),.PIECEWISE_BEZIER_KNOTS.);
#11094 = CARTESIAN_POINT('',(682.11626703159,0.387045454545));
#11095 = CARTESIAN_POINT('',(-682.1162670315,0.387045454545));
#11096 = ( GEOMETRIC_REPRESENTATION_CONTEXT(2) 
PARAMETRIC_REPRESENTATION_CONTEXT() REPRESENTATION_CONTEXT('2D SPACE',''
  ) );
#11097 = PCURVE('',#11098,#11103);
#11098 = B_SPLINE_SURFACE_WITH_KNOTS('',1,1,(
    (#11099,#11100)
    ,(#11101,#11102
    )),.UNSPECIFIED.,.F.,.F.,.F.,(2,2),(2,2),(-682.625,682.625),(0.,1.),
  .PIECEWISE_BEZIER_KNOTS.);
#11099 = CARTESIAN_POINT('',(-7.4576E+03,-377.825,3.101975E+03));
#11100 = CARTESIAN_POINT('',(-8.8492E+03,-682.625,1.146175E+03));
#11101 = CARTESIAN_POINT('',(-7.4576E+03,377.825,3.101975E+03));
#11102 = CARTESIAN_POINT('',(-8.8492E+03,682.625,1.146175E+03));
#11103 = DEFINITIONAL_REPRESENTATION('',(#11104),#11107);
#11104 = B_SPLINE_CURVE_WITH_KNOTS('',1,(#11105,#11106),.UNSPECIFIED.,
  .F.,.F.,(2,2),(0.,1.),.PIECEWISE_BEZIER_KNOTS.);
#11105 = CARTESIAN_POINT('',(682.625,0.388668831169));
#11106 = CARTESIAN_POINT('',(-682.625,0.388668831169));
#11107 = ( GEOMETRIC_REPRESENTATION_CONTEXT(2) 
PARAMETRIC_REPRESENTATION_CONTEXT() REPRESENTATION_CONTEXT('2D SPACE',''
  ) );
#11108 = ORIENTED_EDGE('',*,*,#11109,.F.);
#11109 = EDGE_CURVE('',#10912,#11085,#11110,.T.);
#11110 = SURFACE_CURVE('',#11111,(#11132,#11156),.PCURVE_S1.);
#11111 = B_SPLINE_CURVE_WITH_KNOTS('',7,(#11112,#11113,#11114,#11115,
    #11116,#11117,#11118,#11119,#11120,#11121,#11122,#11123,#11124,
    #11125,#11126,#11127,#11128,#11129,#11130,#11131),.UNSPECIFIED.,.F.,
  .F.,(8,6,6,8),(0.,0.447432611715,0.724271031243,1.),.UNSPECIFIED.);
#11112 = CARTESIAN_POINT('',(-7.4676E+03,380.01528456453,3.0988E+03));
#11113 = CARTESIAN_POINT('',(-7.501446294184E+03,387.42858613622,
    3.050537691627E+03));
#11114 = CARTESIAN_POINT('',(-7.535327821226E+03,394.84960470596,
    3.002225143808E+03));
#11115 = CARTESIAN_POINT('',(-7.569231374954E+03,402.27544775085,
    2.953881187561E+03));
#11116 = CARTESIAN_POINT('',(-7.603148832556E+03,409.70433612835,
    2.905517405437E+03));
#11117 = CARTESIAN_POINT('',(-7.637075154861E+03,417.13516614367,
    2.857140982879E+03));
#11118 = CARTESIAN_POINT('',(-7.671008234323E+03,424.56747615809,
    2.808754925132E+03));
#11119 = CARTESIAN_POINT('',(-7.725949287038E+03,436.60113013013,
    2.730413053668E+03));
#11120 = CARTESIAN_POINT('',(-7.746951598775E+03,441.20123405181,
    2.700465312858E+03));
#11121 = CARTESIAN_POINT('',(-7.767955692274E+03,445.80172823019,
    2.670515031387E+03));
#11122 = CARTESIAN_POINT('',(-7.788961258104E+03,450.40254489077,
    2.640562650482E+03));
#11123 = CARTESIAN_POINT('',(-7.809968054273E+03,455.00363103071,
    2.610608515204E+03));
#11124 = CARTESIAN_POINT('',(-7.83097589867E+03,459.60494676236,
    2.58065288523E+03));
#11125 = CARTESIAN_POINT('',(-7.872909238028E+03,468.78954135586,
    2.520859049479E+03));
#11126 = CARTESIAN_POINT('',(-7.893834708784E+03,473.3728149161,
    2.491020878216E+03));
#11127 = CARTESIAN_POINT('',(-7.914760941026E+03,477.95625526354,
    2.461181621129E+03));
#11128 = CARTESIAN_POINT('',(-7.935687822347E+03,482.53983777774,
    2.431341438505E+03));
#11129 = CARTESIAN_POINT('',(-7.956615261679E+03,487.12354251211,
    2.401500460198E+03));
#11130 = CARTESIAN_POINT('',(-7.977543187251E+03,491.70735374677,
    2.37165878855E+03));
#11131 = CARTESIAN_POINT('',(-7.998471545455E+03,496.29125974025,
    2.3418165E+03));
#11132 = PCURVE('',#10770,#11133);
#11133 = DEFINITIONAL_REPRESENTATION('',(#11134),#11155);
#11134 = B_SPLINE_CURVE_WITH_KNOTS('',7,(#11135,#11136,#11137,#11138,
    #11139,#11140,#11141,#11142,#11143,#11144,#11145,#11146,#11147,
    #11148,#11149,#11150,#11151,#11152,#11153,#11154),.UNSPECIFIED.,.F.,
  .F.,(8,6,6,8),(0.,0.447432611715,0.724271031243,1.),.UNSPECIFIED.);
#11135 = CARTESIAN_POINT('',(684.02751221615,0.));
#11136 = CARTESIAN_POINT('',(683.86792841448,2.467650494565E-02));
#11137 = CARTESIAN_POINT('',(683.71552937606,4.937869731063E-02));
#11138 = CARTESIAN_POINT('',(683.56979537678,7.409694876622E-02));
#11139 = CARTESIAN_POINT('',(683.43024434608,9.882533726834E-02));
#11140 = CARTESIAN_POINT('',(683.29643939446,0.123560188712));
#11141 = CARTESIAN_POINT('',(683.16798156675,0.148299966699));
#11142 = CARTESIAN_POINT('',(682.96810718246,0.188356143947));
#11143 = CARTESIAN_POINT('',(682.89361915813,0.203668415555));
#11144 = CARTESIAN_POINT('',(682.82095663838,0.218981986202));
#11145 = CARTESIAN_POINT('',(682.75004102592,0.234296630288));
#11146 = CARTESIAN_POINT('',(682.68079902323,0.249612171386));
#11147 = CARTESIAN_POINT('',(682.61316208203,0.26492847672));
#11148 = CARTESIAN_POINT('',(682.48123469532,0.295501048431));
#11149 = CARTESIAN_POINT('',(682.41693197714,0.310757297159));
#11150 = CARTESIAN_POINT('',(682.3540943392,0.326014101069));
#11151 = CARTESIAN_POINT('',(682.29266263947,0.341271378206));
#11152 = CARTESIAN_POINT('',(682.2325815751,0.356529062175));
#11153 = CARTESIAN_POINT('',(682.17379928578,0.371787100649));
#11154 = CARTESIAN_POINT('',(682.11626703159,0.387045454545));
#11155 = ( GEOMETRIC_REPRESENTATION_CONTEXT(2) 
PARAMETRIC_REPRESENTATION_CONTEXT() REPRESENTATION_CONTEXT('2D SPACE',''
  ) );
#11156 = PCURVE('',#10925,#11157);
#11157 = DEFINITIONAL_REPRESENTATION('',(#11158),#11179);
#11158 = B_SPLINE_CURVE_WITH_KNOTS('',7,(#11159,#11160,#11161,#11162,
    #11163,#11164,#11165,#11166,#11167,#11168,#11169,#11170,#11171,
    #11172,#11173,#11174,#11175,#11176,#11177,#11178),.UNSPECIFIED.,.F.,
  .F.,(8,6,6,8),(0.,0.447432611715,0.724271031243,1.),.UNSPECIFIED.);
#11159 = CARTESIAN_POINT('',(-1.354451188526E+03,7.185973083789E-03));
#11160 = CARTESIAN_POINT('',(-1.359487866753E+03,3.150782610047E-02));
#11161 = CARTESIAN_POINT('',(-1.363775762917E+03,5.585500922174E-02));
#11162 = CARTESIAN_POINT('',(-1.367512968658E+03,8.021799668151E-02));
#11163 = CARTESIAN_POINT('',(-1.370812418092E+03,0.104591002211));
#11164 = CARTESIAN_POINT('',(-1.373757620739E+03,0.128970360052));
#11165 = CARTESIAN_POINT('',(-1.376408229304E+03,0.153354580612));
#11166 = CARTESIAN_POINT('',(-1.380297106139E+03,0.192835072605));
#11167 = CARTESIAN_POINT('',(-1.38168847904E+03,0.207927277073));
#11168 = CARTESIAN_POINT('',(-1.382995688105E+03,0.22302076191));
#11169 = CARTESIAN_POINT('',(-1.384227585609E+03,0.23811530476));
#11170 = CARTESIAN_POINT('',(-1.385391558435E+03,0.253210731728));
#11171 = CARTESIAN_POINT('',(-1.386493916916E+03,0.26830691195));
#11172 = CARTESIAN_POINT('',(-1.38858205161E+03,0.298440096312));
#11173 = CARTESIAN_POINT('',(-1.389568279143E+03,0.313477083058));
#11174 = CARTESIAN_POINT('',(-1.390504121897E+03,0.328514617006));
#11175 = CARTESIAN_POINT('',(-1.391394087671E+03,0.343552617381));
#11176 = CARTESIAN_POINT('',(-1.392242043591E+03,0.35859101874));
#11177 = CARTESIAN_POINT('',(-1.393051361738E+03,0.37362976951));
#11178 = CARTESIAN_POINT('',(-1.393825E+03,0.388668831169));
#11179 = ( GEOMETRIC_REPRESENTATION_CONTEXT(2) 
PARAMETRIC_REPRESENTATION_CONTEXT() REPRESENTATION_CONTEXT('2D SPACE',''
  ) );
#11180 = ORIENTED_EDGE('',*,*,#10936,.T.);
#11181 = ORIENTED_EDGE('',*,*,#11182,.T.);
#11182 = EDGE_CURVE('',#10937,#11183,#11185,.T.);
#11183 = VERTEX_POINT('',#11184);
#11184 = CARTESIAN_POINT('',(-8.8392E+03,685.8,1.143E+03));
#11185 = SURFACE_CURVE('',#11186,(#11189,#11196),.PCURVE_S1.);
#11186 = B_SPLINE_CURVE_WITH_KNOTS('',1,(#11187,#11188),.UNSPECIFIED.,
  .F.,.F.,(2,2),(0.,1.),.PIECEWISE_BEZIER_KNOTS.);
#11187 = CARTESIAN_POINT('',(-7.4676E+03,381.,3.0988E+03));
#11188 = CARTESIAN_POINT('',(-8.8392E+03,685.8,1.143E+03));
#11189 = PCURVE('',#10770,#11190);
#11190 = DEFINITIONAL_REPRESENTATION('',(#11191),#11195);
#11191 = LINE('',#11192,#11193);
#11192 = CARTESIAN_POINT('',(685.8,0.));
#11193 = VECTOR('',#11194,1.);
#11194 = DIRECTION('',(0.,1.));
#11195 = ( GEOMETRIC_REPRESENTATION_CONTEXT(2) 
PARAMETRIC_REPRESENTATION_CONTEXT() REPRESENTATION_CONTEXT('2D SPACE',''
  ) );
#11196 = PCURVE('',#10974,#11197);
#11197 = DEFINITIONAL_REPRESENTATION('',(#11198),#11202);
#11198 = LINE('',#11199,#11200);
#11199 = CARTESIAN_POINT('',(-1.397E+03,0.));
#11200 = VECTOR('',#11201,1.);
#11201 = DIRECTION('',(0.,1.));
#11202 = ( GEOMETRIC_REPRESENTATION_CONTEXT(2) 
PARAMETRIC_REPRESENTATION_CONTEXT() REPRESENTATION_CONTEXT('2D SPACE',''
  ) );
#11203 = ORIENTED_EDGE('',*,*,#11204,.F.);
#11204 = EDGE_CURVE('',#10756,#11183,#11205,.T.);
#11205 = SURFACE_CURVE('',#11206,(#11210,#11217),.PCURVE_S1.);
#11206 = LINE('',#11207,#11208);
#11207 = CARTESIAN_POINT('',(-8.8392E+03,0.,1.143E+03));
#11208 = VECTOR('',#11209,1.);
#11209 = DIRECTION('',(0.,1.,0.));
#11210 = PCURVE('',#10770,#11211);
#11211 = DEFINITIONAL_REPRESENTATION('',(#11212),#11216);
#11212 = LINE('',#11213,#11214);
#11213 = CARTESIAN_POINT('',(0.,1.));
#11214 = VECTOR('',#11215,1.);
#11215 = DIRECTION('',(1.,0.));
#11216 = ( GEOMETRIC_REPRESENTATION_CONTEXT(2) 
PARAMETRIC_REPRESENTATION_CONTEXT() REPRESENTATION_CONTEXT('2D SPACE',''
  ) );
#11217 = PCURVE('',#10798,#11218);
#11218 = DEFINITIONAL_REPRESENTATION('',(#11219),#11223);
#11219 = LINE('',#11220,#11221);
#11220 = CARTESIAN_POINT('',(302.21367414051,-615.6204473232));
#11221 = VECTOR('',#11222,1.);
#11222 = DIRECTION('',(0.440673190639,-0.897667610562));
#11223 = ( GEOMETRIC_REPRESENTATION_CONTEXT(2) 
PARAMETRIC_REPRESENTATION_CONTEXT() REPRESENTATION_CONTEXT('2D SPACE',''
  ) );
#11224 = ADVANCED_FACE('',(#11225,#11273),#10798,.F.);
#11225 = FACE_BOUND('',#11226,.F.);
#11226 = EDGE_LOOP('',(#11227,#11228,#11229,#11252));
#11227 = ORIENTED_EDGE('',*,*,#10782,.F.);
#11228 = ORIENTED_EDGE('',*,*,#11204,.T.);
#11229 = ORIENTED_EDGE('',*,*,#11230,.T.);
#11230 = EDGE_CURVE('',#11183,#11231,#11233,.T.);
#11231 = VERTEX_POINT('',#11232);
#11232 = CARTESIAN_POINT('',(-8.8392E+03,685.8,3.937E+03));
#11233 = SURFACE_CURVE('',#11234,(#11238,#11245),.PCURVE_S1.);
#11234 = LINE('',#11235,#11236);
#11235 = CARTESIAN_POINT('',(-8.8392E+03,685.8,2.54E+03));
#11236 = VECTOR('',#11237,1.);
#11237 = DIRECTION('',(0.,0.,1.));
#11238 = PCURVE('',#10798,#11239);
#11239 = DEFINITIONAL_REPRESENTATION('',(#11240),#11244);
#11240 = LINE('',#11241,#11242);
#11241 = CARTESIAN_POINT('',(1.858469000236E+03,-615.6204473232));
#11242 = VECTOR('',#11243,1.);
#11243 = DIRECTION('',(0.897667610562,0.440673190639));
#11244 = ( GEOMETRIC_REPRESENTATION_CONTEXT(2) 
PARAMETRIC_REPRESENTATION_CONTEXT() REPRESENTATION_CONTEXT('2D SPACE',''
  ) );
#11245 = PCURVE('',#10974,#11246);
#11246 = DEFINITIONAL_REPRESENTATION('',(#11247),#11251);
#11247 = LINE('',#11248,#11249);
#11248 = CARTESIAN_POINT('',(0.,1.));
#11249 = VECTOR('',#11250,1.);
#11250 = DIRECTION('',(1.,0.));
#11251 = ( GEOMETRIC_REPRESENTATION_CONTEXT(2) 
PARAMETRIC_REPRESENTATION_CONTEXT() REPRESENTATION_CONTEXT('2D SPACE',''
  ) );
#11252 = ORIENTED_EDGE('',*,*,#11253,.F.);
#11253 = EDGE_CURVE('',#10783,#11231,#11254,.T.);
#11254 = SURFACE_CURVE('',#11255,(#11259,#11266),.PCURVE_S1.);
#11255 = LINE('',#11256,#11257);
#11256 = CARTESIAN_POINT('',(-8.8392E+03,0.,3.937E+03));
#11257 = VECTOR('',#11258,1.);
#11258 = DIRECTION('',(0.,1.,0.));
#11259 = PCURVE('',#10798,#11260);
#11260 = DEFINITIONAL_REPRESENTATION('',(#11261),#11265);
#11261 = LINE('',#11262,#11263);
#11262 = CARTESIAN_POINT('',(2.81029697805E+03,615.62044732326));
#11263 = VECTOR('',#11264,1.);
#11264 = DIRECTION('',(0.440673190639,-0.897667610562));
#11265 = ( GEOMETRIC_REPRESENTATION_CONTEXT(2) 
PARAMETRIC_REPRESENTATION_CONTEXT() REPRESENTATION_CONTEXT('2D SPACE',''
  ) );
#11266 = PCURVE('',#10823,#11267);
#11267 = DEFINITIONAL_REPRESENTATION('',(#11268),#11272);
#11268 = LINE('',#11269,#11270);
#11269 = CARTESIAN_POINT('',(0.,1.));
#11270 = VECTOR('',#11271,1.);
#11271 = DIRECTION('',(-1.,0.));
#11272 = ( GEOMETRIC_REPRESENTATION_CONTEXT(2) 
PARAMETRIC_REPRESENTATION_CONTEXT() REPRESENTATION_CONTEXT('2D SPACE',''
  ) );
#11273 = FACE_BOUND('',#11274,.F.);
#11274 = EDGE_LOOP('',(#11275,#11297,#11317,#11337));
#11275 = ORIENTED_EDGE('',*,*,#11276,.T.);
#11276 = EDGE_CURVE('',#11277,#11279,#11281,.T.);
#11277 = VERTEX_POINT('',#11278);
#11278 = CARTESIAN_POINT('',(-8.8392E+03,680.43471543547,
    1.160229325956E+03));
#11279 = VERTEX_POINT('',#11280);
#11280 = CARTESIAN_POINT('',(-8.8392E+03,-680.4347154354,
    1.160229325956E+03));
#11281 = SURFACE_CURVE('',#11282,(#11285,#11291),.PCURVE_S1.);
#11282 = B_SPLINE_CURVE_WITH_KNOTS('',1,(#11283,#11284),.UNSPECIFIED.,
  .F.,.F.,(2,2),(0.,1.),.PIECEWISE_BEZIER_KNOTS.);
#11283 = CARTESIAN_POINT('',(-8.8392E+03,680.43471543547,
    1.160229325956E+03));
#11284 = CARTESIAN_POINT('',(-8.8392E+03,-680.4347154354,
    1.160229325956E+03));
#11285 = PCURVE('',#10798,#11286);
#11286 = DEFINITIONAL_REPRESENTATION('',(#11287),#11290);
#11287 = B_SPLINE_CURVE_WITH_KNOTS('',1,(#11288,#11289),.UNSPECIFIED.,
  .F.,.F.,(2,2),(0.,1.),.PIECEWISE_BEZIER_KNOTS.);
#11288 = CARTESIAN_POINT('',(617.52921907555,-1.21883215043E+03));
#11289 = CARTESIAN_POINT('',(17.830544930014,2.776259866454));
#11290 = ( GEOMETRIC_REPRESENTATION_CONTEXT(2) 
PARAMETRIC_REPRESENTATION_CONTEXT() REPRESENTATION_CONTEXT('2D SPACE',''
  ) );
#11291 = PCURVE('',#11098,#11292);
#11292 = DEFINITIONAL_REPRESENTATION('',(#11293),#11296);
#11293 = B_SPLINE_CURVE_WITH_KNOTS('',1,(#11294,#11295),.UNSPECIFIED.,
  .F.,.F.,(2,2),(0.,1.),.PIECEWISE_BEZIER_KNOTS.);
#11294 = CARTESIAN_POINT('',(682.625,0.992814027019));
#11295 = CARTESIAN_POINT('',(-682.625,0.992814027019));
#11296 = ( GEOMETRIC_REPRESENTATION_CONTEXT(2) 
PARAMETRIC_REPRESENTATION_CONTEXT() REPRESENTATION_CONTEXT('2D SPACE',''
  ) );
#11297 = ORIENTED_EDGE('',*,*,#11298,.T.);
#11298 = EDGE_CURVE('',#11279,#11299,#11301,.T.);
#11299 = VERTEX_POINT('',#11300);
#11300 = CARTESIAN_POINT('',(-8.8392E+03,-680.4347154354,
    3.933277428859E+03));
#11301 = SURFACE_CURVE('',#11302,(#11305,#11311),.PCURVE_S1.);
#11302 = B_SPLINE_CURVE_WITH_KNOTS('',1,(#11303,#11304),.UNSPECIFIED.,
  .F.,.F.,(2,2),(0.,1.),.PIECEWISE_BEZIER_KNOTS.);
#11303 = CARTESIAN_POINT('',(-8.8392E+03,-680.4347154354,
    1.160229325956E+03));
#11304 = CARTESIAN_POINT('',(-8.8392E+03,-680.4347154354,
    3.933277428859E+03));
#11305 = PCURVE('',#10798,#11306);
#11306 = DEFINITIONAL_REPRESENTATION('',(#11307),#11310);
#11307 = B_SPLINE_CURVE_WITH_KNOTS('',1,(#11308,#11309),.UNSPECIFIED.,
  .F.,.F.,(2,2),(0.,1.),.PIECEWISE_BEZIER_KNOTS.);
#11308 = CARTESIAN_POINT('',(17.830544930014,2.776259866454));
#11309 = CARTESIAN_POINT('',(2.507106009436E+03,1.224784215169E+03));
#11310 = ( GEOMETRIC_REPRESENTATION_CONTEXT(2) 
PARAMETRIC_REPRESENTATION_CONTEXT() REPRESENTATION_CONTEXT('2D SPACE',''
  ) );
#11311 = PCURVE('',#10875,#11312);
#11312 = DEFINITIONAL_REPRESENTATION('',(#11313),#11316);
#11313 = B_SPLINE_CURVE_WITH_KNOTS('',1,(#11314,#11315),.UNSPECIFIED.,
  .F.,.F.,(2,2),(0.,1.),.PIECEWISE_BEZIER_KNOTS.);
#11314 = CARTESIAN_POINT('',(1.393825E+03,0.992814027019));
#11315 = CARTESIAN_POINT('',(-1.393825E+03,0.992814027019));
#11316 = ( GEOMETRIC_REPRESENTATION_CONTEXT(2) 
PARAMETRIC_REPRESENTATION_CONTEXT() REPRESENTATION_CONTEXT('2D SPACE',''
  ) );
#11317 = ORIENTED_EDGE('',*,*,#11318,.T.);
#11318 = EDGE_CURVE('',#11299,#11319,#11321,.T.);
#11319 = VERTEX_POINT('',#11320);
#11320 = CARTESIAN_POINT('',(-8.8392E+03,680.43471543547,
    3.933277428859E+03));
#11321 = SURFACE_CURVE('',#11322,(#11325,#11331),.PCURVE_S1.);
#11322 = B_SPLINE_CURVE_WITH_KNOTS('',1,(#11323,#11324),.UNSPECIFIED.,
  .F.,.F.,(2,2),(0.,1.),.PIECEWISE_BEZIER_KNOTS.);
#11323 = CARTESIAN_POINT('',(-8.8392E+03,-680.4347154354,
    3.933277428859E+03));
#11324 = CARTESIAN_POINT('',(-8.8392E+03,680.43471543547,
    3.933277428859E+03));
#11325 = PCURVE('',#10798,#11326);
#11326 = DEFINITIONAL_REPRESENTATION('',(#11327),#11330);
#11327 = B_SPLINE_CURVE_WITH_KNOTS('',1,(#11328,#11329),.UNSPECIFIED.,
  .F.,.F.,(2,2),(0.,1.),.PIECEWISE_BEZIER_KNOTS.);
#11328 = CARTESIAN_POINT('',(2.507106009436E+03,1.224784215169E+03));
#11329 = CARTESIAN_POINT('',(3.106804683581E+03,3.17580487288));
#11330 = ( GEOMETRIC_REPRESENTATION_CONTEXT(2) 
PARAMETRIC_REPRESENTATION_CONTEXT() REPRESENTATION_CONTEXT('2D SPACE',''
  ) );
#11331 = PCURVE('',#10900,#11332);
#11332 = DEFINITIONAL_REPRESENTATION('',(#11333),#11336);
#11333 = B_SPLINE_CURVE_WITH_KNOTS('',1,(#11334,#11335),.UNSPECIFIED.,
  .F.,.F.,(2,2),(0.,1.),.PIECEWISE_BEZIER_KNOTS.);
#11334 = CARTESIAN_POINT('',(682.625,0.992814027019));
#11335 = CARTESIAN_POINT('',(-682.625,0.992814027019));
#11336 = ( GEOMETRIC_REPRESENTATION_CONTEXT(2) 
PARAMETRIC_REPRESENTATION_CONTEXT() REPRESENTATION_CONTEXT('2D SPACE',''
  ) );
#11337 = ORIENTED_EDGE('',*,*,#11338,.T.);
#11338 = EDGE_CURVE('',#11319,#11277,#11339,.T.);
#11339 = SURFACE_CURVE('',#11340,(#11343,#11349),.PCURVE_S1.);
#11340 = B_SPLINE_CURVE_WITH_KNOTS('',1,(#11341,#11342),.UNSPECIFIED.,
  .F.,.F.,(2,2),(0.,1.),.PIECEWISE_BEZIER_KNOTS.);
#11341 = CARTESIAN_POINT('',(-8.8392E+03,680.43471543547,
    3.933277428859E+03));
#11342 = CARTESIAN_POINT('',(-8.8392E+03,680.43471543547,
    1.160229325956E+03));
#11343 = PCURVE('',#10798,#11344);
#11344 = DEFINITIONAL_REPRESENTATION('',(#11345),#11348);
#11345 = B_SPLINE_CURVE_WITH_KNOTS('',1,(#11346,#11347),.UNSPECIFIED.,
  .F.,.F.,(2,2),(0.,1.),.PIECEWISE_BEZIER_KNOTS.);
#11346 = CARTESIAN_POINT('',(3.106804683581E+03,3.17580487288));
#11347 = CARTESIAN_POINT('',(617.52921907555,-1.21883215043E+03));
#11348 = ( GEOMETRIC_REPRESENTATION_CONTEXT(2) 
PARAMETRIC_REPRESENTATION_CONTEXT() REPRESENTATION_CONTEXT('2D SPACE',''
  ) );
#11349 = PCURVE('',#10925,#11350);
#11350 = DEFINITIONAL_REPRESENTATION('',(#11351),#11354);
#11351 = B_SPLINE_CURVE_WITH_KNOTS('',1,(#11352,#11353),.UNSPECIFIED.,
  .F.,.F.,(2,2),(0.,1.),.PIECEWISE_BEZIER_KNOTS.);
#11352 = CARTESIAN_POINT('',(1.393825E+03,0.992814027019));
#11353 = CARTESIAN_POINT('',(-1.393825E+03,0.992814027019));
#11354 = ( GEOMETRIC_REPRESENTATION_CONTEXT(2) 
PARAMETRIC_REPRESENTATION_CONTEXT() REPRESENTATION_CONTEXT('2D SPACE',''
  ) );
#11355 = ADVANCED_FACE('',(#11356),#10823,.F.);
#11356 = FACE_BOUND('',#11357,.F.);
#11357 = EDGE_LOOP('',(#11358,#11359,#11360,#11361));
#11358 = ORIENTED_EDGE('',*,*,#10985,.F.);
#11359 = ORIENTED_EDGE('',*,*,#10810,.T.);
#11360 = ORIENTED_EDGE('',*,*,#11253,.T.);
#11361 = ORIENTED_EDGE('',*,*,#11362,.F.);
#11362 = EDGE_CURVE('',#10959,#11231,#11363,.T.);
#11363 = SURFACE_CURVE('',#11364,(#11367,#11374),.PCURVE_S1.);
#11364 = B_SPLINE_CURVE_WITH_KNOTS('',1,(#11365,#11366),.UNSPECIFIED.,
  .F.,.F.,(2,2),(0.,1.),.PIECEWISE_BEZIER_KNOTS.);
#11365 = CARTESIAN_POINT('',(-7.4676E+03,381.,3.8608E+03));
#11366 = CARTESIAN_POINT('',(-8.8392E+03,685.8,3.937E+03));
#11367 = PCURVE('',#10823,#11368);
#11368 = DEFINITIONAL_REPRESENTATION('',(#11369),#11373);
#11369 = LINE('',#11370,#11371);
#11370 = CARTESIAN_POINT('',(-685.8,0.));
#11371 = VECTOR('',#11372,1.);
#11372 = DIRECTION('',(0.,1.));
#11373 = ( GEOMETRIC_REPRESENTATION_CONTEXT(2) 
PARAMETRIC_REPRESENTATION_CONTEXT() REPRESENTATION_CONTEXT('2D SPACE',''
  ) );
#11374 = PCURVE('',#10974,#11375);
#11375 = DEFINITIONAL_REPRESENTATION('',(#11376),#11380);
#11376 = LINE('',#11377,#11378);
#11377 = CARTESIAN_POINT('',(1.397E+03,0.));
#11378 = VECTOR('',#11379,1.);
#11379 = DIRECTION('',(0.,1.));
#11380 = ( GEOMETRIC_REPRESENTATION_CONTEXT(2) 
PARAMETRIC_REPRESENTATION_CONTEXT() REPRESENTATION_CONTEXT('2D SPACE',''
  ) );
#11381 = ADVANCED_FACE('',(#11382),#10974,.F.);
#11382 = FACE_BOUND('',#11383,.F.);
#11383 = EDGE_LOOP('',(#11384,#11385,#11386,#11387));
#11384 = ORIENTED_EDGE('',*,*,#10958,.T.);
#11385 = ORIENTED_EDGE('',*,*,#11362,.T.);
#11386 = ORIENTED_EDGE('',*,*,#11230,.F.);
#11387 = ORIENTED_EDGE('',*,*,#11182,.F.);
#11388 = ADVANCED_FACE('',(#11389),#10925,.T.);
#11389 = FACE_BOUND('',#11390,.T.);
#11390 = EDGE_LOOP('',(#11391,#11411,#11412,#11413,#11433));
#11391 = ORIENTED_EDGE('',*,*,#11392,.F.);
#11392 = EDGE_CURVE('',#11085,#11277,#11393,.T.);
#11393 = SURFACE_CURVE('',#11394,(#11397,#11404),.PCURVE_S1.);
#11394 = B_SPLINE_CURVE_WITH_KNOTS('',1,(#11395,#11396),.UNSPECIFIED.,
  .F.,.F.,(2,2),(0.,1.),.PIECEWISE_BEZIER_KNOTS.);
#11395 = CARTESIAN_POINT('',(-7.4576E+03,377.825,3.101975E+03));
#11396 = CARTESIAN_POINT('',(-8.8492E+03,682.625,1.146175E+03));
#11397 = PCURVE('',#10925,#11398);
#11398 = DEFINITIONAL_REPRESENTATION('',(#11399),#11403);
#11399 = LINE('',#11400,#11401);
#11400 = CARTESIAN_POINT('',(-1.393825E+03,0.));
#11401 = VECTOR('',#11402,1.);
#11402 = DIRECTION('',(0.,1.));
#11403 = ( GEOMETRIC_REPRESENTATION_CONTEXT(2) 
PARAMETRIC_REPRESENTATION_CONTEXT() REPRESENTATION_CONTEXT('2D SPACE',''
  ) );
#11404 = PCURVE('',#11098,#11405);
#11405 = DEFINITIONAL_REPRESENTATION('',(#11406),#11410);
#11406 = LINE('',#11407,#11408);
#11407 = CARTESIAN_POINT('',(682.625,0.));
#11408 = VECTOR('',#11409,1.);
#11409 = DIRECTION('',(0.,1.));
#11410 = ( GEOMETRIC_REPRESENTATION_CONTEXT(2) 
PARAMETRIC_REPRESENTATION_CONTEXT() REPRESENTATION_CONTEXT('2D SPACE',''
  ) );
#11411 = ORIENTED_EDGE('',*,*,#11109,.F.);
#11412 = ORIENTED_EDGE('',*,*,#10911,.F.);
#11413 = ORIENTED_EDGE('',*,*,#11414,.T.);
#11414 = EDGE_CURVE('',#10887,#11319,#11415,.T.);
#11415 = SURFACE_CURVE('',#11416,(#11419,#11426),.PCURVE_S1.);
#11416 = B_SPLINE_CURVE_WITH_KNOTS('',1,(#11417,#11418),.UNSPECIFIED.,
  .F.,.F.,(2,2),(0.,1.),.PIECEWISE_BEZIER_KNOTS.);
#11417 = CARTESIAN_POINT('',(-7.4576E+03,377.825,3.857625E+03));
#11418 = CARTESIAN_POINT('',(-8.8492E+03,682.625,3.933825E+03));
#11419 = PCURVE('',#10925,#11420);
#11420 = DEFINITIONAL_REPRESENTATION('',(#11421),#11425);
#11421 = LINE('',#11422,#11423);
#11422 = CARTESIAN_POINT('',(1.393825E+03,0.));
#11423 = VECTOR('',#11424,1.);
#11424 = DIRECTION('',(0.,1.));
#11425 = ( GEOMETRIC_REPRESENTATION_CONTEXT(2) 
PARAMETRIC_REPRESENTATION_CONTEXT() REPRESENTATION_CONTEXT('2D SPACE',''
  ) );
#11426 = PCURVE('',#10900,#11427);
#11427 = DEFINITIONAL_REPRESENTATION('',(#11428),#11432);
#11428 = LINE('',#11429,#11430);
#11429 = CARTESIAN_POINT('',(-682.625,0.));
#11430 = VECTOR('',#11431,1.);
#11431 = DIRECTION('',(0.,1.));
#11432 = ( GEOMETRIC_REPRESENTATION_CONTEXT(2) 
PARAMETRIC_REPRESENTATION_CONTEXT() REPRESENTATION_CONTEXT('2D SPACE',''
  ) );
#11433 = ORIENTED_EDGE('',*,*,#11338,.T.);
#11434 = ADVANCED_FACE('',(#11435),#10900,.T.);
#11435 = FACE_BOUND('',#11436,.T.);
#11436 = EDGE_LOOP('',(#11437,#11438,#11458,#11459));
#11437 = ORIENTED_EDGE('',*,*,#10886,.F.);
#11438 = ORIENTED_EDGE('',*,*,#11439,.T.);
#11439 = EDGE_CURVE('',#10862,#11299,#11440,.T.);
#11440 = SURFACE_CURVE('',#11441,(#11444,#11451),.PCURVE_S1.);
#11441 = B_SPLINE_CURVE_WITH_KNOTS('',1,(#11442,#11443),.UNSPECIFIED.,
  .F.,.F.,(2,2),(0.,1.),.PIECEWISE_BEZIER_KNOTS.);
#11442 = CARTESIAN_POINT('',(-7.4576E+03,-377.825,3.857625E+03));
#11443 = CARTESIAN_POINT('',(-8.8492E+03,-682.625,3.933825E+03));
#11444 = PCURVE('',#10900,#11445);
#11445 = DEFINITIONAL_REPRESENTATION('',(#11446),#11450);
#11446 = LINE('',#11447,#11448);
#11447 = CARTESIAN_POINT('',(682.625,0.));
#11448 = VECTOR('',#11449,1.);
#11449 = DIRECTION('',(0.,1.));
#11450 = ( GEOMETRIC_REPRESENTATION_CONTEXT(2) 
PARAMETRIC_REPRESENTATION_CONTEXT() REPRESENTATION_CONTEXT('2D SPACE',''
  ) );
#11451 = PCURVE('',#10875,#11452);
#11452 = DEFINITIONAL_REPRESENTATION('',(#11453),#11457);
#11453 = LINE('',#11454,#11455);
#11454 = CARTESIAN_POINT('',(-1.393825E+03,0.));
#11455 = VECTOR('',#11456,1.);
#11456 = DIRECTION('',(0.,1.));
#11457 = ( GEOMETRIC_REPRESENTATION_CONTEXT(2) 
PARAMETRIC_REPRESENTATION_CONTEXT() REPRESENTATION_CONTEXT('2D SPACE',''
  ) );
#11458 = ORIENTED_EDGE('',*,*,#11318,.T.);
#11459 = ORIENTED_EDGE('',*,*,#11414,.F.);
#11460 = ADVANCED_FACE('',(#11461),#10875,.T.);
#11461 = FACE_BOUND('',#11462,.T.);
#11462 = EDGE_LOOP('',(#11463,#11464,#11484,#11485,#11486));
#11463 = ORIENTED_EDGE('',*,*,#11010,.F.);
#11464 = ORIENTED_EDGE('',*,*,#11465,.T.);
#11465 = EDGE_CURVE('',#11011,#11279,#11466,.T.);
#11466 = SURFACE_CURVE('',#11467,(#11470,#11477),.PCURVE_S1.);
#11467 = B_SPLINE_CURVE_WITH_KNOTS('',1,(#11468,#11469),.UNSPECIFIED.,
  .F.,.F.,(2,2),(0.,1.),.PIECEWISE_BEZIER_KNOTS.);
#11468 = CARTESIAN_POINT('',(-7.4576E+03,-377.825,3.101975E+03));
#11469 = CARTESIAN_POINT('',(-8.8492E+03,-682.625,1.146175E+03));
#11470 = PCURVE('',#10875,#11471);
#11471 = DEFINITIONAL_REPRESENTATION('',(#11472),#11476);
#11472 = LINE('',#11473,#11474);
#11473 = CARTESIAN_POINT('',(1.393825E+03,0.));
#11474 = VECTOR('',#11475,1.);
#11475 = DIRECTION('',(0.,1.));
#11476 = ( GEOMETRIC_REPRESENTATION_CONTEXT(2) 
PARAMETRIC_REPRESENTATION_CONTEXT() REPRESENTATION_CONTEXT('2D SPACE',''
  ) );
#11477 = PCURVE('',#11098,#11478);
#11478 = DEFINITIONAL_REPRESENTATION('',(#11479),#11483);
#11479 = LINE('',#11480,#11481);
#11480 = CARTESIAN_POINT('',(-682.625,0.));
#11481 = VECTOR('',#11482,1.);
#11482 = DIRECTION('',(0.,1.));
#11483 = ( GEOMETRIC_REPRESENTATION_CONTEXT(2) 
PARAMETRIC_REPRESENTATION_CONTEXT() REPRESENTATION_CONTEXT('2D SPACE',''
  ) );
#11484 = ORIENTED_EDGE('',*,*,#11298,.T.);
#11485 = ORIENTED_EDGE('',*,*,#11439,.F.);
#11486 = ORIENTED_EDGE('',*,*,#10861,.F.);
#11487 = ADVANCED_FACE('',(#11488),#11098,.T.);
#11488 = FACE_BOUND('',#11489,.T.);
#11489 = EDGE_LOOP('',(#11490,#11491,#11492,#11493));
#11490 = ORIENTED_EDGE('',*,*,#11465,.F.);
#11491 = ORIENTED_EDGE('',*,*,#11084,.F.);
#11492 = ORIENTED_EDGE('',*,*,#11392,.T.);
#11493 = ORIENTED_EDGE('',*,*,#11276,.T.);
#11494 = ( GEOMETRIC_REPRESENTATION_CONTEXT(3) 
GLOBAL_UNCERTAINTY_ASSIGNED_CONTEXT((#11498)) 
GLOBAL_UNIT_ASSIGNED_CONTEXT((#11495,#11496,#11497)) 
REPRESENTATION_CONTEXT('Context #1',
  '3D Context with UNIT and UNCERTAINTY') );
#11495 = ( LENGTH_UNIT() NAMED_UNIT(*) SI_UNIT(.MILLI.,.METRE.) );
#11496 = ( NAMED_UNIT(*) PLANE_ANGLE_UNIT() SI_UNIT($,.RADIAN.) );
#11497 = ( NAMED_UNIT(*) SI_UNIT($,.STERADIAN.) SOLID_ANGLE_UNIT() );
#11498 = UNCERTAINTY_MEASURE_WITH_UNIT(LENGTH_MEASURE(2.E-06),#11495,
  'distance_accuracy_value','confusion accuracy');
#11499 = CONTEXT_DEPENDENT_SHAPE_REPRESENTATION(#11500,#11502);
#11500 = ( REPRESENTATION_RELATIONSHIP('','',#10714,#10) 
REPRESENTATION_RELATIONSHIP_WITH_TRANSFORMATION(#11501) 
SHAPE_REPRESENTATION_RELATIONSHIP() );
#11501 = ITEM_DEFINED_TRANSFORMATION('','',#11,#143);
#11502 = PRODUCT_DEFINITION_SHAPE('Placement','Placement of an item',
  #11503);
#11503 = NEXT_ASSEMBLY_USAGE_OCCURRENCE('33','hopper','',#5,#10709,$);
#11504 = PRODUCT_RELATED_PRODUCT_CATEGORY('part',$,(#10711));

#11505=DESCRIPTIVE_REPRESENTATION_ITEM('cadpy:generator','cadpy');
#11506=REPRESENTATION('cadpy:generator',(#11505),#147);
#11507=PROPERTY_DEFINITION('cadpy metadata','cadpy:generator',#5);
#11508=PROPERTY_DEFINITION_REPRESENTATION(#11507,#11506);
#11509=DESCRIPTIVE_REPRESENTATION_ITEM('cadpy:entryKind','assembly');
#11510=REPRESENTATION('cadpy:entryKind',(#11509),#147);
#11511=PROPERTY_DEFINITION('cadpy metadata','cadpy:entryKind',#5);
#11512=PROPERTY_DEFINITION_REPRESENTATION(#11511,#11510);
#11513=DESCRIPTIVE_REPRESENTATION_ITEM('cadpy:sourcePath','tr5000_1.py');
#11514=REPRESENTATION('cadpy:sourcePath',(#11513),#147);
#11515=PROPERTY_DEFINITION('cadpy metadata','cadpy:sourcePath',#5);
#11516=PROPERTY_DEFINITION_REPRESENTATION(#11515,#11514);
#11517=DESCRIPTIVE_REPRESENTATION_ITEM('cadpy:sourceHash','addc44e27eeb8cf8b10341198ebe11f4eff10f4c0f198817ba13ccc30954119d');
#11518=REPRESENTATION('cadpy:sourceHash',(#11517),#147);
#11519=PROPERTY_DEFINITION('cadpy metadata','cadpy:sourceHash',#5);
#11520=PROPERTY_DEFINITION_REPRESENTATION(#11519,#11518);
ENDSEC;
END-ISO-10303-21;
